family,scope,fold,model,subject_id,y_true,y_pred,score,true_group,pred_group
feature_classical,left,Fold_1,random_forest,GaCo14,0,1,0.5075,Control,Patient
feature_classical,left,Fold_1,random_forest,GaCo15,0,0,0.2025,Control,Control
feature_classical,left,Fold_1,random_forest,GaCo16,0,0,0.4125,Control,Control
feature_classical,left,Fold_1,random_forest,JuCo06,0,0,0.3775,Control,Control
feature_classical,left,Fold_1,random_forest,JuCo09,0,0,0.1675,Control,Control
feature_classical,left,Fold_1,random_forest,JuCo25,0,0,0.04,Control,Control
feature_classical,left,Fold_1,random_forest,JuPt04,1,1,0.94,Patient,Patient
feature_classical,left,Fold_1,random_forest,JuPt17,1,1,0.7425,Patient,Patient
feature_classical,left,Fold_1,random_forest,JuPt18,1,1,0.97,Patient,Patient
feature_classical,left,Fold_1,random_forest,JuPt26,1,1,0.5875,Patient,Patient
feature_classical,left,Fold_1,random_forest,JuPt27,1,1,0.6125,Patient,Patient
feature_classical,left,Fold_1,random_forest,SiCo12,0,0,0.14,Control,Control
feature_classical,left,Fold_1,random_forest,SiCo16,0,0,0.27,Control,Control
feature_classical,left,Fold_1,random_forest,SiCo28,0,0,0.4,Control,Control
feature_classical,left,Fold_1,random_forest,SiCo30,0,0,0.0225,Control,Control
feature_classical,left,Fold_1,random_forest,SiPt12,1,1,0.9175,Patient,Patient
feature_classical,left,Fold_1,random_forest,SiPt21,1,0,0.225,Patient,Control
feature_classical,left,Fold_1,random_forest,SiPt28,1,1,0.725,Patient,Patient
feature_classical,left,Fold_1,random_forest,SiPt31,1,1,0.8725,Patient,Patient
feature_classical,left,Fold_1,random_forest,SiPt32,1,0,0.3125,Patient,Control
feature_classical,left,Fold_1,linear_svm,GaCo14,0,0,-0.2695813706840249,Control,Control
feature_classical,left,Fold_1,linear_svm,GaCo15,0,0,-1.3816123374276277,Control,Control
feature_classical,left,Fold_1,linear_svm,GaCo16,0,0,-0.9535905856848498,Control,Control
feature_classical,left,Fold_1,linear_svm,JuCo06,0,1,0.0249587751573103,Control,Patient
feature_classical,left,Fold_1,linear_svm,JuCo09,0,0,-2.0566975705344124,Control,Control
feature_classical,left,Fold_1,linear_svm,JuCo25,0,0,-4.291837739232253,Control,Control
feature_classical,left,Fold_1,linear_svm,JuPt04,1,1,3.8885706041040735,Patient,Patient
feature_classical,left,Fold_1,linear_svm,JuPt17,1,1,1.903951805701813,Patient,Patient
feature_classical,left,Fold_1,linear_svm,JuPt18,1,1,3.99540525236942,Patient,Patient
feature_classical,left,Fold_1,linear_svm,JuPt26,1,0,-0.0697714328559702,Patient,Control
feature_classical,left,Fold_1,linear_svm,JuPt27,1,0,-0.149493590088558,Patient,Control
feature_classical,left,Fold_1,linear_svm,SiCo12,0,0,-1.862973708897212,Control,Control
feature_classical,left,Fold_1,linear_svm,SiCo16,0,0,-0.4318839852798234,Control,Control
feature_classical,left,Fold_1,linear_svm,SiCo28,0,1,0.0604798000482708,Control,Patient
feature_classical,left,Fold_1,linear_svm,SiCo30,0,0,-3.953685124476163,Control,Control
feature_classical,left,Fold_1,linear_svm,SiPt12,1,1,2.0874686114160816,Patient,Patient
feature_classical,left,Fold_1,linear_svm,SiPt21,1,0,-1.1381949648418632,Patient,Control
feature_classical,left,Fold_1,linear_svm,SiPt28,1,1,0.830472091536534,Patient,Patient
feature_classical,left,Fold_1,linear_svm,SiPt31,1,1,3.491139400805516,Patient,Patient
feature_classical,left,Fold_1,linear_svm,SiPt32,1,0,-0.807825891824818,Patient,Control
feature_classical,left,Fold_1,svm_rbf,GaCo14,0,0,-0.2140311352779915,Control,Control
feature_classical,left,Fold_1,svm_rbf,GaCo15,0,0,-1.2364180673849825,Control,Control
feature_classical,left,Fold_1,svm_rbf,GaCo16,0,0,-0.7038732959855847,Control,Control
feature_classical,left,Fold_1,svm_rbf,JuCo06,0,0,-0.1125690739642828,Control,Control
feature_classical,left,Fold_1,svm_rbf,JuCo09,0,0,-0.6727666077539739,Control,Control
feature_classical,left,Fold_1,svm_rbf,JuCo25,0,0,-1.9546020770075412,Control,Control
feature_classical,left,Fold_1,svm_rbf,JuPt04,1,1,0.507276762236472,Patient,Patient
feature_classical,left,Fold_1,svm_rbf,JuPt17,1,1,1.628893270799229,Patient,Patient
feature_classical,left,Fold_1,svm_rbf,JuPt18,1,1,2.071946120077277,Patient,Patient
feature_classical,left,Fold_1,svm_rbf,JuPt26,1,0,-0.124270577083558,Patient,Control
feature_classical,left,Fold_1,svm_rbf,JuPt27,1,0,-0.1339960202067856,Patient,Control
feature_classical,left,Fold_1,svm_rbf,SiCo12,0,0,-0.6694807721045202,Control,Control
feature_classical,left,Fold_1,svm_rbf,SiCo16,0,0,-0.2451146360886946,Control,Control
feature_classical,left,Fold_1,svm_rbf,SiCo28,0,1,0.1276535171925054,Control,Patient
feature_classical,left,Fold_1,svm_rbf,SiCo30,0,0,-1.439762680017839,Control,Control
feature_classical,left,Fold_1,svm_rbf,SiPt12,1,1,1.7087574821844802,Patient,Patient
feature_classical,left,Fold_1,svm_rbf,SiPt21,1,0,-0.4695891390239682,Patient,Control
feature_classical,left,Fold_1,svm_rbf,SiPt28,1,1,0.6135700341867021,Patient,Patient
feature_classical,left,Fold_1,svm_rbf,SiPt31,1,1,1.746542901846058,Patient,Patient
feature_classical,left,Fold_1,svm_rbf,SiPt32,1,0,-0.3382007469454539,Patient,Control
feature_classical_tsfresh,left,Fold_1,random_forest_fresh,GaCo14,0,0,0.4975,Control,Control
feature_classical_tsfresh,left,Fold_1,random_forest_fresh,GaCo15,0,0,0.245,Control,Control
feature_classical_tsfresh,left,Fold_1,random_forest_fresh,GaCo16,0,0,0.335,Control,Control
feature_classical_tsfresh,left,Fold_1,random_forest_fresh,JuCo06,0,0,0.2825,Control,Control
feature_classical_tsfresh,left,Fold_1,random_forest_fresh,JuCo09,0,0,0.1325,Control,Control
feature_classical_tsfresh,left,Fold_1,random_forest_fresh,JuCo25,0,0,0.0225,Control,Control
feature_classical_tsfresh,left,Fold_1,random_forest_fresh,JuPt04,1,1,0.98,Patient,Patient
feature_classical_tsfresh,left,Fold_1,random_forest_fresh,JuPt17,1,1,0.72,Patient,Patient
feature_classical_tsfresh,left,Fold_1,random_forest_fresh,JuPt18,1,1,0.97,Patient,Patient
feature_classical_tsfresh,left,Fold_1,random_forest_fresh,JuPt26,1,1,0.5275,Patient,Patient
feature_classical_tsfresh,left,Fold_1,random_forest_fresh,JuPt27,1,1,0.6475,Patient,Patient
feature_classical_tsfresh,left,Fold_1,random_forest_fresh,SiCo12,0,0,0.1075,Control,Control
feature_classical_tsfresh,left,Fold_1,random_forest_fresh,SiCo16,0,0,0.17,Control,Control
feature_classical_tsfresh,left,Fold_1,random_forest_fresh,SiCo28,0,0,0.275,Control,Control
feature_classical_tsfresh,left,Fold_1,random_forest_fresh,SiCo30,0,0,0.045,Control,Control
feature_classical_tsfresh,left,Fold_1,random_forest_fresh,SiPt12,1,1,0.95,Patient,Patient
feature_classical_tsfresh,left,Fold_1,random_forest_fresh,SiPt21,1,0,0.2325,Patient,Control
feature_classical_tsfresh,left,Fold_1,random_forest_fresh,SiPt28,1,1,0.765,Patient,Patient
feature_classical_tsfresh,left,Fold_1,random_forest_fresh,SiPt31,1,1,0.92,Patient,Patient
feature_classical_tsfresh,left,Fold_1,random_forest_fresh,SiPt32,1,0,0.2875,Patient,Control
feature_classical_tsfresh,left,Fold_1,linear_svm_fresh,GaCo14,0,0,-0.3579518042759677,Control,Control
feature_classical_tsfresh,left,Fold_1,linear_svm_fresh,GaCo15,0,0,-1.532468965323444,Control,Control
feature_classical_tsfresh,left,Fold_1,linear_svm_fresh,GaCo16,0,0,-0.8858423531195303,Control,Control
feature_classical_tsfresh,left,Fold_1,linear_svm_fresh,JuCo06,0,1,0.0174097426788603,Control,Patient
feature_classical_tsfresh,left,Fold_1,linear_svm_fresh,JuCo09,0,0,-2.344973977508982,Control,Control
feature_classical_tsfresh,left,Fold_1,linear_svm_fresh,JuCo25,0,0,-5.188708315796925,Control,Control
feature_classical_tsfresh,left,Fold_1,linear_svm_fresh,JuPt04,1,1,4.624977276391729,Patient,Patient
feature_classical_tsfresh,left,Fold_1,linear_svm_fresh,JuPt17,1,1,1.7870446330137009,Patient,Patient
feature_classical_tsfresh,left,Fold_1,linear_svm_fresh,JuPt18,1,1,4.053295175274545,Patient,Patient
feature_classical_tsfresh,left,Fold_1,linear_svm_fresh,JuPt26,1,0,-0.3509373078196836,Patient,Control
feature_classical_tsfresh,left,Fold_1,linear_svm_fresh,JuPt27,1,0,-0.0233494281467609,Patient,Control
feature_classical_tsfresh,left,Fold_1,linear_svm_fresh,SiCo12,0,0,-1.900378245865142,Control,Control
feature_classical_tsfresh,left,Fold_1,linear_svm_fresh,SiCo16,0,0,-0.5538831323229346,Control,Control
feature_classical_tsfresh,left,Fold_1,linear_svm_fresh,SiCo28,0,0,-0.0273841919819388,Control,Control
feature_classical_tsfresh,left,Fold_1,linear_svm_fresh,SiCo30,0,0,-3.995053782315225,Control,Control
feature_classical_tsfresh,left,Fold_1,linear_svm_fresh,SiPt12,1,1,1.6832668734916385,Patient,Patient
feature_classical_tsfresh,left,Fold_1,linear_svm_fresh,SiPt21,1,0,-1.2562265828289387,Patient,Control
feature_classical_tsfresh,left,Fold_1,linear_svm_fresh,SiPt28,1,1,0.9861528141405772,Patient,Patient
feature_classical_tsfresh,left,Fold_1,linear_svm_fresh,SiPt31,1,1,3.5131755048845665,Patient,Patient
feature_classical_tsfresh,left,Fold_1,linear_svm_fresh,SiPt32,1,0,-1.0572398545798545,Patient,Control
feature_classical_tsfresh,left,Fold_1,svm_rbf_fresh,GaCo14,0,1,0.3392706759518495,Control,Patient
feature_classical_tsfresh,left,Fold_1,svm_rbf_fresh,GaCo15,0,0,-1.7367227244784178,Control,Control
feature_classical_tsfresh,left,Fold_1,svm_rbf_fresh,GaCo16,0,0,-0.4797347204254123,Control,Control
feature_classical_tsfresh,left,Fold_1,svm_rbf_fresh,JuCo06,0,0,-0.3811686182947711,Control,Control
feature_classical_tsfresh,left,Fold_1,svm_rbf_fresh,JuCo09,0,0,-1.728846324228983,Control,Control
feature_classical_tsfresh,left,Fold_1,svm_rbf_fresh,JuCo25,0,0,-4.003769285532019,Control,Control
feature_classical_tsfresh,left,Fold_1,svm_rbf_fresh,JuPt04,1,1,0.791581681453234,Patient,Patient
feature_classical_tsfresh,left,Fold_1,svm_rbf_fresh,JuPt17,1,1,1.4266142351003226,Patient,Patient
feature_classical_tsfresh,left,Fold_1,svm_rbf_fresh,JuPt18,1,1,2.831809217162263,Patient,Patient
feature_classical_tsfresh,left,Fold_1,svm_rbf_fresh,JuPt26,1,1,0.2236271304465057,Patient,Patient
feature_classical_tsfresh,left,Fold_1,svm_rbf_fresh,JuPt27,1,0,-0.2041886470506841,Patient,Control
feature_classical_tsfresh,left,Fold_1,svm_rbf_fresh,SiCo12,0,0,-1.5749043038538728,Control,Control
feature_classical_tsfresh,left,Fold_1,svm_rbf_fresh,SiCo16,0,0,-1.3151086577223072,Control,Control
feature_classical_tsfresh,left,Fold_1,svm_rbf_fresh,SiCo28,0,0,-0.5474967919752849,Control,Control
feature_classical_tsfresh,left,Fold_1,svm_rbf_fresh,SiCo30,0,0,-3.0136119699189177,Control,Control
feature_classical_tsfresh,left,Fold_1,svm_rbf_fresh,SiPt12,1,1,1.881317645351816,Patient,Patient
feature_classical_tsfresh,left,Fold_1,svm_rbf_fresh,SiPt21,1,0,-1.5033373318980252,Patient,Control
feature_classical_tsfresh,left,Fold_1,svm_rbf_fresh,SiPt28,1,1,0.1136320468033239,Patient,Patient
feature_classical_tsfresh,left,Fold_1,svm_rbf_fresh,SiPt31,1,1,2.3330004000679225,Patient,Patient
feature_classical_tsfresh,left,Fold_1,svm_rbf_fresh,SiPt32,1,0,-0.7016008388531009,Patient,Control
feature_classical,right,Fold_1,random_forest,GaCo14,0,0,0.4378839285714285,Control,Control
feature_classical,right,Fold_1,random_forest,GaCo15,0,0,0.2055426587301587,Control,Control
feature_classical,right,Fold_1,random_forest,GaCo16,0,0,0.3684844877344876,Control,Control
feature_classical,right,Fold_1,random_forest,JuCo06,0,0,0.343688492063492,Control,Control
feature_classical,right,Fold_1,random_forest,JuCo09,0,0,0.1719732142857142,Control,Control
feature_classical,right,Fold_1,random_forest,JuCo25,0,0,0.0242380952380952,Control,Control
feature_classical,right,Fold_1,random_forest,JuPt04,1,1,0.9692023809523808,Patient,Patient
feature_classical,right,Fold_1,random_forest,JuPt17,1,1,0.7100119047619049,Patient,Patient
feature_classical,right,Fold_1,random_forest,JuPt18,1,1,0.972279761904762,Patient,Patient
feature_classical,right,Fold_1,random_forest,JuPt26,1,1,0.6686626984126982,Patient,Patient
feature_classical,right,Fold_1,random_forest,JuPt27,1,1,0.5921577380952382,Patient,Patient
feature_classical,right,Fold_1,random_forest,SiCo12,0,0,0.1692142857142857,Control,Control
feature_classical,right,Fold_1,random_forest,SiCo16,0,0,0.2820142496392495,Control,Control
feature_classical,right,Fold_1,random_forest,SiCo28,0,0,0.3579146825396824,Control,Control
feature_classical,right,Fold_1,random_forest,SiCo30,0,0,0.0267291666666666,Control,Control
feature_classical,right,Fold_1,random_forest,SiPt12,1,1,0.9871369047619046,Patient,Patient
feature_classical,right,Fold_1,random_forest,SiPt21,1,0,0.1758105158730158,Patient,Control
feature_classical,right,Fold_1,random_forest,SiPt28,1,1,0.815359126984127,Patient,Patient
feature_classical,right,Fold_1,random_forest,SiPt31,1,1,0.886690476190476,Patient,Patient
feature_classical,right,Fold_1,random_forest,SiPt32,1,0,0.2586977813852814,Patient,Control
feature_classical,right,Fold_1,linear_svm,GaCo14,0,0,-0.4388326906167864,Control,Control
feature_classical,right,Fold_1,linear_svm,GaCo15,0,0,-1.5546264351076138,Control,Control
feature_classical,right,Fold_1,linear_svm,GaCo16,0,0,-0.9588279343675826,Control,Control
feature_classical,right,Fold_1,linear_svm,JuCo06,0,0,-0.0435581293414948,Control,Control
feature_classical,right,Fold_1,linear_svm,JuCo09,0,0,-2.2619110302341605,Control,Control
feature_classical,right,Fold_1,linear_svm,JuCo25,0,0,-4.6694884992742365,Control,Control
feature_classical,right,Fold_1,linear_svm,JuPt04,1,1,3.926536019807562,Patient,Patient
feature_classical,right,Fold_1,linear_svm,JuPt17,1,1,1.933304024712765,Patient,Patient
feature_classical,right,Fold_1,linear_svm,JuPt18,1,1,4.3042103138066565,Patient,Patient
feature_classical,right,Fold_1,linear_svm,JuPt26,1,0,-0.109124281440443,Patient,Control
feature_classical,right,Fold_1,linear_svm,JuPt27,1,0,-0.2966813594259234,Patient,Control
feature_classical,right,Fold_1,linear_svm,SiCo12,0,0,-1.8870588202285237,Control,Control
feature_classical,right,Fold_1,linear_svm,SiCo16,0,0,-0.3542445287045446,Control,Control
feature_classical,right,Fold_1,linear_svm,SiCo28,0,1,0.1753468448799134,Control,Patient
feature_classical,right,Fold_1,linear_svm,SiCo30,0,0,-4.044212629064891,Control,Control
feature_classical,right,Fold_1,linear_svm,SiPt12,1,1,2.2202889353913364,Patient,Patient
feature_classical,right,Fold_1,linear_svm,SiPt21,1,0,-1.749824531588268,Patient,Control
feature_classical,right,Fold_1,linear_svm,SiPt28,1,1,0.6778250506222133,Patient,Patient
feature_classical,right,Fold_1,linear_svm,SiPt31,1,1,3.9327529972622783,Patient,Patient
feature_classical,right,Fold_1,linear_svm,SiPt32,1,0,-1.0230406235946712,Patient,Control
feature_classical,right,Fold_1,svm_rbf,GaCo14,0,0,-0.3401599411062285,Control,Control
feature_classical,right,Fold_1,svm_rbf,GaCo15,0,0,-1.349170099939363,Control,Control
feature_classical,right,Fold_1,svm_rbf,GaCo16,0,0,-0.6927477997686284,Control,Control
feature_classical,right,Fold_1,svm_rbf,JuCo06,0,0,-0.181742023318397,Control,Control
feature_classical,right,Fold_1,svm_rbf,JuCo09,0,0,-0.7098702693861274,Control,Control
feature_classical,right,Fold_1,svm_rbf,JuCo25,0,0,-2.0179488730366706,Control,Control
feature_classical,right,Fold_1,svm_rbf,JuPt04,1,1,0.5455326960954608,Patient,Patient
feature_classical,right,Fold_1,svm_rbf,JuPt17,1,1,1.596158067944234,Patient,Patient
feature_classical,right,Fold_1,svm_rbf,JuPt18,1,1,2.158948037204776,Patient,Patient
feature_classical,right,Fold_1,svm_rbf,JuPt26,1,0,-0.118330463282898,Patient,Control
feature_classical,right,Fold_1,svm_rbf,JuPt27,1,0,-0.3118137512366157,Patient,Control
feature_classical,right,Fold_1,svm_rbf,SiCo12,0,0,-0.672479214829818,Control,Control
feature_classical,right,Fold_1,svm_rbf,SiCo16,0,0,-0.1808254635940223,Control,Control
feature_classical,right,Fold_1,svm_rbf,SiCo28,0,1,0.1985698388651909,Control,Patient
feature_classical,right,Fold_1,svm_rbf,SiCo30,0,0,-1.4887696051457286,Control,Control
feature_classical,right,Fold_1,svm_rbf,SiPt12,1,1,1.759406946338492,Patient,Patient
feature_classical,right,Fold_1,svm_rbf,SiPt21,1,0,-0.8365739102106184,Patient,Control
feature_classical,right,Fold_1,svm_rbf,SiPt28,1,1,0.5865566343195259,Patient,Patient
feature_classical,right,Fold_1,svm_rbf,SiPt31,1,1,1.9347456825826832,Patient,Patient
feature_classical,right,Fold_1,svm_rbf,SiPt32,1,0,-0.4019670152215277,Patient,Control
feature_classical_tsfresh,right,Fold_1,random_forest_fresh,GaCo14,0,0,0.47,Control,Control
feature_classical_tsfresh,right,Fold_1,random_forest_fresh,GaCo15,0,0,0.2275,Control,Control
feature_classical_tsfresh,right,Fold_1,random_forest_fresh,GaCo16,0,0,0.3575,Control,Control
feature_classical_tsfresh,right,Fold_1,random_forest_fresh,JuCo06,0,0,0.33,Control,Control
feature_classical_tsfresh,right,Fold_1,random_forest_fresh,JuCo09,0,0,0.105,Control,Control
feature_classical_tsfresh,right,Fold_1,random_forest_fresh,JuCo25,0,0,0.0175,Control,Control
feature_classical_tsfresh,right,Fold_1,random_forest_fresh,JuPt04,1,1,0.98,Patient,Patient
feature_classical_tsfresh,right,Fold_1,random_forest_fresh,JuPt17,1,1,0.745,Patient,Patient
feature_classical_tsfresh,right,Fold_1,random_forest_fresh,JuPt18,1,1,0.9825,Patient,Patient
feature_classical_tsfresh,right,Fold_1,random_forest_fresh,JuPt26,1,1,0.605,Patient,Patient
feature_classical_tsfresh,right,Fold_1,random_forest_fresh,JuPt27,1,1,0.6225,Patient,Patient
feature_classical_tsfresh,right,Fold_1,random_forest_fresh,SiCo12,0,0,0.1325,Control,Control
feature_classical_tsfresh,right,Fold_1,random_forest_fresh,SiCo16,0,0,0.2025,Control,Control
feature_classical_tsfresh,right,Fold_1,random_forest_fresh,SiCo28,0,0,0.355,Control,Control
feature_classical_tsfresh,right,Fold_1,random_forest_fresh,SiCo30,0,0,0.0325,Control,Control
feature_classical_tsfresh,right,Fold_1,random_forest_fresh,SiPt12,1,1,0.9425,Patient,Patient
feature_classical_tsfresh,right,Fold_1,random_forest_fresh,SiPt21,1,0,0.15,Patient,Control
feature_classical_tsfresh,right,Fold_1,random_forest_fresh,SiPt28,1,1,0.745,Patient,Patient
feature_classical_tsfresh,right,Fold_1,random_forest_fresh,SiPt31,1,1,0.9275,Patient,Patient
feature_classical_tsfresh,right,Fold_1,random_forest_fresh,SiPt32,1,0,0.2725,Patient,Control
feature_classical_tsfresh,right,Fold_1,linear_svm_fresh,GaCo14,0,0,-0.378857197762064,Control,Control
feature_classical_tsfresh,right,Fold_1,linear_svm_fresh,GaCo15,0,0,-1.782835560650054,Control,Control
feature_classical_tsfresh,right,Fold_1,linear_svm_fresh,GaCo16,0,0,-0.888779402906616,Control,Control
feature_classical_tsfresh,right,Fold_1,linear_svm_fresh,JuCo06,0,1,0.0598579167049541,Control,Patient
feature_classical_tsfresh,right,Fold_1,linear_svm_fresh,JuCo09,0,0,-2.5222240821830626,Control,Control
feature_classical_tsfresh,right,Fold_1,linear_svm_fresh,JuCo25,0,0,-5.746633476751307,Control,Control
feature_classical_tsfresh,right,Fold_1,linear_svm_fresh,JuPt04,1,1,4.6937229723951,Patient,Patient
feature_classical_tsfresh,right,Fold_1,linear_svm_fresh,JuPt17,1,1,2.020957956077406,Patient,Patient
feature_classical_tsfresh,right,Fold_1,linear_svm_fresh,JuPt18,1,1,4.405497733484961,Patient,Patient
feature_classical_tsfresh,right,Fold_1,linear_svm_fresh,JuPt26,1,0,-0.4631291329812349,Patient,Control
feature_classical_tsfresh,right,Fold_1,linear_svm_fresh,JuPt27,1,0,-0.4274953324682112,Patient,Control
feature_classical_tsfresh,right,Fold_1,linear_svm_fresh,SiCo12,0,0,-2.169259443652028,Control,Control
feature_classical_tsfresh,right,Fold_1,linear_svm_fresh,SiCo16,0,0,-0.5807592190539859,Control,Control
feature_classical_tsfresh,right,Fold_1,linear_svm_fresh,SiCo28,0,1,0.0133886198342429,Control,Patient
feature_classical_tsfresh,right,Fold_1,linear_svm_fresh,SiCo30,0,0,-4.411934879263656,Control,Control
feature_classical_tsfresh,right,Fold_1,linear_svm_fresh,SiPt12,1,1,1.8471208665238137,Patient,Patient
feature_classical_tsfresh,right,Fold_1,linear_svm_fresh,SiPt21,1,0,-1.7229567960170118,Patient,Control
feature_classical_tsfresh,right,Fold_1,linear_svm_fresh,SiPt28,1,1,0.9638576135595874,Patient,Patient
feature_classical_tsfresh,right,Fold_1,linear_svm_fresh,SiPt31,1,1,4.132633798119306,Patient,Patient
feature_classical_tsfresh,right,Fold_1,linear_svm_fresh,SiPt32,1,0,-1.1644636308427103,Patient,Control
feature_classical_tsfresh,right,Fold_1,svm_rbf_fresh,GaCo14,0,0,-0.2379140314719963,Control,Control
feature_classical_tsfresh,right,Fold_1,svm_rbf_fresh,GaCo15,0,0,-1.462951646937162,Control,Control
feature_classical_tsfresh,right,Fold_1,svm_rbf_fresh,GaCo16,0,0,-0.6533061111718999,Control,Control
feature_classical_tsfresh,right,Fold_1,svm_rbf_fresh,JuCo06,0,0,-0.1330989060952176,Control,Control
feature_classical_tsfresh,right,Fold_1,svm_rbf_fresh,JuCo09,0,0,-0.551886205906621,Control,Control
feature_classical_tsfresh,right,Fold_1,svm_rbf_fresh,JuCo25,0,0,-2.056718877281837,Control,Control
feature_classical_tsfresh,right,Fold_1,svm_rbf_fresh,JuPt04,1,1,0.740838762963675,Patient,Patient
feature_classical_tsfresh,right,Fold_1,svm_rbf_fresh,JuPt17,1,1,1.579609462115586,Patient,Patient
feature_classical_tsfresh,right,Fold_1,svm_rbf_fresh,JuPt18,1,1,2.389747993967571,Patient,Patient
feature_classical_tsfresh,right,Fold_1,svm_rbf_fresh,JuPt26,1,0,-0.383644611053666,Patient,Control
feature_classical_tsfresh,right,Fold_1,svm_rbf_fresh,JuPt27,1,0,-0.2662511496317517,Patient,Control
feature_classical_tsfresh,right,Fold_1,svm_rbf_fresh,SiCo12,0,0,-0.606638891526682,Control,Control
feature_classical_tsfresh,right,Fold_1,svm_rbf_fresh,SiCo16,0,0,-0.2483441813103301,Control,Control
feature_classical_tsfresh,right,Fold_1,svm_rbf_fresh,SiCo28,0,1,0.1912959417436667,Control,Patient
feature_classical_tsfresh,right,Fold_1,svm_rbf_fresh,SiCo30,0,0,-1.5225188844728448,Control,Control
feature_classical_tsfresh,right,Fold_1,svm_rbf_fresh,SiPt12,1,1,1.5360610836856308,Patient,Patient
feature_classical_tsfresh,right,Fold_1,svm_rbf_fresh,SiPt21,1,0,-0.6478927370391199,Patient,Control
feature_classical_tsfresh,right,Fold_1,svm_rbf_fresh,SiPt28,1,1,0.8165927594880393,Patient,Patient
feature_classical_tsfresh,right,Fold_1,svm_rbf_fresh,SiPt31,1,1,2.0876342615275867,Patient,Patient
feature_classical_tsfresh,right,Fold_1,svm_rbf_fresh,SiPt32,1,0,-0.5674449338198153,Patient,Control
feature_classical,combined,Fold_1,random_forest,GaCo14,0,0,0.4525,Control,Control
feature_classical,combined,Fold_1,random_forest,GaCo15,0,0,0.2475,Control,Control
feature_classical,combined,Fold_1,random_forest,GaCo16,0,0,0.3625,Control,Control
feature_classical,combined,Fold_1,random_forest,JuCo06,0,0,0.31,Control,Control
feature_classical,combined,Fold_1,random_forest,JuCo09,0,0,0.125,Control,Control
feature_classical,combined,Fold_1,random_forest,JuCo25,0,0,0.0175,Control,Control
feature_classical,combined,Fold_1,random_forest,JuPt04,1,1,0.985,Patient,Patient
feature_classical,combined,Fold_1,random_forest,JuPt17,1,1,0.7325,Patient,Patient
feature_classical,combined,Fold_1,random_forest,JuPt18,1,1,0.99,Patient,Patient
feature_classical,combined,Fold_1,random_forest,JuPt26,1,1,0.57,Patient,Patient
feature_classical,combined,Fold_1,random_forest,JuPt27,1,1,0.6425,Patient,Patient
feature_classical,combined,Fold_1,random_forest,SiCo12,0,0,0.115,Control,Control
feature_classical,combined,Fold_1,random_forest,SiCo16,0,0,0.2775,Control,Control
feature_classical,combined,Fold_1,random_forest,SiCo28,0,0,0.38,Control,Control
feature_classical,combined,Fold_1,random_forest,SiCo30,0,0,0.0375,Control,Control
feature_classical,combined,Fold_1,random_forest,SiPt12,1,1,0.9925,Patient,Patient
feature_classical,combined,Fold_1,random_forest,SiPt21,1,0,0.195,Patient,Control
feature_classical,combined,Fold_1,random_forest,SiPt28,1,1,0.7925,Patient,Patient
feature_classical,combined,Fold_1,random_forest,SiPt31,1,1,0.9425,Patient,Patient
feature_classical,combined,Fold_1,random_forest,SiPt32,1,0,0.27,Patient,Control
feature_classical,combined,Fold_1,linear_svm,GaCo14,0,0,-0.3436780418841927,Control,Control
feature_classical,combined,Fold_1,linear_svm,GaCo15,0,0,-1.531442962423026,Control,Control
feature_classical,combined,Fold_1,linear_svm,GaCo16,0,0,-0.2656978306582512,Control,Control
feature_classical,combined,Fold_1,linear_svm,JuCo06,0,0,-0.3883777657512946,Control,Control
feature_classical,combined,Fold_1,linear_svm,JuCo09,0,0,-3.0345982826446107,Control,Control
feature_classical,combined,Fold_1,linear_svm,JuCo25,0,0,-3.5143842415126905,Control,Control
feature_classical,combined,Fold_1,linear_svm,JuPt04,1,1,2.655286150630805,Patient,Patient
feature_classical,combined,Fold_1,linear_svm,JuPt17,1,1,0.471498954603658,Patient,Patient
feature_classical,combined,Fold_1,linear_svm,JuPt18,1,1,3.849330507940048,Patient,Patient
feature_classical,combined,Fold_1,linear_svm,JuPt26,1,1,0.4000946328656273,Patient,Patient
feature_classical,combined,Fold_1,linear_svm,JuPt27,1,1,0.3384535675943527,Patient,Patient
feature_classical,combined,Fold_1,linear_svm,SiCo12,0,0,-2.4700602826815263,Control,Control
feature_classical,combined,Fold_1,linear_svm,SiCo16,0,0,-0.9558387924912684,Control,Control
feature_classical,combined,Fold_1,linear_svm,SiCo28,0,0,-0.8046128679509527,Control,Control
feature_classical,combined,Fold_1,linear_svm,SiCo30,0,0,-4.151665816399232,Control,Control
feature_classical,combined,Fold_1,linear_svm,SiPt12,1,1,2.0378027046551064,Patient,Patient
feature_classical,combined,Fold_1,linear_svm,SiPt21,1,0,-2.1709601074410214,Patient,Control
feature_classical,combined,Fold_1,linear_svm,SiPt28,1,1,1.3135522117528884,Patient,Patient
feature_classical,combined,Fold_1,linear_svm,SiPt31,1,1,3.8101666765266247,Patient,Patient
feature_classical,combined,Fold_1,linear_svm,SiPt32,1,0,-0.3393750962496941,Patient,Control
feature_classical,combined,Fold_1,svm_rbf,GaCo14,0,0,-0.2381218099137075,Control,Control
feature_classical,combined,Fold_1,svm_rbf,GaCo15,0,0,-2.144023282737286,Control,Control
feature_classical,combined,Fold_1,svm_rbf,GaCo16,0,0,-0.4388483405516206,Control,Control
feature_classical,combined,Fold_1,svm_rbf,JuCo06,0,0,-0.4675075635292989,Control,Control
feature_classical,combined,Fold_1,svm_rbf,JuCo09,0,0,-1.912883099065753,Control,Control
feature_classical,combined,Fold_1,svm_rbf,JuCo25,0,0,-3.393071071387471,Control,Control
feature_classical,combined,Fold_1,svm_rbf,JuPt04,1,1,2.6166970416328756,Patient,Patient
feature_classical,combined,Fold_1,svm_rbf,JuPt17,1,1,0.9261753733629255,Patient,Patient
feature_classical,combined,Fold_1,svm_rbf,JuPt18,1,1,3.519637987402613,Patient,Patient
feature_classical,combined,Fold_1,svm_rbf,JuPt26,1,1,0.233204242569358,Patient,Patient
feature_classical,combined,Fold_1,svm_rbf,JuPt27,1,1,0.4797324084692757,Patient,Patient
feature_classical,combined,Fold_1,svm_rbf,SiCo12,0,0,-1.83065565803248,Control,Control
feature_classical,combined,Fold_1,svm_rbf,SiCo16,0,0,-1.190753106389785,Control,Control
feature_classical,combined,Fold_1,svm_rbf,SiCo28,0,0,-0.7715820902828245,Control,Control
feature_classical,combined,Fold_1,svm_rbf,SiCo30,0,0,-3.2687792240317353,Control,Control
feature_classical,combined,Fold_1,svm_rbf,SiPt12,1,1,2.436986103332753,Patient,Patient
feature_classical,combined,Fold_1,svm_rbf,SiPt21,1,0,-1.7626413710764173,Patient,Control
feature_classical,combined,Fold_1,svm_rbf,SiPt28,1,1,1.3468072659064827,Patient,Patient
feature_classical,combined,Fold_1,svm_rbf,SiPt31,1,1,3.2614000799076637,Patient,Patient
feature_classical,combined,Fold_1,svm_rbf,SiPt32,1,0,-0.5799126947552655,Patient,Control
feature_classical_tsfresh,combined,Fold_1,random_forest_fresh,GaCo14,0,1,0.5033541666666667,Control,Patient
feature_classical_tsfresh,combined,Fold_1,random_forest_fresh,GaCo15,0,0,0.2679047619047619,Control,Control
feature_classical_tsfresh,combined,Fold_1,random_forest_fresh,GaCo16,0,0,0.3610803571428572,Control,Control
feature_classical_tsfresh,combined,Fold_1,random_forest_fresh,JuCo06,0,0,0.3461339285714285,Control,Control
feature_classical_tsfresh,combined,Fold_1,random_forest_fresh,JuCo09,0,0,0.118704365079365,Control,Control
feature_classical_tsfresh,combined,Fold_1,random_forest_fresh,JuCo25,0,0,0.0253710317460317,Control,Control
feature_classical_tsfresh,combined,Fold_1,random_forest_fresh,JuPt04,1,1,0.9633551587301586,Patient,Patient
feature_classical_tsfresh,combined,Fold_1,random_forest_fresh,JuPt17,1,1,0.6797043650793649,Patient,Patient
feature_classical_tsfresh,combined,Fold_1,random_forest_fresh,JuPt18,1,1,0.9801785714285712,Patient,Patient
feature_classical_tsfresh,combined,Fold_1,random_forest_fresh,JuPt26,1,1,0.5890833333333332,Patient,Patient
feature_classical_tsfresh,combined,Fold_1,random_forest_fresh,JuPt27,1,1,0.6386035561660559,Patient,Patient
feature_classical_tsfresh,combined,Fold_1,random_forest_fresh,SiCo12,0,0,0.1113055555555555,Control,Control
feature_classical_tsfresh,combined,Fold_1,random_forest_fresh,SiCo16,0,0,0.2121607142857143,Control,Control
feature_classical_tsfresh,combined,Fold_1,random_forest_fresh,SiCo28,0,0,0.2811686507936508,Control,Control
feature_classical_tsfresh,combined,Fold_1,random_forest_fresh,SiCo30,0,0,0.0345763888888888,Control,Control
feature_classical_tsfresh,combined,Fold_1,random_forest_fresh,SiPt12,1,1,0.9553898809523812,Patient,Patient
feature_classical_tsfresh,combined,Fold_1,random_forest_fresh,SiPt21,1,0,0.2050496031746031,Patient,Control
feature_classical_tsfresh,combined,Fold_1,random_forest_fresh,SiPt28,1,1,0.8060059523809526,Patient,Patient
feature_classical_tsfresh,combined,Fold_1,random_forest_fresh,SiPt31,1,1,0.886375992063492,Patient,Patient
feature_classical_tsfresh,combined,Fold_1,random_forest_fresh,SiPt32,1,0,0.2600668498168498,Patient,Control
feature_classical_tsfresh,combined,Fold_1,linear_svm_fresh,GaCo14,0,0,-0.4303521838457751,Control,Control
feature_classical_tsfresh,combined,Fold_1,linear_svm_fresh,GaCo15,0,0,-1.643285994422806,Control,Control
feature_classical_tsfresh,combined,Fold_1,linear_svm_fresh,GaCo16,0,0,-0.9235509819893096,Control,Control
feature_classical_tsfresh,combined,Fold_1,linear_svm_fresh,JuCo06,0,1,0.0673622962136181,Control,Patient
feature_classical_tsfresh,combined,Fold_1,linear_svm_fresh,JuCo09,0,0,-2.490729937047797,Control,Control
feature_classical_tsfresh,combined,Fold_1,linear_svm_fresh,JuCo25,0,0,-5.4401047104555,Control,Control
feature_classical_tsfresh,combined,Fold_1,linear_svm_fresh,JuPt04,1,1,4.7643731135060206,Patient,Patient
feature_classical_tsfresh,combined,Fold_1,linear_svm_fresh,JuPt17,1,1,1.8090354083718152,Patient,Patient
feature_classical_tsfresh,combined,Fold_1,linear_svm_fresh,JuPt18,1,1,4.1024292120445365,Patient,Patient
feature_classical_tsfresh,combined,Fold_1,linear_svm_fresh,JuPt26,1,0,-0.43158502974649,Patient,Control
feature_classical_tsfresh,combined,Fold_1,linear_svm_fresh,JuPt27,1,0,-0.2164050585057025,Patient,Control
feature_classical_tsfresh,combined,Fold_1,linear_svm_fresh,SiCo12,0,0,-2.032545857697795,Control,Control
feature_classical_tsfresh,combined,Fold_1,linear_svm_fresh,SiCo16,0,0,-0.522083840154546,Control,Control
feature_classical_tsfresh,combined,Fold_1,linear_svm_fresh,SiCo28,0,0,-0.0350621534345149,Control,Control
feature_classical_tsfresh,combined,Fold_1,linear_svm_fresh,SiCo30,0,0,-4.275350841738639,Control,Control
feature_classical_tsfresh,combined,Fold_1,linear_svm_fresh,SiPt12,1,1,1.6568289206300384,Patient,Patient
feature_classical_tsfresh,combined,Fold_1,linear_svm_fresh,SiPt21,1,0,-1.610335585807936,Patient,Control
feature_classical_tsfresh,combined,Fold_1,linear_svm_fresh,SiPt28,1,1,0.8969571747760187,Patient,Patient
feature_classical_tsfresh,combined,Fold_1,linear_svm_fresh,SiPt31,1,1,3.89836527736068,Patient,Patient
feature_classical_tsfresh,combined,Fold_1,linear_svm_fresh,SiPt32,1,0,-1.0680348932637005,Patient,Control
feature_classical_tsfresh,combined,Fold_1,svm_rbf_fresh,GaCo14,0,0,-0.1817983448805528,Control,Control
feature_classical_tsfresh,combined,Fold_1,svm_rbf_fresh,GaCo15,0,0,-1.282677775902782,Control,Control
feature_classical_tsfresh,combined,Fold_1,svm_rbf_fresh,GaCo16,0,0,-0.4985658580830658,Control,Control
feature_classical_tsfresh,combined,Fold_1,svm_rbf_fresh,JuCo06,0,0,-0.1603713350334066,Control,Control
feature_classical_tsfresh,combined,Fold_1,svm_rbf_fresh,JuCo09,0,0,-0.4491003724781246,Control,Control
feature_classical_tsfresh,combined,Fold_1,svm_rbf_fresh,JuCo25,0,0,-1.069034683081012,Control,Control
feature_classical_tsfresh,combined,Fold_1,svm_rbf_fresh,JuPt04,1,1,0.1500144385619484,Patient,Patient
feature_classical_tsfresh,combined,Fold_1,svm_rbf_fresh,JuPt17,1,1,1.2314692703050754,Patient,Patient
feature_classical_tsfresh,combined,Fold_1,svm_rbf_fresh,JuPt18,1,1,1.4810978420623897,Patient,Patient
feature_classical_tsfresh,combined,Fold_1,svm_rbf_fresh,JuPt26,1,0,-0.3949191650384796,Patient,Control
feature_classical_tsfresh,combined,Fold_1,svm_rbf_fresh,JuPt27,1,0,-0.1396624365847388,Patient,Control
feature_classical_tsfresh,combined,Fold_1,svm_rbf_fresh,SiCo12,0,0,-0.468638123575619,Control,Control
feature_classical_tsfresh,combined,Fold_1,svm_rbf_fresh,SiCo16,0,0,-0.1308578880823733,Control,Control
feature_classical_tsfresh,combined,Fold_1,svm_rbf_fresh,SiCo28,0,1,0.111215510854453,Control,Patient
feature_classical_tsfresh,combined,Fold_1,svm_rbf_fresh,SiCo30,0,0,-1.0016628100427205,Control,Control
feature_classical_tsfresh,combined,Fold_1,svm_rbf_fresh,SiPt12,1,1,1.300833383706468,Patient,Patient
feature_classical_tsfresh,combined,Fold_1,svm_rbf_fresh,SiPt21,1,0,-0.5841242538231997,Patient,Control
feature_classical_tsfresh,combined,Fold_1,svm_rbf_fresh,SiPt28,1,1,0.532019079895866,Patient,Patient
feature_classical_tsfresh,combined,Fold_1,svm_rbf_fresh,SiPt31,1,1,1.0633475671743764,Patient,Patient
feature_classical_tsfresh,combined,Fold_1,svm_rbf_fresh,SiPt32,1,0,-0.33664474702976,Patient,Control
feature_classical,enhanced,Fold_1,random_forest,GaCo14,0,0,0.2561736111111111,Control,Control
feature_classical,enhanced,Fold_1,random_forest,GaCo15,0,0,0.1730684523809524,Control,Control
feature_classical,enhanced,Fold_1,random_forest,GaCo16,0,0,0.1405029761904762,Control,Control
feature_classical,enhanced,Fold_1,random_forest,JuCo06,0,0,0.3117668650793651,Control,Control
feature_classical,enhanced,Fold_1,random_forest,JuCo09,0,0,0.0390079365079365,Control,Control
feature_classical,enhanced,Fold_1,random_forest,JuCo25,0,0,0.0013888888888888,Control,Control
feature_classical,enhanced,Fold_1,random_forest,JuPt04,1,1,0.9962023809523808,Patient,Patient
feature_classical,enhanced,Fold_1,random_forest,JuPt17,1,1,0.6387271825396826,Patient,Patient
feature_classical,enhanced,Fold_1,random_forest,JuPt18,1,1,0.9922440476190476,Patient,Patient
feature_classical,enhanced,Fold_1,random_forest,JuPt26,1,1,0.7519523809523808,Patient,Patient
feature_classical,enhanced,Fold_1,random_forest,JuPt27,1,1,0.7248968253968252,Patient,Patient
feature_classical,enhanced,Fold_1,random_forest,SiCo12,0,0,0.0125555555555555,Control,Control
feature_classical,enhanced,Fold_1,random_forest,SiCo16,0,0,0.1951031746031745,Control,Control
feature_classical,enhanced,Fold_1,random_forest,SiCo28,0,0,0.1788363095238095,Control,Control
feature_classical,enhanced,Fold_1,random_forest,SiCo30,0,0,0.0005555555555555,Control,Control
feature_classical,enhanced,Fold_1,random_forest,SiPt12,1,1,0.9715561868686868,Patient,Patient
feature_classical,enhanced,Fold_1,random_forest,SiPt21,1,0,0.1219007936507936,Patient,Control
feature_classical,enhanced,Fold_1,random_forest,SiPt28,1,1,0.8523214285714285,Patient,Patient
feature_classical,enhanced,Fold_1,random_forest,SiPt31,1,1,0.9922440476190476,Patient,Patient
feature_classical,enhanced,Fold_1,random_forest,SiPt32,1,0,0.0873521825396825,Patient,Control
feature_classical,enhanced,Fold_1,linear_svm,GaCo14,0,0,-1.0267822430499458,Control,Control
feature_classical,enhanced,Fold_1,linear_svm,GaCo15,0,0,-1.4107928676439825,Control,Control
feature_classical,enhanced,Fold_1,linear_svm,GaCo16,0,0,-1.1880973411478226,Control,Control
feature_classical,enhanced,Fold_1,linear_svm,JuCo06,0,0,-0.2870653180648743,Control,Control
feature_classical,enhanced,Fold_1,linear_svm,JuCo09,0,0,-4.173518444774176,Control,Control
feature_classical,enhanced,Fold_1,linear_svm,JuCo25,0,0,-5.471676486127574,Control,Control
feature_classical,enhanced,Fold_1,linear_svm,JuPt04,1,1,3.289727775392599,Patient,Patient
feature_classical,enhanced,Fold_1,linear_svm,JuPt17,1,1,1.321447424897968,Patient,Patient
feature_classical,enhanced,Fold_1,linear_svm,JuPt18,1,1,4.796332606654373,Patient,Patient
feature_classical,enhanced,Fold_1,linear_svm,JuPt26,1,1,0.2147506842878846,Patient,Patient
feature_classical,enhanced,Fold_1,linear_svm,JuPt27,1,1,0.1420242836256395,Patient,Patient
feature_classical,enhanced,Fold_1,linear_svm,SiCo12,0,0,-3.7465051322626177,Control,Control
feature_classical,enhanced,Fold_1,linear_svm,SiCo16,0,0,-0.3001986900195401,Control,Control
feature_classical,enhanced,Fold_1,linear_svm,SiCo28,0,0,-0.2494594927803221,Control,Control
feature_classical,enhanced,Fold_1,linear_svm,SiCo30,0,0,-4.708150098192743,Control,Control
feature_classical,enhanced,Fold_1,linear_svm,SiPt12,1,1,2.660519376344785,Patient,Patient
feature_classical,enhanced,Fold_1,linear_svm,SiPt21,1,0,-1.461092744202919,Patient,Control
feature_classical,enhanced,Fold_1,linear_svm,SiPt28,1,1,1.1175272286929434,Patient,Patient
feature_classical,enhanced,Fold_1,linear_svm,SiPt31,1,1,5.304744802494852,Patient,Patient
feature_classical,enhanced,Fold_1,linear_svm,SiPt32,1,0,-2.4016327430639817,Patient,Control
feature_classical,enhanced,Fold_1,svm_rbf,GaCo14,0,0,-1.2968357256304754,Control,Control
feature_classical,enhanced,Fold_1,svm_rbf,GaCo15,0,0,-1.5053876111657951,Control,Control
feature_classical,enhanced,Fold_1,svm_rbf,GaCo16,0,0,-1.4083020007214233,Control,Control
feature_classical,enhanced,Fold_1,svm_rbf,JuCo06,0,0,-0.0659530834277713,Control,Control
feature_classical,enhanced,Fold_1,svm_rbf,JuCo09,0,0,-4.09109818414707,Control,Control
feature_classical,enhanced,Fold_1,svm_rbf,JuCo25,0,0,-5.627498620272249,Control,Control
feature_classical,enhanced,Fold_1,svm_rbf,JuPt04,1,1,3.7090024427600814,Patient,Patient
feature_classical,enhanced,Fold_1,svm_rbf,JuPt17,1,1,1.487864329486606,Patient,Patient
feature_classical,enhanced,Fold_1,svm_rbf,JuPt18,1,1,4.922343154082664,Patient,Patient
feature_classical,enhanced,Fold_1,svm_rbf,JuPt26,1,1,0.3688319184982095,Patient,Patient
feature_classical,enhanced,Fold_1,svm_rbf,JuPt27,1,1,0.1938779839828832,Patient,Patient
feature_classical,enhanced,Fold_1,svm_rbf,SiCo12,0,0,-4.053996738933666,Control,Control
feature_classical,enhanced,Fold_1,svm_rbf,SiCo16,0,0,-0.3477272589455019,Control,Control
feature_classical,enhanced,Fold_1,svm_rbf,SiCo28,0,0,-0.3546920218359922,Control,Control
feature_classical,enhanced,Fold_1,svm_rbf,SiCo30,0,0,-4.950108722256932,Control,Control
feature_classical,enhanced,Fold_1,svm_rbf,SiPt12,1,1,2.945479728337027,Patient,Patient
feature_classical,enhanced,Fold_1,svm_rbf,SiPt21,1,0,-1.6369474757335951,Patient,Control
feature_classical,enhanced,Fold_1,svm_rbf,SiPt28,1,1,1.4610128262180226,Patient,Patient
feature_classical,enhanced,Fold_1,svm_rbf,SiPt31,1,1,5.255159291191464,Patient,Patient
feature_classical,enhanced,Fold_1,svm_rbf,SiPt32,1,0,-2.607840343180478,Patient,Control
feature_classical_tsfresh,enhanced,Fold_1,random_forest_fresh,GaCo14,0,0,0.4807857142857147,Control,Control
feature_classical_tsfresh,enhanced,Fold_1,random_forest_fresh,GaCo15,0,0,0.2353124999999999,Control,Control
feature_classical_tsfresh,enhanced,Fold_1,random_forest_fresh,GaCo16,0,0,0.3268551587301587,Control,Control
feature_classical_tsfresh,enhanced,Fold_1,random_forest_fresh,JuCo06,0,0,0.3282698412698414,Control,Control
feature_classical_tsfresh,enhanced,Fold_1,random_forest_fresh,JuCo09,0,0,0.1137400793650794,Control,Control
feature_classical_tsfresh,enhanced,Fold_1,random_forest_fresh,JuCo25,0,0,0.0164166666666666,Control,Control
feature_classical_tsfresh,enhanced,Fold_1,random_forest_fresh,JuPt04,1,1,0.965,Patient,Patient
feature_classical_tsfresh,enhanced,Fold_1,random_forest_fresh,JuPt17,1,1,0.6789593253968254,Patient,Patient
feature_classical_tsfresh,enhanced,Fold_1,random_forest_fresh,JuPt18,1,1,0.9759940476190476,Patient,Patient
feature_classical_tsfresh,enhanced,Fold_1,random_forest_fresh,JuPt26,1,1,0.6135386904761905,Patient,Patient
feature_classical_tsfresh,enhanced,Fold_1,random_forest_fresh,JuPt27,1,1,0.6830386904761905,Patient,Patient
feature_classical_tsfresh,enhanced,Fold_1,random_forest_fresh,SiCo12,0,0,0.1488789682539682,Control,Control
feature_classical_tsfresh,enhanced,Fold_1,random_forest_fresh,SiCo16,0,0,0.2205059523809523,Control,Control
feature_classical_tsfresh,enhanced,Fold_1,random_forest_fresh,SiCo28,0,0,0.3294652777777777,Control,Control
feature_classical_tsfresh,enhanced,Fold_1,random_forest_fresh,SiCo30,0,0,0.0260059523809523,Control,Control
feature_classical_tsfresh,enhanced,Fold_1,random_forest_fresh,SiPt12,1,1,0.9422976190476188,Patient,Patient
feature_classical_tsfresh,enhanced,Fold_1,random_forest_fresh,SiPt21,1,0,0.1968779761904761,Patient,Control
feature_classical_tsfresh,enhanced,Fold_1,random_forest_fresh,SiPt28,1,1,0.8366220238095239,Patient,Patient
feature_classical_tsfresh,enhanced,Fold_1,random_forest_fresh,SiPt31,1,1,0.894517857142857,Patient,Patient
feature_classical_tsfresh,enhanced,Fold_1,random_forest_fresh,SiPt32,1,0,0.235092261904762,Patient,Control
feature_classical_tsfresh,enhanced,Fold_1,linear_svm_fresh,GaCo14,0,0,-0.5797767950919034,Control,Control
feature_classical_tsfresh,enhanced,Fold_1,linear_svm_fresh,GaCo15,0,0,-1.5592060978847186,Control,Control
feature_classical_tsfresh,enhanced,Fold_1,linear_svm_fresh,GaCo16,0,0,-0.96238669945836,Control,Control
feature_classical_tsfresh,enhanced,Fold_1,linear_svm_fresh,JuCo06,0,1,0.0983100321809801,Control,Patient
feature_classical_tsfresh,enhanced,Fold_1,linear_svm_fresh,JuCo09,0,0,-2.400700621178049,Control,Control
feature_classical_tsfresh,enhanced,Fold_1,linear_svm_fresh,JuCo25,0,0,-4.968125951057002,Control,Control
feature_classical_tsfresh,enhanced,Fold_1,linear_svm_fresh,JuPt04,1,1,4.333316061302298,Patient,Patient
feature_classical_tsfresh,enhanced,Fold_1,linear_svm_fresh,JuPt17,1,1,1.7752329167025578,Patient,Patient
feature_classical_tsfresh,enhanced,Fold_1,linear_svm_fresh,JuPt18,1,1,4.367486609193684,Patient,Patient
feature_classical_tsfresh,enhanced,Fold_1,linear_svm_fresh,JuPt26,1,0,-0.3359143421183995,Patient,Control
feature_classical_tsfresh,enhanced,Fold_1,linear_svm_fresh,JuPt27,1,1,0.0147414725826491,Patient,Patient
feature_classical_tsfresh,enhanced,Fold_1,linear_svm_fresh,SiCo12,0,0,-2.0238989055658045,Control,Control
feature_classical_tsfresh,enhanced,Fold_1,linear_svm_fresh,SiCo16,0,0,-0.2698769052699605,Control,Control
feature_classical_tsfresh,enhanced,Fold_1,linear_svm_fresh,SiCo28,0,0,-0.05843089260237,Control,Control
feature_classical_tsfresh,enhanced,Fold_1,linear_svm_fresh,SiCo30,0,0,-4.202302552867728,Control,Control
feature_classical_tsfresh,enhanced,Fold_1,linear_svm_fresh,SiPt12,1,1,1.664554023108897,Patient,Patient
feature_classical_tsfresh,enhanced,Fold_1,linear_svm_fresh,SiPt21,1,0,-1.615359223027628,Patient,Control
feature_classical_tsfresh,enhanced,Fold_1,linear_svm_fresh,SiPt28,1,1,1.10662516885743,Patient,Patient
feature_classical_tsfresh,enhanced,Fold_1,linear_svm_fresh,SiPt31,1,1,4.049697470004312,Patient,Patient
feature_classical_tsfresh,enhanced,Fold_1,linear_svm_fresh,SiPt32,1,0,-0.8425314924224611,Patient,Control
feature_classical_tsfresh,enhanced,Fold_1,svm_rbf_fresh,GaCo14,0,0,-0.2466478129165704,Control,Control
feature_classical_tsfresh,enhanced,Fold_1,svm_rbf_fresh,GaCo15,0,0,-1.2626658620458535,Control,Control
feature_classical_tsfresh,enhanced,Fold_1,svm_rbf_fresh,GaCo16,0,0,-0.5195002009160052,Control,Control
feature_classical_tsfresh,enhanced,Fold_1,svm_rbf_fresh,JuCo06,0,0,-0.1384333944896434,Control,Control
feature_classical_tsfresh,enhanced,Fold_1,svm_rbf_fresh,JuCo09,0,0,-0.4281408256806019,Control,Control
feature_classical_tsfresh,enhanced,Fold_1,svm_rbf_fresh,JuCo25,0,0,-1.0444920268375686,Control,Control
feature_classical_tsfresh,enhanced,Fold_1,svm_rbf_fresh,JuPt04,1,1,0.1718644886949255,Patient,Patient
feature_classical_tsfresh,enhanced,Fold_1,svm_rbf_fresh,JuPt17,1,1,1.2336558753538975,Patient,Patient
feature_classical_tsfresh,enhanced,Fold_1,svm_rbf_fresh,JuPt18,1,1,1.4082016788566216,Patient,Patient
feature_classical_tsfresh,enhanced,Fold_1,svm_rbf_fresh,JuPt26,1,0,-0.2793663667234006,Patient,Control
feature_classical_tsfresh,enhanced,Fold_1,svm_rbf_fresh,JuPt27,1,0,-0.0359392299769725,Patient,Control
feature_classical_tsfresh,enhanced,Fold_1,svm_rbf_fresh,SiCo12,0,0,-0.455397924664057,Control,Control
feature_classical_tsfresh,enhanced,Fold_1,svm_rbf_fresh,SiCo16,0,0,-0.0097914432911364,Control,Control
feature_classical_tsfresh,enhanced,Fold_1,svm_rbf_fresh,SiCo28,0,1,0.1244955025010762,Control,Patient
feature_classical_tsfresh,enhanced,Fold_1,svm_rbf_fresh,SiCo30,0,0,-1.006817534045466,Control,Control
feature_classical_tsfresh,enhanced,Fold_1,svm_rbf_fresh,SiPt12,1,1,1.330731815958166,Patient,Patient
feature_classical_tsfresh,enhanced,Fold_1,svm_rbf_fresh,SiPt21,1,0,-0.6173821589513411,Patient,Control
feature_classical_tsfresh,enhanced,Fold_1,svm_rbf_fresh,SiPt28,1,1,0.5708786327070465,Patient,Patient
feature_classical_tsfresh,enhanced,Fold_1,svm_rbf_fresh,SiPt31,1,1,1.0790819560673723,Patient,Patient
feature_classical_tsfresh,enhanced,Fold_1,svm_rbf_fresh,SiPt32,1,0,-0.2510470948988708,Patient,Control
feature_classical,left,Fold_2,random_forest,GaCo06,0,1,0.92,Control,Patient
feature_classical,left,Fold_2,random_forest,GaCo11,0,0,0.1125,Control,Control
feature_classical,left,Fold_2,random_forest,GaPt03,1,1,0.9975,Patient,Patient
feature_classical,left,Fold_2,random_forest,GaPt12,1,1,0.735,Patient,Patient
feature_classical,left,Fold_2,random_forest,GaPt15,1,1,0.935,Patient,Patient
feature_classical,left,Fold_2,random_forest,GaPt30,1,1,0.8425,Patient,Patient
feature_classical,left,Fold_2,random_forest,JuCo05,0,0,0.065,Control,Control
feature_classical,left,Fold_2,random_forest,JuCo11,0,1,0.8625,Control,Patient
feature_classical,left,Fold_2,random_forest,JuCo22,0,0,0.315,Control,Control
feature_classical,left,Fold_2,random_forest,JuCo26,0,0,0.075,Control,Control
feature_classical,left,Fold_2,random_forest,SiCo04,0,0,0.065,Control,Control
feature_classical,left,Fold_2,random_forest,SiCo07,0,1,0.7725,Control,Patient
feature_classical,left,Fold_2,random_forest,SiCo17,0,1,0.5075,Control,Patient
feature_classical,left,Fold_2,random_forest,SiCo18,0,0,0.405,Control,Control
feature_classical,left,Fold_2,random_forest,SiPt05,1,1,0.74,Patient,Patient
feature_classical,left,Fold_2,random_forest,SiPt07,1,1,0.9275,Patient,Patient
feature_classical,left,Fold_2,random_forest,SiPt17,1,0,0.235,Patient,Control
feature_classical,left,Fold_2,random_forest,SiPt19,1,1,0.95,Patient,Patient
feature_classical,left,Fold_2,random_forest,SiPt24,1,1,0.9175,Patient,Patient
feature_classical,left,Fold_2,random_forest,SiPt37,1,1,0.695,Patient,Patient
feature_classical,left,Fold_2,linear_svm,GaCo06,0,1,0.1309191960838833,Control,Patient
feature_classical,left,Fold_2,linear_svm,GaCo11,0,0,-5.432324866072401,Control,Control
feature_classical,left,Fold_2,linear_svm,GaPt03,1,1,5.134056626883992,Patient,Patient
feature_classical,left,Fold_2,linear_svm,GaPt12,1,1,1.5872887920476848,Patient,Patient
feature_classical,left,Fold_2,linear_svm,GaPt15,1,1,0.6395900844398191,Patient,Patient
feature_classical,left,Fold_2,linear_svm,GaPt30,1,1,3.018666413035599,Patient,Patient
feature_classical,left,Fold_2,linear_svm,JuCo05,0,0,-2.443770580150044,Control,Control
feature_classical,left,Fold_2,linear_svm,JuCo11,0,1,0.1072743206705766,Control,Patient
feature_classical,left,Fold_2,linear_svm,JuCo22,0,0,-0.2089740383980973,Control,Control
feature_classical,left,Fold_2,linear_svm,JuCo26,0,0,-3.645240023949009,Control,Control
feature_classical,left,Fold_2,linear_svm,SiCo04,0,0,-3.209167790733075,Control,Control
feature_classical,left,Fold_2,linear_svm,SiCo07,0,1,0.6684705700991644,Control,Patient
feature_classical,left,Fold_2,linear_svm,SiCo17,0,0,-0.6938254471537633,Control,Control
feature_classical,left,Fold_2,linear_svm,SiCo18,0,0,-2.4484841582089145,Control,Control
feature_classical,left,Fold_2,linear_svm,SiPt05,1,1,2.448621466569299,Patient,Patient
feature_classical,left,Fold_2,linear_svm,SiPt07,1,1,1.8079634402863352,Patient,Patient
feature_classical,left,Fold_2,linear_svm,SiPt17,1,0,-2.257162427918166,Patient,Control
feature_classical,left,Fold_2,linear_svm,SiPt19,1,1,1.2083435535881415,Patient,Patient
feature_classical,left,Fold_2,linear_svm,SiPt24,1,1,3.2025332178840196,Patient,Patient
feature_classical,left,Fold_2,linear_svm,SiPt37,1,1,0.2333796160015599,Patient,Patient
feature_classical,left,Fold_2,svm_rbf,GaCo06,0,1,0.3568689491181529,Control,Patient
feature_classical,left,Fold_2,svm_rbf,GaCo11,0,0,-0.6964262656706409,Control,Control
feature_classical,left,Fold_2,svm_rbf,GaPt03,1,1,0.7139595775659918,Patient,Patient
feature_classical,left,Fold_2,svm_rbf,GaPt12,1,1,0.1055443970117486,Patient,Patient
feature_classical,left,Fold_2,svm_rbf,GaPt15,1,1,0.543822715845496,Patient,Patient
feature_classical,left,Fold_2,svm_rbf,GaPt30,1,1,0.3257940631490704,Patient,Patient
feature_classical,left,Fold_2,svm_rbf,JuCo05,0,0,-0.3073961560787754,Control,Control
feature_classical,left,Fold_2,svm_rbf,JuCo11,0,1,0.3648301997542666,Control,Patient
feature_classical,left,Fold_2,svm_rbf,JuCo22,0,0,-0.1537513409197316,Control,Control
feature_classical,left,Fold_2,svm_rbf,JuCo26,0,0,-0.3155822094374234,Control,Control
feature_classical,left,Fold_2,svm_rbf,SiCo04,0,0,-0.5757232461218565,Control,Control
feature_classical,left,Fold_2,svm_rbf,SiCo07,0,1,0.3408941692477125,Control,Patient
feature_classical,left,Fold_2,svm_rbf,SiCo17,0,1,0.0495790733278132,Control,Patient
feature_classical,left,Fold_2,svm_rbf,SiCo18,0,0,-0.0744378973421919,Control,Control
feature_classical,left,Fold_2,svm_rbf,SiPt05,1,1,0.202707135522804,Patient,Patient
feature_classical,left,Fold_2,svm_rbf,SiPt07,1,1,0.3532417023588595,Patient,Patient
feature_classical,left,Fold_2,svm_rbf,SiPt17,1,0,-0.2287651632832409,Patient,Control
feature_classical,left,Fold_2,svm_rbf,SiPt19,1,1,0.3105566315814291,Patient,Patient
feature_classical,left,Fold_2,svm_rbf,SiPt24,1,1,0.653538601228486,Patient,Patient
feature_classical,left,Fold_2,svm_rbf,SiPt37,1,1,0.1768294291993896,Patient,Patient
feature_classical_tsfresh,left,Fold_2,random_forest_fresh,GaCo06,0,1,0.7525,Control,Patient
feature_classical_tsfresh,left,Fold_2,random_forest_fresh,GaCo11,0,0,0.1075,Control,Control
feature_classical_tsfresh,left,Fold_2,random_forest_fresh,GaPt03,1,1,0.97,Patient,Patient
feature_classical_tsfresh,left,Fold_2,random_forest_fresh,GaPt12,1,1,0.575,Patient,Patient
feature_classical_tsfresh,left,Fold_2,random_forest_fresh,GaPt15,1,1,0.835,Patient,Patient
feature_classical_tsfresh,left,Fold_2,random_forest_fresh,GaPt30,1,1,0.76,Patient,Patient
feature_classical_tsfresh,left,Fold_2,random_forest_fresh,JuCo05,0,0,0.155,Control,Control
feature_classical_tsfresh,left,Fold_2,random_forest_fresh,JuCo11,0,1,0.7025,Control,Patient
feature_classical_tsfresh,left,Fold_2,random_forest_fresh,JuCo22,0,0,0.205,Control,Control
feature_classical_tsfresh,left,Fold_2,random_forest_fresh,JuCo26,0,0,0.1475,Control,Control
feature_classical_tsfresh,left,Fold_2,random_forest_fresh,SiCo04,0,0,0.0925,Control,Control
feature_classical_tsfresh,left,Fold_2,random_forest_fresh,SiCo07,0,1,0.73,Control,Patient
feature_classical_tsfresh,left,Fold_2,random_forest_fresh,SiCo17,0,0,0.485,Control,Control
feature_classical_tsfresh,left,Fold_2,random_forest_fresh,SiCo18,0,0,0.365,Control,Control
feature_classical_tsfresh,left,Fold_2,random_forest_fresh,SiPt05,1,1,0.765,Patient,Patient
feature_classical_tsfresh,left,Fold_2,random_forest_fresh,SiPt07,1,1,0.845,Patient,Patient
feature_classical_tsfresh,left,Fold_2,random_forest_fresh,SiPt17,1,0,0.32,Patient,Control
feature_classical_tsfresh,left,Fold_2,random_forest_fresh,SiPt19,1,1,0.8625,Patient,Patient
feature_classical_tsfresh,left,Fold_2,random_forest_fresh,SiPt24,1,1,0.8825,Patient,Patient
feature_classical_tsfresh,left,Fold_2,random_forest_fresh,SiPt37,1,1,0.735,Patient,Patient
feature_classical_tsfresh,left,Fold_2,linear_svm_fresh,GaCo06,0,1,0.2341265819476818,Control,Patient
feature_classical_tsfresh,left,Fold_2,linear_svm_fresh,GaCo11,0,0,-2.417029879733201,Control,Control
feature_classical_tsfresh,left,Fold_2,linear_svm_fresh,GaPt03,1,1,3.0434216459787526,Patient,Patient
feature_classical_tsfresh,left,Fold_2,linear_svm_fresh,GaPt12,1,1,0.2498928612360915,Patient,Patient
feature_classical_tsfresh,left,Fold_2,linear_svm_fresh,GaPt15,1,1,1.229229196451664,Patient,Patient
feature_classical_tsfresh,left,Fold_2,linear_svm_fresh,GaPt30,1,1,1.141170283939443,Patient,Patient
feature_classical_tsfresh,left,Fold_2,linear_svm_fresh,JuCo05,0,0,-0.8257347403297394,Control,Control
feature_classical_tsfresh,left,Fold_2,linear_svm_fresh,JuCo11,0,1,0.113551444022315,Control,Patient
feature_classical_tsfresh,left,Fold_2,linear_svm_fresh,JuCo22,0,0,-0.7499864319108734,Control,Control
feature_classical_tsfresh,left,Fold_2,linear_svm_fresh,JuCo26,0,0,-1.3888732316248082,Control,Control
feature_classical_tsfresh,left,Fold_2,linear_svm_fresh,SiCo04,0,0,-2.012314983046429,Control,Control
feature_classical_tsfresh,left,Fold_2,linear_svm_fresh,SiCo07,0,1,1.1272314220182462,Control,Patient
feature_classical_tsfresh,left,Fold_2,linear_svm_fresh,SiCo17,0,0,-0.1999946383888729,Control,Control
feature_classical_tsfresh,left,Fold_2,linear_svm_fresh,SiCo18,0,0,-0.8696552696128071,Control,Control
feature_classical_tsfresh,left,Fold_2,linear_svm_fresh,SiPt05,1,1,3.989334486845369,Patient,Patient
feature_classical_tsfresh,left,Fold_2,linear_svm_fresh,SiPt07,1,1,1.1631546914806987,Patient,Patient
feature_classical_tsfresh,left,Fold_2,linear_svm_fresh,SiPt17,1,0,-1.1904946566835788,Patient,Control
feature_classical_tsfresh,left,Fold_2,linear_svm_fresh,SiPt19,1,1,0.8556656229311095,Patient,Patient
feature_classical_tsfresh,left,Fold_2,linear_svm_fresh,SiPt24,1,1,1.7917505257078536,Patient,Patient
feature_classical_tsfresh,left,Fold_2,linear_svm_fresh,SiPt37,1,1,0.9104814292540948,Patient,Patient
feature_classical_tsfresh,left,Fold_2,svm_rbf_fresh,GaCo06,0,1,0.8401022838985515,Control,Patient
feature_classical_tsfresh,left,Fold_2,svm_rbf_fresh,GaCo11,0,0,-0.3602055850996841,Control,Control
feature_classical_tsfresh,left,Fold_2,svm_rbf_fresh,GaPt03,1,1,1.0459846592286328,Patient,Patient
feature_classical_tsfresh,left,Fold_2,svm_rbf_fresh,GaPt12,1,1,0.6306536491136026,Patient,Patient
feature_classical_tsfresh,left,Fold_2,svm_rbf_fresh,GaPt15,1,1,0.810946319523139,Patient,Patient
feature_classical_tsfresh,left,Fold_2,svm_rbf_fresh,GaPt30,1,1,1.0193461033910975,Patient,Patient
feature_classical_tsfresh,left,Fold_2,svm_rbf_fresh,JuCo05,0,0,-1.0845126693365283,Control,Control
feature_classical_tsfresh,left,Fold_2,svm_rbf_fresh,JuCo11,0,1,0.8462596675069525,Control,Patient
feature_classical_tsfresh,left,Fold_2,svm_rbf_fresh,JuCo22,0,0,-0.7572221276626332,Control,Control
feature_classical_tsfresh,left,Fold_2,svm_rbf_fresh,JuCo26,0,0,-1.152686359045344,Control,Control
feature_classical_tsfresh,left,Fold_2,svm_rbf_fresh,SiCo04,0,0,-1.001241931584658,Control,Control
feature_classical_tsfresh,left,Fold_2,svm_rbf_fresh,SiCo07,0,1,1.05530048541846,Control,Patient
feature_classical_tsfresh,left,Fold_2,svm_rbf_fresh,SiCo17,0,0,-0.371066646972738,Control,Control
feature_classical_tsfresh,left,Fold_2,svm_rbf_fresh,SiCo18,0,0,-0.672377955808446,Control,Control
feature_classical_tsfresh,left,Fold_2,svm_rbf_fresh,SiPt05,1,1,0.2641146790738721,Patient,Patient
feature_classical_tsfresh,left,Fold_2,svm_rbf_fresh,SiPt07,1,1,1.386522866401915,Patient,Patient
feature_classical_tsfresh,left,Fold_2,svm_rbf_fresh,SiPt17,1,0,-0.7129328043226129,Patient,Control
feature_classical_tsfresh,left,Fold_2,svm_rbf_fresh,SiPt19,1,1,1.0916640680389025,Patient,Patient
feature_classical_tsfresh,left,Fold_2,svm_rbf_fresh,SiPt24,1,1,0.8947037137956948,Patient,Patient
feature_classical_tsfresh,left,Fold_2,svm_rbf_fresh,SiPt37,1,1,0.6477610164865639,Patient,Patient
feature_classical,right,Fold_2,random_forest,GaCo06,0,1,0.8730664682539683,Control,Patient
feature_classical,right,Fold_2,random_forest,GaCo11,0,0,0.0461190476190476,Control,Control
feature_classical,right,Fold_2,random_forest,GaPt03,1,1,0.994875,Patient,Patient
feature_classical,right,Fold_2,random_forest,GaPt12,1,1,0.7226081349206345,Patient,Patient
feature_classical,right,Fold_2,random_forest,GaPt15,1,1,0.9063541666666666,Patient,Patient
feature_classical,right,Fold_2,random_forest,GaPt30,1,1,0.8652609126984129,Patient,Patient
feature_classical,right,Fold_2,random_forest,JuCo05,0,0,0.1066904761904762,Control,Control
feature_classical,right,Fold_2,random_forest,JuCo11,0,1,0.7909265873015873,Control,Patient
feature_classical,right,Fold_2,random_forest,JuCo22,0,0,0.2307837301587302,Control,Control
feature_classical,right,Fold_2,random_forest,JuCo26,0,0,0.1499464285714285,Control,Control
feature_classical,right,Fold_2,random_forest,SiCo04,0,0,0.0709434523809523,Control,Control
feature_classical,right,Fold_2,random_forest,SiCo07,0,1,0.7181319444444446,Control,Patient
feature_classical,right,Fold_2,random_forest,SiCo17,0,1,0.5940337301587301,Control,Patient
feature_classical,right,Fold_2,random_forest,SiCo18,0,0,0.4569117063492063,Control,Control
feature_classical,right,Fold_2,random_forest,SiPt05,1,1,0.7246478174603177,Patient,Patient
feature_classical,right,Fold_2,random_forest,SiPt07,1,1,0.8751210317460317,Patient,Patient
feature_classical,right,Fold_2,random_forest,SiPt17,1,0,0.198267857142857,Patient,Control
feature_classical,right,Fold_2,random_forest,SiPt19,1,1,0.9497232142857144,Patient,Patient
feature_classical,right,Fold_2,random_forest,SiPt24,1,1,0.9244851190476192,Patient,Patient
feature_classical,right,Fold_2,random_forest,SiPt37,1,1,0.7274494047619051,Patient,Patient
feature_classical,right,Fold_2,linear_svm,GaCo06,0,1,0.5646232739445071,Control,Patient
feature_classical,right,Fold_2,linear_svm,GaCo11,0,0,-1.8713614570588752,Control,Control
feature_classical,right,Fold_2,linear_svm,GaPt03,1,1,1.457407800451705,Patient,Patient
feature_classical,right,Fold_2,linear_svm,GaPt12,1,1,0.2659216912642045,Patient,Patient
feature_classical,right,Fold_2,linear_svm,GaPt15,1,1,0.9833668925646848,Patient,Patient
feature_classical,right,Fold_2,linear_svm,GaPt30,1,1,0.7722884133988624,Patient,Patient
feature_classical,right,Fold_2,linear_svm,JuCo05,0,0,-0.5464413059315124,Control,Control
feature_classical,right,Fold_2,linear_svm,JuCo11,0,1,0.4925784427489259,Control,Patient
feature_classical,right,Fold_2,linear_svm,JuCo22,0,0,-0.218893219924428,Control,Control
feature_classical,right,Fold_2,linear_svm,JuCo26,0,0,-0.6359334240109754,Control,Control
feature_classical,right,Fold_2,linear_svm,SiCo04,0,0,-1.0988983327148696,Control,Control
feature_classical,right,Fold_2,linear_svm,SiCo07,0,1,0.3363557278875034,Control,Patient
feature_classical,right,Fold_2,linear_svm,SiCo17,0,1,0.1552626725197487,Control,Patient
feature_classical,right,Fold_2,linear_svm,SiCo18,0,0,-0.1216829297041588,Control,Control
feature_classical,right,Fold_2,linear_svm,SiPt05,1,1,0.7969084075073641,Patient,Patient
feature_classical,right,Fold_2,linear_svm,SiPt07,1,1,0.5602160937743145,Patient,Patient
feature_classical,right,Fold_2,linear_svm,SiPt17,1,0,-0.5861111014692317,Patient,Control
feature_classical,right,Fold_2,linear_svm,SiPt19,1,1,0.4615348255636535,Patient,Patient
feature_classical,right,Fold_2,linear_svm,SiPt24,1,1,1.3105454220921222,Patient,Patient
feature_classical,right,Fold_2,linear_svm,SiPt37,1,1,0.2563218052222615,Patient,Patient
feature_classical,right,Fold_2,svm_rbf,GaCo06,0,1,0.0857204928917965,Control,Patient
feature_classical,right,Fold_2,svm_rbf,GaCo11,0,0,-0.2917346092485879,Control,Control
feature_classical,right,Fold_2,svm_rbf,GaPt03,1,1,0.2585939862825551,Patient,Patient
feature_classical,right,Fold_2,svm_rbf,GaPt12,1,1,0.0504035091006517,Patient,Patient
feature_classical,right,Fold_2,svm_rbf,GaPt15,1,1,0.1422877361324773,Patient,Patient
feature_classical,right,Fold_2,svm_rbf,GaPt30,1,1,0.1474015705998449,Patient,Patient
feature_classical,right,Fold_2,svm_rbf,JuCo05,0,0,-0.1325143439947416,Control,Control
feature_classical,right,Fold_2,svm_rbf,JuCo11,0,1,0.0638356661930936,Control,Patient
feature_classical,right,Fold_2,svm_rbf,JuCo22,0,0,-0.0433124461400901,Control,Control
feature_classical,right,Fold_2,svm_rbf,JuCo26,0,0,-0.1440513331340004,Control,Control
feature_classical,right,Fold_2,svm_rbf,SiCo04,0,0,-0.1720970190882109,Control,Control
feature_classical,right,Fold_2,svm_rbf,SiCo07,0,1,0.0258397580148263,Control,Patient
feature_classical,right,Fold_2,svm_rbf,SiCo17,0,1,0.0289285359944836,Control,Patient
feature_classical,right,Fold_2,svm_rbf,SiCo18,0,0,-0.0408898832308327,Control,Control
feature_classical,right,Fold_2,svm_rbf,SiPt05,1,1,0.0938142196589314,Patient,Patient
feature_classical,right,Fold_2,svm_rbf,SiPt07,1,1,0.089136539928397,Patient,Patient
feature_classical,right,Fold_2,svm_rbf,SiPt17,1,0,-0.1188205679039218,Patient,Control
feature_classical,right,Fold_2,svm_rbf,SiPt19,1,1,0.076999705204729,Patient,Patient
feature_classical,right,Fold_2,svm_rbf,SiPt24,1,1,0.2170823582864277,Patient,Patient
feature_classical,right,Fold_2,svm_rbf,SiPt37,1,1,0.0311946142859587,Patient,Patient
feature_classical_tsfresh,right,Fold_2,random_forest_fresh,GaCo06,0,1,0.87665376984127,Control,Patient
feature_classical_tsfresh,right,Fold_2,random_forest_fresh,GaCo11,0,0,0.0576805555555555,Control,Control
feature_classical_tsfresh,right,Fold_2,random_forest_fresh,GaPt03,1,1,0.9886875,Patient,Patient
feature_classical_tsfresh,right,Fold_2,random_forest_fresh,GaPt12,1,1,0.7079890873015873,Patient,Patient
feature_classical_tsfresh,right,Fold_2,random_forest_fresh,GaPt15,1,1,0.923556547619048,Patient,Patient
feature_classical_tsfresh,right,Fold_2,random_forest_fresh,GaPt30,1,1,0.9165059523809528,Patient,Patient
feature_classical_tsfresh,right,Fold_2,random_forest_fresh,JuCo05,0,0,0.0880059523809523,Control,Control
feature_classical_tsfresh,right,Fold_2,random_forest_fresh,JuCo11,0,1,0.7799727633477636,Control,Patient
feature_classical_tsfresh,right,Fold_2,random_forest_fresh,JuCo22,0,0,0.1831507936507936,Control,Control
feature_classical_tsfresh,right,Fold_2,random_forest_fresh,JuCo26,0,0,0.1776825396825397,Control,Control
feature_classical_tsfresh,right,Fold_2,random_forest_fresh,SiCo04,0,0,0.0510853174603174,Control,Control
feature_classical_tsfresh,right,Fold_2,random_forest_fresh,SiCo07,0,1,0.6630823412698413,Control,Patient
feature_classical_tsfresh,right,Fold_2,random_forest_fresh,SiCo17,0,1,0.5614017857142858,Control,Patient
feature_classical_tsfresh,right,Fold_2,random_forest_fresh,SiCo18,0,0,0.3519960317460319,Control,Control
feature_classical_tsfresh,right,Fold_2,random_forest_fresh,SiPt05,1,1,0.7914494047619047,Patient,Patient
feature_classical_tsfresh,right,Fold_2,random_forest_fresh,SiPt07,1,1,0.8754578823953827,Patient,Patient
feature_classical_tsfresh,right,Fold_2,random_forest_fresh,SiPt17,1,0,0.289750992063492,Patient,Control
feature_classical_tsfresh,right,Fold_2,random_forest_fresh,SiPt19,1,1,0.9560833333333334,Patient,Patient
feature_classical_tsfresh,right,Fold_2,random_forest_fresh,SiPt24,1,1,0.8344742063492064,Patient,Patient
feature_classical_tsfresh,right,Fold_2,random_forest_fresh,SiPt37,1,1,0.7409692460317462,Patient,Patient
feature_classical_tsfresh,right,Fold_2,linear_svm_fresh,GaCo06,0,1,0.6992129395441904,Control,Patient
feature_classical_tsfresh,right,Fold_2,linear_svm_fresh,GaCo11,0,0,-1.927836962470374,Control,Control
feature_classical_tsfresh,right,Fold_2,linear_svm_fresh,GaPt03,1,1,2.177863295911824,Patient,Patient
feature_classical_tsfresh,right,Fold_2,linear_svm_fresh,GaPt12,1,1,0.5531791879145743,Patient,Patient
feature_classical_tsfresh,right,Fold_2,linear_svm_fresh,GaPt15,1,1,1.478757127511112,Patient,Patient
feature_classical_tsfresh,right,Fold_2,linear_svm_fresh,GaPt30,1,1,1.2716523111380955,Patient,Patient
feature_classical_tsfresh,right,Fold_2,linear_svm_fresh,JuCo05,0,0,-0.8668781733559544,Control,Control
feature_classical_tsfresh,right,Fold_2,linear_svm_fresh,JuCo11,0,1,0.6133288498347544,Control,Patient
feature_classical_tsfresh,right,Fold_2,linear_svm_fresh,JuCo22,0,0,-0.3858794114214,Control,Control
feature_classical_tsfresh,right,Fold_2,linear_svm_fresh,JuCo26,0,0,-0.8546234912028717,Control,Control
feature_classical_tsfresh,right,Fold_2,linear_svm_fresh,SiCo04,0,0,-1.477017270006593,Control,Control
feature_classical_tsfresh,right,Fold_2,linear_svm_fresh,SiCo07,0,1,0.5826828062588224,Control,Patient
feature_classical_tsfresh,right,Fold_2,linear_svm_fresh,SiCo17,0,1,0.0811688450368703,Control,Patient
feature_classical_tsfresh,right,Fold_2,linear_svm_fresh,SiCo18,0,0,-0.3386740549473881,Control,Control
feature_classical_tsfresh,right,Fold_2,linear_svm_fresh,SiPt05,1,1,4.271718057411191,Patient,Patient
feature_classical_tsfresh,right,Fold_2,linear_svm_fresh,SiPt07,1,1,0.7189284285416173,Patient,Patient
feature_classical_tsfresh,right,Fold_2,linear_svm_fresh,SiPt17,1,0,-0.4483243036491596,Patient,Control
feature_classical_tsfresh,right,Fold_2,linear_svm_fresh,SiPt19,1,1,0.8197280862509116,Patient,Patient
feature_classical_tsfresh,right,Fold_2,linear_svm_fresh,SiPt24,1,1,1.5635469031142748,Patient,Patient
feature_classical_tsfresh,right,Fold_2,linear_svm_fresh,SiPt37,1,1,0.3910361811371843,Patient,Patient
feature_classical_tsfresh,right,Fold_2,svm_rbf_fresh,GaCo06,0,1,0.8378651343547934,Control,Patient
feature_classical_tsfresh,right,Fold_2,svm_rbf_fresh,GaCo11,0,0,-0.3925872277877134,Control,Control
feature_classical_tsfresh,right,Fold_2,svm_rbf_fresh,GaPt03,1,1,1.055111638129145,Patient,Patient
feature_classical_tsfresh,right,Fold_2,svm_rbf_fresh,GaPt12,1,1,0.6854854657691856,Patient,Patient
feature_classical_tsfresh,right,Fold_2,svm_rbf_fresh,GaPt15,1,1,0.8426304454267513,Patient,Patient
feature_classical_tsfresh,right,Fold_2,svm_rbf_fresh,GaPt30,1,1,1.1153193871168603,Patient,Patient
feature_classical_tsfresh,right,Fold_2,svm_rbf_fresh,JuCo05,0,0,-1.080190885384272,Control,Control
feature_classical_tsfresh,right,Fold_2,svm_rbf_fresh,JuCo11,0,1,0.7762303220879238,Control,Patient
feature_classical_tsfresh,right,Fold_2,svm_rbf_fresh,JuCo22,0,0,-0.8884234861258153,Control,Control
feature_classical_tsfresh,right,Fold_2,svm_rbf_fresh,JuCo26,0,0,-1.1682034212923496,Control,Control
feature_classical_tsfresh,right,Fold_2,svm_rbf_fresh,SiCo04,0,0,-1.0066312275011442,Control,Control
feature_classical_tsfresh,right,Fold_2,svm_rbf_fresh,SiCo07,0,1,0.8306812519024933,Control,Patient
feature_classical_tsfresh,right,Fold_2,svm_rbf_fresh,SiCo17,0,0,-0.3094440906274005,Control,Control
feature_classical_tsfresh,right,Fold_2,svm_rbf_fresh,SiCo18,0,0,-0.6806280552841195,Control,Control
feature_classical_tsfresh,right,Fold_2,svm_rbf_fresh,SiPt05,1,1,0.2460318318337574,Patient,Patient
feature_classical_tsfresh,right,Fold_2,svm_rbf_fresh,SiPt07,1,1,1.1703500470995876,Patient,Patient
feature_classical_tsfresh,right,Fold_2,svm_rbf_fresh,SiPt17,1,0,-0.8320528603840018,Patient,Control
feature_classical_tsfresh,right,Fold_2,svm_rbf_fresh,SiPt19,1,1,1.1859347935544235,Patient,Patient
feature_classical_tsfresh,right,Fold_2,svm_rbf_fresh,SiPt24,1,1,0.8785695654003548,Patient,Patient
feature_classical_tsfresh,right,Fold_2,svm_rbf_fresh,SiPt37,1,1,0.594486879214011,Patient,Patient
feature_classical,combined,Fold_2,random_forest,GaCo06,0,1,0.8849285714285715,Control,Patient
feature_classical,combined,Fold_2,random_forest,GaCo11,0,0,0.0924057539682539,Control,Control
feature_classical,combined,Fold_2,random_forest,GaPt03,1,1,0.995125,Patient,Patient
feature_classical,combined,Fold_2,random_forest,GaPt12,1,1,0.7052172619047619,Patient,Patient
feature_classical,combined,Fold_2,random_forest,GaPt15,1,1,0.910595238095238,Patient,Patient
feature_classical,combined,Fold_2,random_forest,GaPt30,1,1,0.8271091269841273,Patient,Patient
feature_classical,combined,Fold_2,random_forest,JuCo05,0,0,0.0973263888888888,Control,Control
feature_classical,combined,Fold_2,random_forest,JuCo11,0,1,0.8213740079365079,Control,Patient
feature_classical,combined,Fold_2,random_forest,JuCo22,0,0,0.228563492063492,Control,Control
feature_classical,combined,Fold_2,random_forest,JuCo26,0,0,0.1318055555555555,Control,Control
feature_classical,combined,Fold_2,random_forest,SiCo04,0,0,0.06075,Control,Control
feature_classical,combined,Fold_2,random_forest,SiCo07,0,1,0.7441597222222223,Control,Patient
feature_classical,combined,Fold_2,random_forest,SiCo17,0,1,0.5476051587301582,Control,Patient
feature_classical,combined,Fold_2,random_forest,SiCo18,0,0,0.4436319444444446,Control,Control
feature_classical,combined,Fold_2,random_forest,SiPt05,1,1,0.712130952380952,Patient,Patient
feature_classical,combined,Fold_2,random_forest,SiPt07,1,1,0.9091369047619048,Patient,Patient
feature_classical,combined,Fold_2,random_forest,SiPt17,1,0,0.2317599206349206,Patient,Control
feature_classical,combined,Fold_2,random_forest,SiPt19,1,1,0.9501369047619046,Patient,Patient
feature_classical,combined,Fold_2,random_forest,SiPt24,1,1,0.9256031746031744,Patient,Patient
feature_classical,combined,Fold_2,random_forest,SiPt37,1,1,0.6936537698412699,Patient,Patient
feature_classical,combined,Fold_2,linear_svm,GaCo06,0,1,0.081018069625616,Control,Patient
feature_classical,combined,Fold_2,linear_svm,GaCo11,0,0,-6.681476084911891,Control,Control
feature_classical,combined,Fold_2,linear_svm,GaPt03,1,1,5.816860563293777,Patient,Patient
feature_classical,combined,Fold_2,linear_svm,GaPt12,1,1,1.55350250694852,Patient,Patient
feature_classical,combined,Fold_2,linear_svm,GaPt15,1,1,0.959077672122726,Patient,Patient
feature_classical,combined,Fold_2,linear_svm,GaPt30,1,1,3.272043928861609,Patient,Patient
feature_classical,combined,Fold_2,linear_svm,JuCo05,0,0,-2.5258755013188665,Control,Control
feature_classical,combined,Fold_2,linear_svm,JuCo11,0,0,-0.0090745946376872,Control,Control
feature_classical,combined,Fold_2,linear_svm,JuCo22,0,0,-0.441811163388196,Control,Control
feature_classical,combined,Fold_2,linear_svm,JuCo26,0,0,-3.651241881628947,Control,Control
feature_classical,combined,Fold_2,linear_svm,SiCo04,0,0,-4.124550643632853,Control,Control
feature_classical,combined,Fold_2,linear_svm,SiCo07,0,1,0.2597911608239223,Control,Patient
feature_classical,combined,Fold_2,linear_svm,SiCo17,0,0,-0.7311230474353544,Control,Control
feature_classical,combined,Fold_2,linear_svm,SiCo18,0,0,-2.370545288491359,Control,Control
feature_classical,combined,Fold_2,linear_svm,SiPt05,1,1,3.4653550914049513,Patient,Patient
feature_classical,combined,Fold_2,linear_svm,SiPt07,1,1,1.3904286739887728,Patient,Patient
feature_classical,combined,Fold_2,linear_svm,SiPt17,1,0,-2.834285849091686,Patient,Control
feature_classical,combined,Fold_2,linear_svm,SiPt19,1,1,1.323594514632555,Patient,Patient
feature_classical,combined,Fold_2,linear_svm,SiPt24,1,1,3.693719697085691,Patient,Patient
feature_classical,combined,Fold_2,linear_svm,SiPt37,1,1,0.3702859067070666,Patient,Patient
feature_classical,combined,Fold_2,svm_rbf,GaCo06,0,1,0.828840923973521,Control,Patient
feature_classical,combined,Fold_2,svm_rbf,GaCo11,0,0,-1.0122269844138228,Control,Control
feature_classical,combined,Fold_2,svm_rbf,GaPt03,1,1,1.9399594528233255,Patient,Patient
feature_classical,combined,Fold_2,svm_rbf,GaPt12,1,1,0.7011351397518469,Patient,Patient
feature_classical,combined,Fold_2,svm_rbf,GaPt15,1,1,1.3710133547296377,Patient,Patient
feature_classical,combined,Fold_2,svm_rbf,GaPt30,1,1,1.3152659583780373,Patient,Patient
feature_classical,combined,Fold_2,svm_rbf,JuCo05,0,0,-1.1686854952229353,Control,Control
feature_classical,combined,Fold_2,svm_rbf,JuCo11,0,1,0.7728518614231329,Control,Patient
feature_classical,combined,Fold_2,svm_rbf,JuCo22,0,0,-0.4216116396477229,Control,Control
feature_classical,combined,Fold_2,svm_rbf,JuCo26,0,0,-1.1310175375381235,Control,Control
feature_classical,combined,Fold_2,svm_rbf,SiCo04,0,0,-1.364429205454174,Control,Control
feature_classical,combined,Fold_2,svm_rbf,SiCo07,0,1,0.8261239410266796,Control,Patient
feature_classical,combined,Fold_2,svm_rbf,SiCo17,0,0,-0.0278863005938801,Control,Control
feature_classical,combined,Fold_2,svm_rbf,SiCo18,0,0,-0.5069204508357039,Control,Control
feature_classical,combined,Fold_2,svm_rbf,SiPt05,1,1,0.8618725680703662,Patient,Patient
feature_classical,combined,Fold_2,svm_rbf,SiPt07,1,1,1.1005588879618544,Patient,Patient
feature_classical,combined,Fold_2,svm_rbf,SiPt17,1,0,-0.7356179241013929,Patient,Control
feature_classical,combined,Fold_2,svm_rbf,SiPt19,1,1,1.0306103040187455,Patient,Patient
feature_classical,combined,Fold_2,svm_rbf,SiPt24,1,1,1.532536199693473,Patient,Patient
feature_classical,combined,Fold_2,svm_rbf,SiPt37,1,1,0.4101570953316761,Patient,Patient
feature_classical_tsfresh,combined,Fold_2,random_forest_fresh,GaCo06,0,1,0.8375,Control,Patient
feature_classical_tsfresh,combined,Fold_2,random_forest_fresh,GaCo11,0,0,0.0975,Control,Control
feature_classical_tsfresh,combined,Fold_2,random_forest_fresh,GaPt03,1,1,0.9975,Patient,Patient
feature_classical_tsfresh,combined,Fold_2,random_forest_fresh,GaPt12,1,1,0.6025,Patient,Patient
feature_classical_tsfresh,combined,Fold_2,random_forest_fresh,GaPt15,1,1,0.9125,Patient,Patient
feature_classical_tsfresh,combined,Fold_2,random_forest_fresh,GaPt30,1,1,0.845,Patient,Patient
feature_classical_tsfresh,combined,Fold_2,random_forest_fresh,JuCo05,0,0,0.1375,Control,Control
feature_classical_tsfresh,combined,Fold_2,random_forest_fresh,JuCo11,0,1,0.785,Control,Patient
feature_classical_tsfresh,combined,Fold_2,random_forest_fresh,JuCo22,0,0,0.185,Control,Control
feature_classical_tsfresh,combined,Fold_2,random_forest_fresh,JuCo26,0,0,0.14,Control,Control
feature_classical_tsfresh,combined,Fold_2,random_forest_fresh,SiCo04,0,0,0.05,Control,Control
feature_classical_tsfresh,combined,Fold_2,random_forest_fresh,SiCo07,0,1,0.705,Control,Patient
feature_classical_tsfresh,combined,Fold_2,random_forest_fresh,SiCo17,0,0,0.4375,Control,Control
feature_classical_tsfresh,combined,Fold_2,random_forest_fresh,SiCo18,0,0,0.33,Control,Control
feature_classical_tsfresh,combined,Fold_2,random_forest_fresh,SiPt05,1,1,0.7925,Patient,Patient
feature_classical_tsfresh,combined,Fold_2,random_forest_fresh,SiPt07,1,1,0.8975,Patient,Patient
feature_classical_tsfresh,combined,Fold_2,random_forest_fresh,SiPt17,1,0,0.25,Patient,Control
feature_classical_tsfresh,combined,Fold_2,random_forest_fresh,SiPt19,1,1,0.91,Patient,Patient
feature_classical_tsfresh,combined,Fold_2,random_forest_fresh,SiPt24,1,1,0.805,Patient,Patient
feature_classical_tsfresh,combined,Fold_2,random_forest_fresh,SiPt37,1,1,0.7575,Patient,Patient
feature_classical_tsfresh,combined,Fold_2,linear_svm_fresh,GaCo06,0,1,0.6125276843567533,Control,Patient
feature_classical_tsfresh,combined,Fold_2,linear_svm_fresh,GaCo11,0,0,-2.373939783375199,Control,Control
feature_classical_tsfresh,combined,Fold_2,linear_svm_fresh,GaPt03,1,1,2.469575746405395,Patient,Patient
feature_classical_tsfresh,combined,Fold_2,linear_svm_fresh,GaPt12,1,1,0.5421850971135179,Patient,Patient
feature_classical_tsfresh,combined,Fold_2,linear_svm_fresh,GaPt15,1,1,1.482261067593097,Patient,Patient
feature_classical_tsfresh,combined,Fold_2,linear_svm_fresh,GaPt30,1,1,1.3683151166708307,Patient,Patient
feature_classical_tsfresh,combined,Fold_2,linear_svm_fresh,JuCo05,0,0,-1.2216932595677203,Control,Control
feature_classical_tsfresh,combined,Fold_2,linear_svm_fresh,JuCo11,0,1,0.5644393947159527,Control,Patient
feature_classical_tsfresh,combined,Fold_2,linear_svm_fresh,JuCo22,0,0,-0.5736996726337044,Control,Control
feature_classical_tsfresh,combined,Fold_2,linear_svm_fresh,JuCo26,0,0,-1.1466399341425042,Control,Control
feature_classical_tsfresh,combined,Fold_2,linear_svm_fresh,SiCo04,0,0,-1.870744285354111,Control,Control
feature_classical_tsfresh,combined,Fold_2,linear_svm_fresh,SiCo07,0,1,0.712092545726317,Control,Patient
feature_classical_tsfresh,combined,Fold_2,linear_svm_fresh,SiCo17,0,0,-0.0719358726182902,Control,Control
feature_classical_tsfresh,combined,Fold_2,linear_svm_fresh,SiCo18,0,0,-0.5599909914118948,Control,Control
feature_classical_tsfresh,combined,Fold_2,linear_svm_fresh,SiPt05,1,1,5.336821597004418,Patient,Patient
feature_classical_tsfresh,combined,Fold_2,linear_svm_fresh,SiPt07,1,1,0.7785942184367356,Patient,Patient
feature_classical_tsfresh,combined,Fold_2,linear_svm_fresh,SiPt17,1,0,-0.6887902632187486,Patient,Control
feature_classical_tsfresh,combined,Fold_2,linear_svm_fresh,SiPt19,1,1,0.8756544494978394,Patient,Patient
feature_classical_tsfresh,combined,Fold_2,linear_svm_fresh,SiPt24,1,1,1.6674734073837998,Patient,Patient
feature_classical_tsfresh,combined,Fold_2,linear_svm_fresh,SiPt37,1,1,0.3282210463434358,Patient,Patient
feature_classical_tsfresh,combined,Fold_2,svm_rbf_fresh,GaCo06,0,1,0.829421966311243,Control,Patient
feature_classical_tsfresh,combined,Fold_2,svm_rbf_fresh,GaCo11,0,0,-0.3385116771993253,Control,Control
feature_classical_tsfresh,combined,Fold_2,svm_rbf_fresh,GaPt03,1,1,1.0433118639485957,Patient,Patient
feature_classical_tsfresh,combined,Fold_2,svm_rbf_fresh,GaPt12,1,1,0.6788144367220266,Patient,Patient
feature_classical_tsfresh,combined,Fold_2,svm_rbf_fresh,GaPt15,1,1,0.8116266701424868,Patient,Patient
feature_classical_tsfresh,combined,Fold_2,svm_rbf_fresh,GaPt30,1,1,1.0394237976356722,Patient,Patient
feature_classical_tsfresh,combined,Fold_2,svm_rbf_fresh,JuCo05,0,0,-1.031139309950244,Control,Control
feature_classical_tsfresh,combined,Fold_2,svm_rbf_fresh,JuCo11,0,1,0.8072250660353508,Control,Patient
feature_classical_tsfresh,combined,Fold_2,svm_rbf_fresh,JuCo22,0,0,-0.7645839508494701,Control,Control
feature_classical_tsfresh,combined,Fold_2,svm_rbf_fresh,JuCo26,0,0,-1.1384977977010609,Control,Control
feature_classical_tsfresh,combined,Fold_2,svm_rbf_fresh,SiCo04,0,0,-0.9916403410279044,Control,Control
feature_classical_tsfresh,combined,Fold_2,svm_rbf_fresh,SiCo07,0,1,0.9466125505520896,Control,Patient
feature_classical_tsfresh,combined,Fold_2,svm_rbf_fresh,SiCo17,0,0,-0.3480057929101068,Control,Control
feature_classical_tsfresh,combined,Fold_2,svm_rbf_fresh,SiCo18,0,0,-0.6631009154203216,Control,Control
feature_classical_tsfresh,combined,Fold_2,svm_rbf_fresh,SiPt05,1,1,0.2581122508784209,Patient,Patient
feature_classical_tsfresh,combined,Fold_2,svm_rbf_fresh,SiPt07,1,1,1.281338071723236,Patient,Patient
feature_classical_tsfresh,combined,Fold_2,svm_rbf_fresh,SiPt17,1,0,-0.7978671028033419,Patient,Control
feature_classical_tsfresh,combined,Fold_2,svm_rbf_fresh,SiPt19,1,1,1.1930832211748008,Patient,Patient
feature_classical_tsfresh,combined,Fold_2,svm_rbf_fresh,SiPt24,1,1,0.8977815282018466,Patient,Patient
feature_classical_tsfresh,combined,Fold_2,svm_rbf_fresh,SiPt37,1,1,0.6200941824304791,Patient,Patient
feature_classical,enhanced,Fold_2,random_forest,GaCo06,0,1,0.8461034451659453,Control,Patient
feature_classical,enhanced,Fold_2,random_forest,GaCo11,0,0,0.136983134920635,Control,Control
feature_classical,enhanced,Fold_2,random_forest,GaPt03,1,1,1.0,Patient,Patient
feature_classical,enhanced,Fold_2,random_forest,GaPt12,1,1,0.7792688492063494,Patient,Patient
feature_classical,enhanced,Fold_2,random_forest,GaPt15,1,1,0.8767619047619047,Patient,Patient
feature_classical,enhanced,Fold_2,random_forest,GaPt30,1,1,0.8790882936507937,Patient,Patient
feature_classical,enhanced,Fold_2,random_forest,JuCo05,0,0,0.0633786976911977,Control,Control
feature_classical,enhanced,Fold_2,random_forest,JuCo11,0,1,0.7249288419913421,Control,Patient
feature_classical,enhanced,Fold_2,random_forest,JuCo22,0,0,0.2045902777777777,Control,Control
feature_classical,enhanced,Fold_2,random_forest,JuCo26,0,0,0.0054196428571428,Control,Control
feature_classical,enhanced,Fold_2,random_forest,SiCo04,0,0,0.0150833333333333,Control,Control
feature_classical,enhanced,Fold_2,random_forest,SiCo07,0,1,0.7282579365079367,Control,Patient
feature_classical,enhanced,Fold_2,random_forest,SiCo17,0,1,0.5522728174603173,Control,Patient
feature_classical,enhanced,Fold_2,random_forest,SiCo18,0,0,0.2890776515151515,Control,Control
feature_classical,enhanced,Fold_2,random_forest,SiPt05,1,1,0.722655753968254,Patient,Patient
feature_classical,enhanced,Fold_2,random_forest,SiPt07,1,1,0.918891865079365,Patient,Patient
feature_classical,enhanced,Fold_2,random_forest,SiPt17,1,0,0.1099771825396825,Patient,Control
feature_classical,enhanced,Fold_2,random_forest,SiPt19,1,1,0.9217440476190476,Patient,Patient
feature_classical,enhanced,Fold_2,random_forest,SiPt24,1,1,0.9234246031746036,Patient,Patient
feature_classical,enhanced,Fold_2,random_forest,SiPt37,1,1,0.6942256493506495,Patient,Patient
feature_classical,enhanced,Fold_2,linear_svm,GaCo06,0,1,0.7239625935824663,Control,Patient
feature_classical,enhanced,Fold_2,linear_svm,GaCo11,0,0,-2.3125064162862192,Control,Control
feature_classical,enhanced,Fold_2,linear_svm,GaPt03,1,1,2.0343516978338365,Patient,Patient
feature_classical,enhanced,Fold_2,linear_svm,GaPt12,1,1,0.4808946946132959,Patient,Patient
feature_classical,enhanced,Fold_2,linear_svm,GaPt15,1,1,1.2519192428563295,Patient,Patient
feature_classical,enhanced,Fold_2,linear_svm,GaPt30,1,1,1.1497387645831432,Patient,Patient
feature_classical,enhanced,Fold_2,linear_svm,JuCo05,0,0,-0.8366248111327297,Control,Control
feature_classical,enhanced,Fold_2,linear_svm,JuCo11,0,1,0.6704950201544166,Control,Patient
feature_classical,enhanced,Fold_2,linear_svm,JuCo22,0,0,-0.2982539523165223,Control,Control
feature_classical,enhanced,Fold_2,linear_svm,JuCo26,0,0,-0.8882699968284137,Control,Control
feature_classical,enhanced,Fold_2,linear_svm,SiCo04,0,0,-1.398386169486339,Control,Control
feature_classical,enhanced,Fold_2,linear_svm,SiCo07,0,1,0.4779775059667691,Control,Patient
feature_classical,enhanced,Fold_2,linear_svm,SiCo17,0,1,0.2077499365371137,Control,Patient
feature_classical,enhanced,Fold_2,linear_svm,SiCo18,0,0,-0.3018559758986367,Control,Control
feature_classical,enhanced,Fold_2,linear_svm,SiPt05,1,1,1.3853265656600735,Patient,Patient
feature_classical,enhanced,Fold_2,linear_svm,SiPt07,1,1,0.792884412768419,Patient,Patient
feature_classical,enhanced,Fold_2,linear_svm,SiPt17,1,0,-0.7028843800959319,Patient,Control
feature_classical,enhanced,Fold_2,linear_svm,SiPt19,1,1,0.68338933913992,Patient,Patient
feature_classical,enhanced,Fold_2,linear_svm,SiPt24,1,1,1.8507175905354831,Patient,Patient
feature_classical,enhanced,Fold_2,linear_svm,SiPt37,1,1,0.3002543256800283,Patient,Patient
feature_classical,enhanced,Fold_2,svm_rbf,GaCo06,0,1,0.8250098320339811,Control,Patient
feature_classical,enhanced,Fold_2,svm_rbf,GaCo11,0,0,-1.0020742631503567,Control,Control
feature_classical,enhanced,Fold_2,svm_rbf,GaPt03,1,1,2.0059706585990735,Patient,Patient
feature_classical,enhanced,Fold_2,svm_rbf,GaPt12,1,1,0.6336816774486685,Patient,Patient
feature_classical,enhanced,Fold_2,svm_rbf,GaPt15,1,1,1.3874084942451963,Patient,Patient
feature_classical,enhanced,Fold_2,svm_rbf,GaPt30,1,1,1.3888071144822645,Patient,Patient
feature_classical,enhanced,Fold_2,svm_rbf,JuCo05,0,0,-1.1736889270837152,Control,Control
feature_classical,enhanced,Fold_2,svm_rbf,JuCo11,0,1,0.7954634059823906,Control,Patient
feature_classical,enhanced,Fold_2,svm_rbf,JuCo22,0,0,-0.4622758019688111,Control,Control
feature_classical,enhanced,Fold_2,svm_rbf,JuCo26,0,0,-1.1096109369300653,Control,Control
feature_classical,enhanced,Fold_2,svm_rbf,SiCo04,0,0,-1.3661639906311194,Control,Control
feature_classical,enhanced,Fold_2,svm_rbf,SiCo07,0,1,0.7210797370742755,Control,Patient
feature_classical,enhanced,Fold_2,svm_rbf,SiCo17,0,1,0.0198297277448372,Control,Patient
feature_classical,enhanced,Fold_2,svm_rbf,SiCo18,0,0,-0.5790502683915892,Control,Control
feature_classical,enhanced,Fold_2,svm_rbf,SiPt05,1,1,0.8387270164167724,Patient,Patient
feature_classical,enhanced,Fold_2,svm_rbf,SiPt07,1,1,1.0170750526742212,Patient,Patient
feature_classical,enhanced,Fold_2,svm_rbf,SiPt17,1,0,-0.722707058645302,Patient,Control
feature_classical,enhanced,Fold_2,svm_rbf,SiPt19,1,1,1.0359351037997384,Patient,Patient
feature_classical,enhanced,Fold_2,svm_rbf,SiPt24,1,1,1.595948283934098,Patient,Patient
feature_classical,enhanced,Fold_2,svm_rbf,SiPt37,1,1,0.3751270744489569,Patient,Patient
feature_classical_tsfresh,enhanced,Fold_2,random_forest_fresh,GaCo06,0,1,0.765,Control,Patient
feature_classical_tsfresh,enhanced,Fold_2,random_forest_fresh,GaCo11,0,0,0.095,Control,Control
feature_classical_tsfresh,enhanced,Fold_2,random_forest_fresh,GaPt03,1,1,0.98,Patient,Patient
feature_classical_tsfresh,enhanced,Fold_2,random_forest_fresh,GaPt12,1,1,0.5925,Patient,Patient
feature_classical_tsfresh,enhanced,Fold_2,random_forest_fresh,GaPt15,1,1,0.87,Patient,Patient
feature_classical_tsfresh,enhanced,Fold_2,random_forest_fresh,GaPt30,1,1,0.815,Patient,Patient
feature_classical_tsfresh,enhanced,Fold_2,random_forest_fresh,JuCo05,0,0,0.1525,Control,Control
feature_classical_tsfresh,enhanced,Fold_2,random_forest_fresh,JuCo11,0,1,0.6875,Control,Patient
feature_classical_tsfresh,enhanced,Fold_2,random_forest_fresh,JuCo22,0,0,0.2325,Control,Control
feature_classical_tsfresh,enhanced,Fold_2,random_forest_fresh,JuCo26,0,0,0.15,Control,Control
feature_classical_tsfresh,enhanced,Fold_2,random_forest_fresh,SiCo04,0,0,0.0975,Control,Control
feature_classical_tsfresh,enhanced,Fold_2,random_forest_fresh,SiCo07,0,1,0.64,Control,Patient
feature_classical_tsfresh,enhanced,Fold_2,random_forest_fresh,SiCo17,0,0,0.4475,Control,Control
feature_classical_tsfresh,enhanced,Fold_2,random_forest_fresh,SiCo18,0,0,0.375,Control,Control
feature_classical_tsfresh,enhanced,Fold_2,random_forest_fresh,SiPt05,1,1,0.7575,Patient,Patient
feature_classical_tsfresh,enhanced,Fold_2,random_forest_fresh,SiPt07,1,1,0.805,Patient,Patient
feature_classical_tsfresh,enhanced,Fold_2,random_forest_fresh,SiPt17,1,0,0.285,Patient,Control
feature_classical_tsfresh,enhanced,Fold_2,random_forest_fresh,SiPt19,1,1,0.8975,Patient,Patient
feature_classical_tsfresh,enhanced,Fold_2,random_forest_fresh,SiPt24,1,1,0.8425,Patient,Patient
feature_classical_tsfresh,enhanced,Fold_2,random_forest_fresh,SiPt37,1,1,0.7275,Patient,Patient
feature_classical_tsfresh,enhanced,Fold_2,linear_svm_fresh,GaCo06,0,1,0.3566476390755921,Control,Patient
feature_classical_tsfresh,enhanced,Fold_2,linear_svm_fresh,GaCo11,0,0,-2.6470776294754983,Control,Control
feature_classical_tsfresh,enhanced,Fold_2,linear_svm_fresh,GaPt03,1,1,3.492218397975044,Patient,Patient
feature_classical_tsfresh,enhanced,Fold_2,linear_svm_fresh,GaPt12,1,1,0.3731977395359913,Patient,Patient
feature_classical_tsfresh,enhanced,Fold_2,linear_svm_fresh,GaPt15,1,1,1.45277432959484,Patient,Patient
feature_classical_tsfresh,enhanced,Fold_2,linear_svm_fresh,GaPt30,1,1,1.233533976520538,Patient,Patient
feature_classical_tsfresh,enhanced,Fold_2,linear_svm_fresh,JuCo05,0,0,-0.9786154732456926,Control,Control
feature_classical_tsfresh,enhanced,Fold_2,linear_svm_fresh,JuCo11,0,1,0.2869996954979617,Control,Patient
feature_classical_tsfresh,enhanced,Fold_2,linear_svm_fresh,JuCo22,0,0,-0.6238733981173818,Control,Control
feature_classical_tsfresh,enhanced,Fold_2,linear_svm_fresh,JuCo26,0,0,-1.4232896955672112,Control,Control
feature_classical_tsfresh,enhanced,Fold_2,linear_svm_fresh,SiCo04,0,0,-2.0842588228667913,Control,Control
feature_classical_tsfresh,enhanced,Fold_2,linear_svm_fresh,SiCo07,0,1,1.0090219691214024,Control,Patient
feature_classical_tsfresh,enhanced,Fold_2,linear_svm_fresh,SiCo17,0,0,-0.3031673041664199,Control,Control
feature_classical_tsfresh,enhanced,Fold_2,linear_svm_fresh,SiCo18,0,0,-0.8652942203175292,Control,Control
feature_classical_tsfresh,enhanced,Fold_2,linear_svm_fresh,SiPt05,1,1,6.3169500278948005,Patient,Patient
feature_classical_tsfresh,enhanced,Fold_2,linear_svm_fresh,SiPt07,1,1,1.2576006728911369,Patient,Patient
feature_classical_tsfresh,enhanced,Fold_2,linear_svm_fresh,SiPt17,1,0,-0.9309621446213632,Patient,Control
feature_classical_tsfresh,enhanced,Fold_2,linear_svm_fresh,SiPt19,1,1,0.6420644144637461,Patient,Patient
feature_classical_tsfresh,enhanced,Fold_2,linear_svm_fresh,SiPt24,1,1,1.673007301354429,Patient,Patient
feature_classical_tsfresh,enhanced,Fold_2,linear_svm_fresh,SiPt37,1,1,1.0120048566663586,Patient,Patient
feature_classical_tsfresh,enhanced,Fold_2,svm_rbf_fresh,GaCo06,0,1,0.9178886797876216,Control,Patient
feature_classical_tsfresh,enhanced,Fold_2,svm_rbf_fresh,GaCo11,0,0,-0.3624813626379951,Control,Control
feature_classical_tsfresh,enhanced,Fold_2,svm_rbf_fresh,GaPt03,1,1,1.1435871741912729,Patient,Patient
feature_classical_tsfresh,enhanced,Fold_2,svm_rbf_fresh,GaPt12,1,1,0.5897254729179365,Patient,Patient
feature_classical_tsfresh,enhanced,Fold_2,svm_rbf_fresh,GaPt15,1,1,0.8405221681205985,Patient,Patient
feature_classical_tsfresh,enhanced,Fold_2,svm_rbf_fresh,GaPt30,1,1,1.1125381947266406,Patient,Patient
feature_classical_tsfresh,enhanced,Fold_2,svm_rbf_fresh,JuCo05,0,0,-0.9161804317312024,Control,Control
feature_classical_tsfresh,enhanced,Fold_2,svm_rbf_fresh,JuCo11,0,1,0.9291250706832171,Control,Patient
feature_classical_tsfresh,enhanced,Fold_2,svm_rbf_fresh,JuCo22,0,0,-0.7815010203107076,Control,Control
feature_classical_tsfresh,enhanced,Fold_2,svm_rbf_fresh,JuCo26,0,0,-1.2552678901916152,Control,Control
feature_classical_tsfresh,enhanced,Fold_2,svm_rbf_fresh,SiCo04,0,0,-1.0456438473565963,Control,Control
feature_classical_tsfresh,enhanced,Fold_2,svm_rbf_fresh,SiCo07,0,1,0.9679636541753982,Control,Patient
feature_classical_tsfresh,enhanced,Fold_2,svm_rbf_fresh,SiCo17,0,0,-0.398803209040635,Control,Control
feature_classical_tsfresh,enhanced,Fold_2,svm_rbf_fresh,SiCo18,0,0,-0.8045671956235936,Control,Control
feature_classical_tsfresh,enhanced,Fold_2,svm_rbf_fresh,SiPt05,1,1,0.3562566771317288,Patient,Patient
feature_classical_tsfresh,enhanced,Fold_2,svm_rbf_fresh,SiPt07,1,1,1.5201018459389677,Patient,Patient
feature_classical_tsfresh,enhanced,Fold_2,svm_rbf_fresh,SiPt17,1,0,-1.1745784530189405,Patient,Control
feature_classical_tsfresh,enhanced,Fold_2,svm_rbf_fresh,SiPt19,1,1,1.4501282136889966,Patient,Patient
feature_classical_tsfresh,enhanced,Fold_2,svm_rbf_fresh,SiPt24,1,1,1.0302090853683152,Patient,Patient
feature_classical_tsfresh,enhanced,Fold_2,svm_rbf_fresh,SiPt37,1,1,0.8183005896297575,Patient,Patient
feature_classical,left,Fold_3,random_forest,GaCo03,0,0,0.035,Control,Control
feature_classical,left,Fold_3,random_forest,GaCo08,0,1,0.7725,Control,Patient
feature_classical,left,Fold_3,random_forest,GaCo17,0,0,0.0025,Control,Control
feature_classical,left,Fold_3,random_forest,GaPt05,1,1,0.615,Patient,Patient
feature_classical,left,Fold_3,random_forest,GaPt07,1,1,0.985,Patient,Patient
feature_classical,left,Fold_3,random_forest,GaPt16,1,1,0.7525,Patient,Patient
feature_classical,left,Fold_3,random_forest,GaPt19,1,1,0.605,Patient,Patient
feature_classical,left,Fold_3,random_forest,GaPt27,1,1,0.86,Patient,Patient
feature_classical,left,Fold_3,random_forest,GaPt28,1,1,0.9075,Patient,Patient
feature_classical,left,Fold_3,random_forest,JuCo01,0,0,0.215,Control,Control
feature_classical,left,Fold_3,random_forest,JuCo04,0,0,0.05,Control,Control
feature_classical,left,Fold_3,random_forest,JuCo14,0,1,0.645,Control,Patient
feature_classical,left,Fold_3,random_forest,JuCo17,0,0,0.1375,Control,Control
feature_classical,left,Fold_3,random_forest,JuPt05,1,1,0.6575,Patient,Patient
feature_classical,left,Fold_3,random_forest,JuPt07,1,0,0.33,Patient,Control
feature_classical,left,Fold_3,random_forest,SiCo06,0,0,0.465,Control,Control
feature_classical,left,Fold_3,random_forest,SiCo11,0,0,0.0225,Control,Control
feature_classical,left,Fold_3,random_forest,SiCo23,0,1,0.53,Control,Patient
feature_classical,left,Fold_3,random_forest,SiPt33,1,0,0.285,Patient,Control
feature_classical,left,Fold_3,random_forest,SiPt38,1,0,0.1925,Patient,Control
feature_classical,left,Fold_3,linear_svm,GaCo03,0,0,-1.0492837749636612,Control,Control
feature_classical,left,Fold_3,linear_svm,GaCo08,0,1,0.517733560596843,Control,Patient
feature_classical,left,Fold_3,linear_svm,GaCo17,0,0,-1.938426775811907,Control,Control
feature_classical,left,Fold_3,linear_svm,GaPt05,1,1,0.2740686939510335,Patient,Patient
feature_classical,left,Fold_3,linear_svm,GaPt07,1,1,2.0073280176267287,Patient,Patient
feature_classical,left,Fold_3,linear_svm,GaPt16,1,1,1.009303782691885,Patient,Patient
feature_classical,left,Fold_3,linear_svm,GaPt19,1,1,0.0782729737694339,Patient,Patient
feature_classical,left,Fold_3,linear_svm,GaPt27,1,1,0.9363660722582302,Patient,Patient
feature_classical,left,Fold_3,linear_svm,GaPt28,1,1,1.4378123400167635,Patient,Patient
feature_classical,left,Fold_3,linear_svm,JuCo01,0,0,-0.3312217312500417,Control,Control
feature_classical,left,Fold_3,linear_svm,JuCo04,0,0,-1.837279728594644,Control,Control
feature_classical,left,Fold_3,linear_svm,JuCo14,0,1,0.4949511639156619,Control,Patient
feature_classical,left,Fold_3,linear_svm,JuCo17,0,0,-0.624902135063552,Control,Control
feature_classical,left,Fold_3,linear_svm,JuPt05,1,1,0.4407237682234027,Patient,Patient
feature_classical,left,Fold_3,linear_svm,JuPt07,1,0,-0.5863483801972577,Patient,Control
feature_classical,left,Fold_3,linear_svm,SiCo06,0,0,-0.115336931399659,Control,Control
feature_classical,left,Fold_3,linear_svm,SiCo11,0,0,-1.3587851160932891,Control,Control
feature_classical,left,Fold_3,linear_svm,SiCo23,0,1,0.0363081011508113,Control,Patient
feature_classical,left,Fold_3,linear_svm,SiPt33,1,0,-0.0842694913403085,Patient,Control
feature_classical,left,Fold_3,linear_svm,SiPt38,1,0,-0.4275524493415166,Patient,Control
feature_classical,left,Fold_3,svm_rbf,GaCo03,0,0,-1.4205445193078352,Control,Control
feature_classical,left,Fold_3,svm_rbf,GaCo08,0,1,0.5910678049093269,Control,Patient
feature_classical,left,Fold_3,svm_rbf,GaCo17,0,0,-2.409883522048482,Control,Control
feature_classical,left,Fold_3,svm_rbf,GaPt05,1,1,0.3297821030675941,Patient,Patient
feature_classical,left,Fold_3,svm_rbf,GaPt07,1,1,2.413173014188683,Patient,Patient
feature_classical,left,Fold_3,svm_rbf,GaPt16,1,1,1.1754954188454303,Patient,Patient
feature_classical,left,Fold_3,svm_rbf,GaPt19,1,0,-0.0164022312586197,Patient,Control
feature_classical,left,Fold_3,svm_rbf,GaPt27,1,1,1.1418502471790422,Patient,Patient
feature_classical,left,Fold_3,svm_rbf,GaPt28,1,1,1.7839474953983256,Patient,Patient
feature_classical,left,Fold_3,svm_rbf,JuCo01,0,0,-0.4789406874717362,Control,Control
feature_classical,left,Fold_3,svm_rbf,JuCo04,0,0,-1.9714963640133536,Control,Control
feature_classical,left,Fold_3,svm_rbf,JuCo14,0,1,0.4746534771221883,Control,Patient
feature_classical,left,Fold_3,svm_rbf,JuCo17,0,0,-0.923735092490356,Control,Control
feature_classical,left,Fold_3,svm_rbf,JuPt05,1,1,0.3981132766796341,Patient,Patient
feature_classical,left,Fold_3,svm_rbf,JuPt07,1,0,-0.7972217256485595,Patient,Control
feature_classical,left,Fold_3,svm_rbf,SiCo06,0,0,-0.2991200301694668,Control,Control
feature_classical,left,Fold_3,svm_rbf,SiCo11,0,0,-1.763214329203136,Control,Control
feature_classical,left,Fold_3,svm_rbf,SiCo23,0,0,-0.0481011829434095,Control,Control
feature_classical,left,Fold_3,svm_rbf,SiPt33,1,0,-0.1349917809709097,Patient,Control
feature_classical,left,Fold_3,svm_rbf,SiPt38,1,0,-0.542950499979517,Patient,Control
feature_classical_tsfresh,left,Fold_3,random_forest_fresh,GaCo03,0,0,0.3904415584415585,Control,Control
feature_classical_tsfresh,left,Fold_3,random_forest_fresh,GaCo08,0,1,0.7350505952380949,Control,Patient
feature_classical_tsfresh,left,Fold_3,random_forest_fresh,GaCo17,0,0,0.0313988095238095,Control,Control
feature_classical_tsfresh,left,Fold_3,random_forest_fresh,GaPt05,1,0,0.4735833333333332,Patient,Control
feature_classical_tsfresh,left,Fold_3,random_forest_fresh,GaPt07,1,1,0.928949404761905,Patient,Patient
feature_classical_tsfresh,left,Fold_3,random_forest_fresh,GaPt16,1,1,0.6270754870129869,Patient,Patient
feature_classical_tsfresh,left,Fold_3,random_forest_fresh,GaPt19,1,1,0.5448463203463203,Patient,Patient
feature_classical_tsfresh,left,Fold_3,random_forest_fresh,GaPt27,1,1,0.6381845238095241,Patient,Patient
feature_classical_tsfresh,left,Fold_3,random_forest_fresh,GaPt28,1,1,0.8193690476190474,Patient,Patient
feature_classical_tsfresh,left,Fold_3,random_forest_fresh,JuCo01,0,0,0.3306398809523808,Control,Control
feature_classical_tsfresh,left,Fold_3,random_forest_fresh,JuCo04,0,0,0.2142103174603173,Control,Control
feature_classical_tsfresh,left,Fold_3,random_forest_fresh,JuCo14,0,1,0.5797946428571429,Control,Patient
feature_classical_tsfresh,left,Fold_3,random_forest_fresh,JuCo17,0,0,0.1905933441558442,Control,Control
feature_classical_tsfresh,left,Fold_3,random_forest_fresh,JuPt05,1,1,0.5189652777777779,Patient,Patient
feature_classical_tsfresh,left,Fold_3,random_forest_fresh,JuPt07,1,0,0.4013254870129871,Patient,Control
feature_classical_tsfresh,left,Fold_3,random_forest_fresh,SiCo06,0,0,0.1874017857142857,Control,Control
feature_classical_tsfresh,left,Fold_3,random_forest_fresh,SiCo11,0,0,0.1463244047619047,Control,Control
feature_classical_tsfresh,left,Fold_3,random_forest_fresh,SiCo23,0,0,0.3875208333333332,Control,Control
feature_classical_tsfresh,left,Fold_3,random_forest_fresh,SiPt33,1,0,0.4525783730158731,Patient,Control
feature_classical_tsfresh,left,Fold_3,random_forest_fresh,SiPt38,1,0,0.3149295634920634,Patient,Control
feature_classical_tsfresh,left,Fold_3,linear_svm_fresh,GaCo03,0,0,-0.2548760239305417,Control,Control
feature_classical_tsfresh,left,Fold_3,linear_svm_fresh,GaCo08,0,1,0.6453303643913312,Control,Patient
feature_classical_tsfresh,left,Fold_3,linear_svm_fresh,GaCo17,0,0,-1.808597748563846,Control,Control
feature_classical_tsfresh,left,Fold_3,linear_svm_fresh,GaPt05,1,0,-0.1262562167404506,Patient,Control
feature_classical_tsfresh,left,Fold_3,linear_svm_fresh,GaPt07,1,1,2.810860599835444,Patient,Patient
feature_classical_tsfresh,left,Fold_3,linear_svm_fresh,GaPt16,1,1,0.4151697240466137,Patient,Patient
feature_classical_tsfresh,left,Fold_3,linear_svm_fresh,GaPt19,1,0,-0.0834708362228568,Patient,Control
feature_classical_tsfresh,left,Fold_3,linear_svm_fresh,GaPt27,1,1,0.2495535196129964,Patient,Patient
feature_classical_tsfresh,left,Fold_3,linear_svm_fresh,GaPt28,1,1,1.0304145922111168,Patient,Patient
feature_classical_tsfresh,left,Fold_3,linear_svm_fresh,JuCo01,0,0,-0.5268456999479791,Control,Control
feature_classical_tsfresh,left,Fold_3,linear_svm_fresh,JuCo04,0,0,-1.312638629662922,Control,Control
feature_classical_tsfresh,left,Fold_3,linear_svm_fresh,JuCo14,0,0,-0.0320200290148763,Control,Control
feature_classical_tsfresh,left,Fold_3,linear_svm_fresh,JuCo17,0,0,-1.1216399437927282,Control,Control
feature_classical_tsfresh,left,Fold_3,linear_svm_fresh,JuPt05,1,1,0.2659301643833253,Patient,Patient
feature_classical_tsfresh,left,Fold_3,linear_svm_fresh,JuPt07,1,0,-0.2411964344894001,Patient,Control
feature_classical_tsfresh,left,Fold_3,linear_svm_fresh,SiCo06,0,0,-0.967007928606691,Control,Control
feature_classical_tsfresh,left,Fold_3,linear_svm_fresh,SiCo11,0,0,-1.6112589106307638,Control,Control
feature_classical_tsfresh,left,Fold_3,linear_svm_fresh,SiCo23,0,0,-0.5007973304063801,Control,Control
feature_classical_tsfresh,left,Fold_3,linear_svm_fresh,SiPt33,1,1,0.1981144695978299,Patient,Patient
feature_classical_tsfresh,left,Fold_3,linear_svm_fresh,SiPt38,1,0,-0.3846936643376185,Patient,Control
feature_classical_tsfresh,left,Fold_3,svm_rbf_fresh,GaCo03,0,0,-0.0058770300328064,Control,Control
feature_classical_tsfresh,left,Fold_3,svm_rbf_fresh,GaCo08,0,1,0.3085838040139917,Control,Patient
feature_classical_tsfresh,left,Fold_3,svm_rbf_fresh,GaCo17,0,0,-0.2019917629790662,Control,Control
feature_classical_tsfresh,left,Fold_3,svm_rbf_fresh,GaPt05,1,1,0.0269851310423229,Patient,Patient
feature_classical_tsfresh,left,Fold_3,svm_rbf_fresh,GaPt07,1,1,0.0286898864866988,Patient,Patient
feature_classical_tsfresh,left,Fold_3,svm_rbf_fresh,GaPt16,1,1,0.0316398912410944,Patient,Patient
feature_classical_tsfresh,left,Fold_3,svm_rbf_fresh,GaPt19,1,0,-0.0632381643692681,Patient,Control
feature_classical_tsfresh,left,Fold_3,svm_rbf_fresh,GaPt27,1,1,0.0393709161331685,Patient,Patient
feature_classical_tsfresh,left,Fold_3,svm_rbf_fresh,GaPt28,1,1,0.0309344616610753,Patient,Patient
feature_classical_tsfresh,left,Fold_3,svm_rbf_fresh,JuCo01,0,0,-0.057675995297713,Control,Control
feature_classical_tsfresh,left,Fold_3,svm_rbf_fresh,JuCo04,0,1,0.0142506633948795,Control,Patient
feature_classical_tsfresh,left,Fold_3,svm_rbf_fresh,JuCo14,0,0,-0.0352827490590761,Control,Control
feature_classical_tsfresh,left,Fold_3,svm_rbf_fresh,JuCo17,0,0,-0.0048276040444576,Control,Control
feature_classical_tsfresh,left,Fold_3,svm_rbf_fresh,JuPt05,1,1,0.047038635908327,Patient,Patient
feature_classical_tsfresh,left,Fold_3,svm_rbf_fresh,JuPt07,1,1,0.0165654219536228,Patient,Patient
feature_classical_tsfresh,left,Fold_3,svm_rbf_fresh,SiCo06,0,0,-0.1632493857311077,Control,Control
feature_classical_tsfresh,left,Fold_3,svm_rbf_fresh,SiCo11,0,1,0.0177479306773229,Control,Patient
feature_classical_tsfresh,left,Fold_3,svm_rbf_fresh,SiCo23,0,0,-0.2075269574750046,Control,Control
feature_classical_tsfresh,left,Fold_3,svm_rbf_fresh,SiPt33,1,0,-0.0302378332421824,Patient,Control
feature_classical_tsfresh,left,Fold_3,svm_rbf_fresh,SiPt38,1,0,-0.1813502178026088,Patient,Control
feature_classical,right,Fold_3,random_forest,GaCo03,0,0,0.062266865079365,Control,Control
feature_classical,right,Fold_3,random_forest,GaCo08,0,1,0.7125763888888892,Control,Patient
feature_classical,right,Fold_3,random_forest,GaCo17,0,0,0.0120892857142857,Control,Control
feature_classical,right,Fold_3,random_forest,GaPt05,1,1,0.5594066558441555,Patient,Patient
feature_classical,right,Fold_3,random_forest,GaPt07,1,1,0.9852232142857144,Patient,Patient
feature_classical,right,Fold_3,random_forest,GaPt16,1,1,0.7723538961038963,Patient,Patient
feature_classical,right,Fold_3,random_forest,GaPt19,1,1,0.6376298701298703,Patient,Patient
feature_classical,right,Fold_3,random_forest,GaPt27,1,1,0.8748985389610391,Patient,Patient
feature_classical,right,Fold_3,random_forest,GaPt28,1,1,0.9160007215007218,Patient,Patient
feature_classical,right,Fold_3,random_forest,JuCo01,0,0,0.2266009199134199,Control,Control
feature_classical,right,Fold_3,random_forest,JuCo04,0,0,0.1004345238095238,Control,Control
feature_classical,right,Fold_3,random_forest,JuCo14,0,1,0.615578373015873,Control,Patient
feature_classical,right,Fold_3,random_forest,JuCo17,0,0,0.1424858405483405,Control,Control
feature_classical,right,Fold_3,random_forest,JuPt05,1,1,0.6511418650793652,Patient,Patient
feature_classical,right,Fold_3,random_forest,JuPt07,1,0,0.2992460317460317,Patient,Control
feature_classical,right,Fold_3,random_forest,SiCo06,0,0,0.3912259199134199,Control,Control
feature_classical,right,Fold_3,random_forest,SiCo11,0,0,0.0341277056277056,Control,Control
feature_classical,right,Fold_3,random_forest,SiCo23,0,0,0.4643459595959596,Control,Control
feature_classical,right,Fold_3,random_forest,SiPt33,1,0,0.3639741161616163,Patient,Control
feature_classical,right,Fold_3,random_forest,SiPt38,1,0,0.2584304653679654,Patient,Control
feature_classical,right,Fold_3,linear_svm,GaCo03,0,0,-0.6526293975057015,Control,Control
feature_classical,right,Fold_3,linear_svm,GaCo08,0,1,0.1269558318243167,Control,Patient
feature_classical,right,Fold_3,linear_svm,GaCo17,0,0,-1.1466859395497206,Control,Control
feature_classical,right,Fold_3,linear_svm,GaPt05,1,1,0.0143898496931085,Patient,Patient
feature_classical,right,Fold_3,linear_svm,GaPt07,1,1,0.9062796030632536,Patient,Patient
feature_classical,right,Fold_3,linear_svm,GaPt16,1,1,0.3348126181440161,Patient,Patient
feature_classical,right,Fold_3,linear_svm,GaPt19,1,0,-0.062178303358725,Patient,Control
feature_classical,right,Fold_3,linear_svm,GaPt27,1,1,0.354593052843734,Patient,Patient
feature_classical,right,Fold_3,linear_svm,GaPt28,1,1,0.6232944769690346,Patient,Patient
feature_classical,right,Fold_3,linear_svm,JuCo01,0,0,-0.2497792979906194,Control,Control
feature_classical,right,Fold_3,linear_svm,JuCo04,0,0,-1.0921193114092562,Control,Control
feature_classical,right,Fold_3,linear_svm,JuCo14,0,1,0.0527820944027177,Control,Patient
feature_classical,right,Fold_3,linear_svm,JuCo17,0,0,-0.4514833065074932,Control,Control
feature_classical,right,Fold_3,linear_svm,JuPt05,1,1,0.0835395409880011,Patient,Patient
feature_classical,right,Fold_3,linear_svm,JuPt07,1,0,-0.3796241479885008,Patient,Control
feature_classical,right,Fold_3,linear_svm,SiCo06,0,0,-0.1811750693313732,Control,Control
feature_classical,right,Fold_3,linear_svm,SiCo11,0,0,-0.8161306943847958,Control,Control
feature_classical,right,Fold_3,linear_svm,SiCo23,0,0,-0.066179409611662,Control,Control
feature_classical,right,Fold_3,linear_svm,SiPt33,1,0,-0.120271293502185,Patient,Control
feature_classical,right,Fold_3,linear_svm,SiPt38,1,0,-0.2675389117051535,Patient,Control
feature_classical,right,Fold_3,svm_rbf,GaCo03,0,0,-1.3685735324298491,Control,Control
feature_classical,right,Fold_3,svm_rbf,GaCo08,0,1,0.4817091774035228,Control,Patient
feature_classical,right,Fold_3,svm_rbf,GaCo17,0,0,-1.7803319936384412,Control,Control
feature_classical,right,Fold_3,svm_rbf,GaPt05,1,1,0.2093839400285165,Patient,Patient
feature_classical,right,Fold_3,svm_rbf,GaPt07,1,1,1.685510415606435,Patient,Patient
feature_classical,right,Fold_3,svm_rbf,GaPt16,1,1,1.0035597568300596,Patient,Patient
feature_classical,right,Fold_3,svm_rbf,GaPt19,1,0,-0.0257827750305721,Patient,Control
feature_classical,right,Fold_3,svm_rbf,GaPt27,1,1,0.9782257589863176,Patient,Patient
feature_classical,right,Fold_3,svm_rbf,GaPt28,1,1,1.4906997209483754,Patient,Patient
feature_classical,right,Fold_3,svm_rbf,JuCo01,0,0,-0.6348512437191574,Control,Control
feature_classical,right,Fold_3,svm_rbf,JuCo04,0,0,-1.025106400226497,Control,Control
feature_classical,right,Fold_3,svm_rbf,JuCo14,0,1,0.2144533731674137,Control,Patient
feature_classical,right,Fold_3,svm_rbf,JuCo17,0,0,-1.0315111715195924,Control,Control
feature_classical,right,Fold_3,svm_rbf,JuPt05,1,1,0.0840390747513071,Patient,Patient
feature_classical,right,Fold_3,svm_rbf,JuPt07,1,0,-0.8791128781722317,Patient,Control
feature_classical,right,Fold_3,svm_rbf,SiCo06,0,0,-0.4182187527392863,Control,Control
feature_classical,right,Fold_3,svm_rbf,SiCo11,0,0,-1.3686519145533902,Control,Control
feature_classical,right,Fold_3,svm_rbf,SiCo23,0,0,-0.1465845935644332,Control,Control
feature_classical,right,Fold_3,svm_rbf,SiPt33,1,0,-0.2218036795894266,Patient,Control
feature_classical,right,Fold_3,svm_rbf,SiPt38,1,0,-0.5629373004850103,Patient,Control
feature_classical_tsfresh,right,Fold_3,random_forest_fresh,GaCo03,0,0,0.3815500541125539,Control,Control
feature_classical_tsfresh,right,Fold_3,random_forest_fresh,GaCo08,0,1,0.7605664682539682,Control,Patient
feature_classical_tsfresh,right,Fold_3,random_forest_fresh,GaCo17,0,0,0.0118958333333333,Control,Control
feature_classical_tsfresh,right,Fold_3,random_forest_fresh,GaPt05,1,0,0.4445029761904761,Patient,Control
feature_classical_tsfresh,right,Fold_3,random_forest_fresh,GaPt07,1,1,0.9930416666666668,Patient,Patient
feature_classical_tsfresh,right,Fold_3,random_forest_fresh,GaPt16,1,1,0.7519444444444443,Patient,Patient
feature_classical_tsfresh,right,Fold_3,random_forest_fresh,GaPt19,1,1,0.5748829365079365,Patient,Patient
feature_classical_tsfresh,right,Fold_3,random_forest_fresh,GaPt27,1,1,0.7726458333333336,Patient,Patient
feature_classical_tsfresh,right,Fold_3,random_forest_fresh,GaPt28,1,1,0.8833779761904765,Patient,Patient
feature_classical_tsfresh,right,Fold_3,random_forest_fresh,JuCo01,0,0,0.3169855699855699,Control,Control
feature_classical_tsfresh,right,Fold_3,random_forest_fresh,JuCo04,0,0,0.1338878968253968,Control,Control
feature_classical_tsfresh,right,Fold_3,random_forest_fresh,JuCo14,0,1,0.5963382936507937,Control,Patient
feature_classical_tsfresh,right,Fold_3,random_forest_fresh,JuCo17,0,0,0.2271760461760461,Control,Control
feature_classical_tsfresh,right,Fold_3,random_forest_fresh,JuPt05,1,0,0.4806041666666665,Patient,Control
feature_classical_tsfresh,right,Fold_3,random_forest_fresh,JuPt07,1,0,0.3077291666666666,Patient,Control
feature_classical_tsfresh,right,Fold_3,random_forest_fresh,SiCo06,0,0,0.2140446428571428,Control,Control
feature_classical_tsfresh,right,Fold_3,random_forest_fresh,SiCo11,0,0,0.0766021825396825,Control,Control
feature_classical_tsfresh,right,Fold_3,random_forest_fresh,SiCo23,0,0,0.4700625000000001,Control,Control
feature_classical_tsfresh,right,Fold_3,random_forest_fresh,SiPt33,1,0,0.420139880952381,Patient,Control
feature_classical_tsfresh,right,Fold_3,random_forest_fresh,SiPt38,1,0,0.2253809523809523,Patient,Control
feature_classical_tsfresh,right,Fold_3,linear_svm_fresh,GaCo03,0,0,-0.0220791344672778,Control,Control
feature_classical_tsfresh,right,Fold_3,linear_svm_fresh,GaCo08,0,1,0.7024371251522965,Control,Patient
feature_classical_tsfresh,right,Fold_3,linear_svm_fresh,GaCo17,0,0,-1.9485602089317964,Control,Control
feature_classical_tsfresh,right,Fold_3,linear_svm_fresh,GaPt05,1,1,0.0424039072506392,Patient,Patient
feature_classical_tsfresh,right,Fold_3,linear_svm_fresh,GaPt07,1,1,3.008903795842377,Patient,Patient
feature_classical_tsfresh,right,Fold_3,linear_svm_fresh,GaPt16,1,1,0.3432630083786509,Patient,Patient
feature_classical_tsfresh,right,Fold_3,linear_svm_fresh,GaPt19,1,0,-0.0271931287663449,Patient,Control
feature_classical_tsfresh,right,Fold_3,linear_svm_fresh,GaPt27,1,1,0.2116030308498424,Patient,Patient
feature_classical_tsfresh,right,Fold_3,linear_svm_fresh,GaPt28,1,1,1.1953316893142882,Patient,Patient
feature_classical_tsfresh,right,Fold_3,linear_svm_fresh,JuCo01,0,0,-0.4306028113711245,Control,Control
feature_classical_tsfresh,right,Fold_3,linear_svm_fresh,JuCo04,0,0,-1.1175259738988976,Control,Control
feature_classical_tsfresh,right,Fold_3,linear_svm_fresh,JuCo14,0,0,-0.1445283198323509,Control,Control
feature_classical_tsfresh,right,Fold_3,linear_svm_fresh,JuCo17,0,0,-1.2493314518883225,Control,Control
feature_classical_tsfresh,right,Fold_3,linear_svm_fresh,JuPt05,1,1,0.064568532694465,Patient,Patient
feature_classical_tsfresh,right,Fold_3,linear_svm_fresh,JuPt07,1,0,-0.5563730458619125,Patient,Control
feature_classical_tsfresh,right,Fold_3,linear_svm_fresh,SiCo06,0,0,-1.0212935805297954,Control,Control
feature_classical_tsfresh,right,Fold_3,linear_svm_fresh,SiCo11,0,0,-1.7577437590567406,Control,Control
feature_classical_tsfresh,right,Fold_3,linear_svm_fresh,SiCo23,0,0,-0.4403181000121053,Control,Control
feature_classical_tsfresh,right,Fold_3,linear_svm_fresh,SiPt33,1,1,0.1929517709146885,Patient,Patient
feature_classical_tsfresh,right,Fold_3,linear_svm_fresh,SiPt38,1,0,-0.3919784646775503,Patient,Control
feature_classical_tsfresh,right,Fold_3,svm_rbf_fresh,GaCo03,0,0,-0.3814245717687591,Control,Control
feature_classical_tsfresh,right,Fold_3,svm_rbf_fresh,GaCo08,0,1,0.7036820325833253,Control,Patient
feature_classical_tsfresh,right,Fold_3,svm_rbf_fresh,GaCo17,0,0,-1.5972830627883972,Control,Control
feature_classical_tsfresh,right,Fold_3,svm_rbf_fresh,GaPt05,1,0,-0.0245029328357277,Patient,Control
feature_classical_tsfresh,right,Fold_3,svm_rbf_fresh,GaPt07,1,1,1.4811853210944643,Patient,Patient
feature_classical_tsfresh,right,Fold_3,svm_rbf_fresh,GaPt16,1,1,0.3932433460218207,Patient,Patient
feature_classical_tsfresh,right,Fold_3,svm_rbf_fresh,GaPt19,1,0,-0.1959918617268412,Patient,Control
feature_classical_tsfresh,right,Fold_3,svm_rbf_fresh,GaPt27,1,1,0.3516033139657878,Patient,Patient
feature_classical_tsfresh,right,Fold_3,svm_rbf_fresh,GaPt28,1,1,1.2780908416322352,Patient,Patient
feature_classical_tsfresh,right,Fold_3,svm_rbf_fresh,JuCo01,0,0,-0.4528817119539282,Control,Control
feature_classical_tsfresh,right,Fold_3,svm_rbf_fresh,JuCo04,0,0,-0.9580692625820136,Control,Control
feature_classical_tsfresh,right,Fold_3,svm_rbf_fresh,JuCo14,0,1,0.0287546310902906,Control,Patient
feature_classical_tsfresh,right,Fold_3,svm_rbf_fresh,JuCo17,0,0,-1.0150540411603677,Control,Control
feature_classical_tsfresh,right,Fold_3,svm_rbf_fresh,JuPt05,1,1,0.1009715025830219,Patient,Patient
feature_classical_tsfresh,right,Fold_3,svm_rbf_fresh,JuPt07,1,0,-0.4202849152529966,Patient,Control
feature_classical_tsfresh,right,Fold_3,svm_rbf_fresh,SiCo06,0,0,-0.9541653459634098,Control,Control
feature_classical_tsfresh,right,Fold_3,svm_rbf_fresh,SiCo11,0,0,-0.6194232077174868,Control,Control
feature_classical_tsfresh,right,Fold_3,svm_rbf_fresh,SiCo23,0,0,-0.2682692558082958,Control,Control
feature_classical_tsfresh,right,Fold_3,svm_rbf_fresh,SiPt33,1,1,0.1767414437687168,Patient,Patient
feature_classical_tsfresh,right,Fold_3,svm_rbf_fresh,SiPt38,1,0,-0.5188898099028436,Patient,Control
feature_classical,combined,Fold_3,random_forest,GaCo03,0,0,0.055,Control,Control
feature_classical,combined,Fold_3,random_forest,GaCo08,0,1,0.8125,Control,Patient
feature_classical,combined,Fold_3,random_forest,GaCo17,0,0,0.005,Control,Control
feature_classical,combined,Fold_3,random_forest,GaPt05,1,1,0.67,Patient,Patient
feature_classical,combined,Fold_3,random_forest,GaPt07,1,1,0.995,Patient,Patient
feature_classical,combined,Fold_3,random_forest,GaPt16,1,1,0.7175,Patient,Patient
feature_classical,combined,Fold_3,random_forest,GaPt19,1,1,0.6125,Patient,Patient
feature_classical,combined,Fold_3,random_forest,GaPt27,1,1,0.85,Patient,Patient
feature_classical,combined,Fold_3,random_forest,GaPt28,1,1,0.8925,Patient,Patient
feature_classical,combined,Fold_3,random_forest,JuCo01,0,0,0.21,Control,Control
feature_classical,combined,Fold_3,random_forest,JuCo04,0,0,0.045,Control,Control
feature_classical,combined,Fold_3,random_forest,JuCo14,0,1,0.555,Control,Patient
feature_classical,combined,Fold_3,random_forest,JuCo17,0,0,0.1275,Control,Control
feature_classical,combined,Fold_3,random_forest,JuPt05,1,1,0.6425,Patient,Patient
feature_classical,combined,Fold_3,random_forest,JuPt07,1,0,0.3425,Patient,Control
feature_classical,combined,Fold_3,random_forest,SiCo06,0,0,0.49,Control,Control
feature_classical,combined,Fold_3,random_forest,SiCo11,0,0,0.02,Control,Control
feature_classical,combined,Fold_3,random_forest,SiCo23,0,1,0.53,Control,Patient
feature_classical,combined,Fold_3,random_forest,SiPt33,1,0,0.305,Patient,Control
feature_classical,combined,Fold_3,random_forest,SiPt38,1,0,0.2075,Patient,Control
feature_classical,combined,Fold_3,linear_svm,GaCo03,0,0,-1.5138572805531745,Control,Control
feature_classical,combined,Fold_3,linear_svm,GaCo08,0,1,0.561039870053914,Control,Patient
feature_classical,combined,Fold_3,linear_svm,GaCo17,0,0,-2.737824867091361,Control,Control
feature_classical,combined,Fold_3,linear_svm,GaPt05,1,1,0.2910721099194207,Patient,Patient
feature_classical,combined,Fold_3,linear_svm,GaPt07,1,1,2.7012181968957725,Patient,Patient
feature_classical,combined,Fold_3,linear_svm,GaPt16,1,1,1.20880927695734,Patient,Patient
feature_classical,combined,Fold_3,linear_svm,GaPt19,1,1,0.0001135311050937,Patient,Patient
feature_classical,combined,Fold_3,linear_svm,GaPt27,1,1,1.2092651039762805,Patient,Patient
feature_classical,combined,Fold_3,linear_svm,GaPt28,1,1,1.9419414136821984,Patient,Patient
feature_classical,combined,Fold_3,linear_svm,JuCo01,0,0,-0.5465337397052793,Control,Control
feature_classical,combined,Fold_3,linear_svm,JuCo04,0,0,-2.276505231495862,Control,Control
feature_classical,combined,Fold_3,linear_svm,JuCo14,0,1,0.3532639995472056,Control,Patient
feature_classical,combined,Fold_3,linear_svm,JuCo17,0,0,-1.045705279859271,Control,Control
feature_classical,combined,Fold_3,linear_svm,JuPt05,1,1,0.213946707972587,Patient,Patient
feature_classical,combined,Fold_3,linear_svm,JuPt07,1,0,-0.8968101932972171,Patient,Control
feature_classical,combined,Fold_3,linear_svm,SiCo06,0,0,-0.412132341562984,Control,Control
feature_classical,combined,Fold_3,linear_svm,SiCo11,0,0,-1.8941349115750816,Control,Control
feature_classical,combined,Fold_3,linear_svm,SiCo23,0,0,-0.1181105573683007,Control,Control
feature_classical,combined,Fold_3,linear_svm,SiPt33,1,0,-0.1748561360833377,Patient,Control
feature_classical,combined,Fold_3,linear_svm,SiPt38,1,0,-0.5327405598892826,Patient,Control
feature_classical,combined,Fold_3,svm_rbf,GaCo03,0,0,-0.909967707572004,Control,Control
feature_classical,combined,Fold_3,svm_rbf,GaCo08,0,1,0.4653483682596112,Control,Patient
feature_classical,combined,Fold_3,svm_rbf,GaCo17,0,0,-0.8644565583493323,Control,Control
feature_classical,combined,Fold_3,svm_rbf,GaPt05,1,1,0.2089296606589159,Patient,Patient
feature_classical,combined,Fold_3,svm_rbf,GaPt07,1,1,0.798975497721684,Patient,Patient
feature_classical,combined,Fold_3,svm_rbf,GaPt16,1,1,0.7453869283928076,Patient,Patient
feature_classical,combined,Fold_3,svm_rbf,GaPt19,1,1,0.0951109353421313,Patient,Patient
feature_classical,combined,Fold_3,svm_rbf,GaPt27,1,1,0.7044426545780521,Patient,Patient
feature_classical,combined,Fold_3,svm_rbf,GaPt28,1,1,0.918695763223672,Patient,Patient
feature_classical,combined,Fold_3,svm_rbf,JuCo01,0,0,-0.2771457479744242,Control,Control
feature_classical,combined,Fold_3,svm_rbf,JuCo04,0,0,-0.1958866098576281,Control,Control
feature_classical,combined,Fold_3,svm_rbf,JuCo14,0,1,0.2993715838790094,Control,Patient
feature_classical,combined,Fold_3,svm_rbf,JuCo17,0,0,-0.528140904808749,Control,Control
feature_classical,combined,Fold_3,svm_rbf,JuPt05,1,1,0.2971238396074023,Patient,Patient
feature_classical,combined,Fold_3,svm_rbf,JuPt07,1,0,-0.3731217420669994,Patient,Control
feature_classical,combined,Fold_3,svm_rbf,SiCo06,0,0,-0.0632166083264626,Control,Control
feature_classical,combined,Fold_3,svm_rbf,SiCo11,0,0,-0.6069542131075928,Control,Control
feature_classical,combined,Fold_3,svm_rbf,SiCo23,0,1,0.0800539524764142,Control,Patient
feature_classical,combined,Fold_3,svm_rbf,SiPt33,1,0,-0.0293568337308033,Patient,Control
feature_classical,combined,Fold_3,svm_rbf,SiPt38,1,0,-0.310388089855654,Patient,Control
feature_classical_tsfresh,combined,Fold_3,random_forest_fresh,GaCo03,0,0,0.335,Control,Control
feature_classical_tsfresh,combined,Fold_3,random_forest_fresh,GaCo08,0,1,0.66,Control,Patient
feature_classical_tsfresh,combined,Fold_3,random_forest_fresh,GaCo17,0,0,0.0,Control,Control
feature_classical_tsfresh,combined,Fold_3,random_forest_fresh,GaPt05,1,0,0.1825,Patient,Control
feature_classical_tsfresh,combined,Fold_3,random_forest_fresh,GaPt07,1,1,1.0,Patient,Patient
feature_classical_tsfresh,combined,Fold_3,random_forest_fresh,GaPt16,1,1,0.58,Patient,Patient
feature_classical_tsfresh,combined,Fold_3,random_forest_fresh,GaPt19,1,1,0.7275,Patient,Patient
feature_classical_tsfresh,combined,Fold_3,random_forest_fresh,GaPt27,1,1,0.8175,Patient,Patient
feature_classical_tsfresh,combined,Fold_3,random_forest_fresh,GaPt28,1,1,0.8525,Patient,Patient
feature_classical_tsfresh,combined,Fold_3,random_forest_fresh,JuCo01,0,1,0.6575,Control,Patient
feature_classical_tsfresh,combined,Fold_3,random_forest_fresh,JuCo04,0,0,0.1275,Control,Control
feature_classical_tsfresh,combined,Fold_3,random_forest_fresh,JuCo14,0,1,0.725,Control,Patient
feature_classical_tsfresh,combined,Fold_3,random_forest_fresh,JuCo17,0,0,0.2325,Control,Control
feature_classical_tsfresh,combined,Fold_3,random_forest_fresh,JuPt05,1,1,0.5175,Patient,Patient
feature_classical_tsfresh,combined,Fold_3,random_forest_fresh,JuPt07,1,0,0.37,Patient,Control
feature_classical_tsfresh,combined,Fold_3,random_forest_fresh,SiCo06,0,0,0.035,Control,Control
feature_classical_tsfresh,combined,Fold_3,random_forest_fresh,SiCo11,0,0,0.06,Control,Control
feature_classical_tsfresh,combined,Fold_3,random_forest_fresh,SiCo23,0,0,0.33,Control,Control
feature_classical_tsfresh,combined,Fold_3,random_forest_fresh,SiPt33,1,0,0.1575,Patient,Control
feature_classical_tsfresh,combined,Fold_3,random_forest_fresh,SiPt38,1,0,0.1675,Patient,Control
feature_classical_tsfresh,combined,Fold_3,linear_svm_fresh,GaCo03,0,0,-0.0655180394579029,Control,Control
feature_classical_tsfresh,combined,Fold_3,linear_svm_fresh,GaCo08,0,1,0.6873605546902749,Control,Patient
feature_classical_tsfresh,combined,Fold_3,linear_svm_fresh,GaCo17,0,0,-2.32605147917464,Control,Control
feature_classical_tsfresh,combined,Fold_3,linear_svm_fresh,GaPt05,1,0,-0.2491166880551032,Patient,Control
feature_classical_tsfresh,combined,Fold_3,linear_svm_fresh,GaPt07,1,1,3.531471213538277,Patient,Patient
feature_classical_tsfresh,combined,Fold_3,linear_svm_fresh,GaPt16,1,1,0.5532509105900854,Patient,Patient
feature_classical_tsfresh,combined,Fold_3,linear_svm_fresh,GaPt19,1,0,-0.2142514060783781,Patient,Control
feature_classical_tsfresh,combined,Fold_3,linear_svm_fresh,GaPt27,1,1,0.0638570682182763,Patient,Patient
feature_classical_tsfresh,combined,Fold_3,linear_svm_fresh,GaPt28,1,1,1.1749496610941244,Patient,Patient
feature_classical_tsfresh,combined,Fold_3,linear_svm_fresh,JuCo01,0,0,-0.7413570703218504,Control,Control
feature_classical_tsfresh,combined,Fold_3,linear_svm_fresh,JuCo04,0,0,-1.4201197699296757,Control,Control
feature_classical_tsfresh,combined,Fold_3,linear_svm_fresh,JuCo14,0,0,-0.3831300649724977,Control,Control
feature_classical_tsfresh,combined,Fold_3,linear_svm_fresh,JuCo17,0,0,-1.3522884283549486,Control,Control
feature_classical_tsfresh,combined,Fold_3,linear_svm_fresh,JuPt05,1,0,-0.1784142224827957,Patient,Control
feature_classical_tsfresh,combined,Fold_3,linear_svm_fresh,JuPt07,1,0,-0.559153366658787,Patient,Control
feature_classical_tsfresh,combined,Fold_3,linear_svm_fresh,SiCo06,0,0,-1.426141834415174,Control,Control
feature_classical_tsfresh,combined,Fold_3,linear_svm_fresh,SiCo11,0,0,-1.975214133759508,Control,Control
feature_classical_tsfresh,combined,Fold_3,linear_svm_fresh,SiCo23,0,0,-0.8002126683853583,Control,Control
feature_classical_tsfresh,combined,Fold_3,linear_svm_fresh,SiPt33,1,0,-0.0375846265164587,Patient,Control
feature_classical_tsfresh,combined,Fold_3,linear_svm_fresh,SiPt38,1,0,-0.7922749661587501,Patient,Control
feature_classical_tsfresh,combined,Fold_3,svm_rbf_fresh,GaCo03,0,0,-0.0058712957835721,Control,Control
feature_classical_tsfresh,combined,Fold_3,svm_rbf_fresh,GaCo08,0,1,0.0419755692880399,Control,Patient
feature_classical_tsfresh,combined,Fold_3,svm_rbf_fresh,GaCo17,0,0,-0.0218792265524464,Control,Control
feature_classical_tsfresh,combined,Fold_3,svm_rbf_fresh,GaPt05,1,1,0.0018274589194866,Patient,Patient
feature_classical_tsfresh,combined,Fold_3,svm_rbf_fresh,GaPt07,1,1,0.0030730251922076,Patient,Patient
feature_classical_tsfresh,combined,Fold_3,svm_rbf_fresh,GaPt16,1,1,0.0067243610870946,Patient,Patient
feature_classical_tsfresh,combined,Fold_3,svm_rbf_fresh,GaPt19,1,0,-0.017758000552608,Patient,Control
feature_classical_tsfresh,combined,Fold_3,svm_rbf_fresh,GaPt27,1,1,0.0109822190892684,Patient,Patient
feature_classical_tsfresh,combined,Fold_3,svm_rbf_fresh,GaPt28,1,1,0.0032008743912682,Patient,Patient
feature_classical_tsfresh,combined,Fold_3,svm_rbf_fresh,JuCo01,0,0,-0.0071642596742497,Control,Control
feature_classical_tsfresh,combined,Fold_3,svm_rbf_fresh,JuCo04,0,1,0.0022609569541284,Control,Patient
feature_classical_tsfresh,combined,Fold_3,svm_rbf_fresh,JuCo14,0,0,-0.006548105207221,Control,Control
feature_classical_tsfresh,combined,Fold_3,svm_rbf_fresh,JuCo17,0,1,0.000903219595212,Control,Patient
feature_classical_tsfresh,combined,Fold_3,svm_rbf_fresh,JuPt05,1,1,0.0057659761047851,Patient,Patient
feature_classical_tsfresh,combined,Fold_3,svm_rbf_fresh,JuPt07,1,1,0.0019448458862875,Patient,Patient
feature_classical_tsfresh,combined,Fold_3,svm_rbf_fresh,SiCo06,0,0,-0.0161515217548352,Control,Control
feature_classical_tsfresh,combined,Fold_3,svm_rbf_fresh,SiCo11,0,1,0.0026816713281518,Control,Patient
feature_classical_tsfresh,combined,Fold_3,svm_rbf_fresh,SiCo23,0,0,-0.0254868716334026,Control,Control
feature_classical_tsfresh,combined,Fold_3,svm_rbf_fresh,SiPt33,1,0,-0.0138579818810205,Patient,Control
feature_classical_tsfresh,combined,Fold_3,svm_rbf_fresh,SiPt38,1,0,-0.0377475811483739,Patient,Control
feature_classical,enhanced,Fold_3,random_forest,GaCo03,0,0,0.3328988095238094,Control,Control
feature_classical,enhanced,Fold_3,random_forest,GaCo08,0,1,0.8189513888888891,Control,Patient
feature_classical,enhanced,Fold_3,random_forest,GaCo17,0,0,0.02375,Control,Control
feature_classical,enhanced,Fold_3,random_forest,GaPt05,1,1,0.597749007936508,Patient,Patient
feature_classical,enhanced,Fold_3,random_forest,GaPt07,1,1,0.975452380952381,Patient,Patient
feature_classical,enhanced,Fold_3,random_forest,GaPt16,1,1,0.7328065476190477,Patient,Patient
feature_classical,enhanced,Fold_3,random_forest,GaPt19,1,1,0.5007232142857143,Patient,Patient
feature_classical,enhanced,Fold_3,random_forest,GaPt27,1,1,0.6474940476190477,Patient,Patient
feature_classical,enhanced,Fold_3,random_forest,GaPt28,1,1,0.8530565476190476,Patient,Patient
feature_classical,enhanced,Fold_3,random_forest,JuCo01,0,0,0.301078373015873,Control,Control
feature_classical,enhanced,Fold_3,random_forest,JuCo04,0,0,0.1264761904761904,Control,Control
feature_classical,enhanced,Fold_3,random_forest,JuCo14,0,1,0.5100307539682537,Control,Patient
feature_classical,enhanced,Fold_3,random_forest,JuCo17,0,0,0.1017371031746031,Control,Control
feature_classical,enhanced,Fold_3,random_forest,JuPt05,1,1,0.5756527777777776,Patient,Patient
feature_classical,enhanced,Fold_3,random_forest,JuPt07,1,0,0.4519156746031747,Patient,Control
feature_classical,enhanced,Fold_3,random_forest,SiCo06,0,0,0.2457400793650793,Control,Control
feature_classical,enhanced,Fold_3,random_forest,SiCo11,0,0,0.1070585317460317,Control,Control
feature_classical,enhanced,Fold_3,random_forest,SiCo23,0,0,0.4771547619047619,Control,Control
feature_classical,enhanced,Fold_3,random_forest,SiPt33,1,0,0.456407738095238,Patient,Control
feature_classical,enhanced,Fold_3,random_forest,SiPt38,1,0,0.3200565476190475,Patient,Control
feature_classical,enhanced,Fold_3,linear_svm,GaCo03,0,0,-0.6170890026565407,Control,Control
feature_classical,enhanced,Fold_3,linear_svm,GaCo08,0,1,0.1961949385196041,Control,Patient
feature_classical,enhanced,Fold_3,linear_svm,GaCo17,0,0,-0.9828711787426836,Control,Control
feature_classical,enhanced,Fold_3,linear_svm,GaPt05,1,1,0.0057610867072894,Patient,Patient
feature_classical,enhanced,Fold_3,linear_svm,GaPt07,1,1,0.9429204496173988,Patient,Patient
feature_classical,enhanced,Fold_3,linear_svm,GaPt16,1,1,0.5507380702343516,Patient,Patient
feature_classical,enhanced,Fold_3,linear_svm,GaPt19,1,1,0.0914682582741272,Patient,Patient
feature_classical,enhanced,Fold_3,linear_svm,GaPt27,1,1,0.5312621355667512,Patient,Patient
feature_classical,enhanced,Fold_3,linear_svm,GaPt28,1,1,0.7046154333445992,Patient,Patient
feature_classical,enhanced,Fold_3,linear_svm,JuCo01,0,0,-0.0904609803779441,Control,Control
feature_classical,enhanced,Fold_3,linear_svm,JuCo04,0,0,-1.4148358076622334,Control,Control
feature_classical,enhanced,Fold_3,linear_svm,JuCo14,0,1,0.4493119438480843,Control,Patient
feature_classical,enhanced,Fold_3,linear_svm,JuCo17,0,0,-0.3819855071768582,Control,Control
feature_classical,enhanced,Fold_3,linear_svm,JuPt05,1,1,0.2635845445198676,Patient,Patient
feature_classical,enhanced,Fold_3,linear_svm,JuPt07,1,0,-0.2045687005025274,Patient,Control
feature_classical,enhanced,Fold_3,linear_svm,SiCo06,0,0,-0.1578225211795977,Control,Control
feature_classical,enhanced,Fold_3,linear_svm,SiCo11,0,0,-0.4590976908587615,Control,Control
feature_classical,enhanced,Fold_3,linear_svm,SiCo23,0,0,-0.0558861321742125,Control,Control
feature_classical,enhanced,Fold_3,linear_svm,SiPt33,1,0,-0.0784998808762757,Patient,Control
feature_classical,enhanced,Fold_3,linear_svm,SiPt38,1,0,-0.2747180380824023,Patient,Control
feature_classical,enhanced,Fold_3,svm_rbf,GaCo03,0,0,-0.2673070511811701,Control,Control
feature_classical,enhanced,Fold_3,svm_rbf,GaCo08,0,1,0.0628393675048994,Control,Patient
feature_classical,enhanced,Fold_3,svm_rbf,GaCo17,0,0,-0.4574107706493933,Control,Control
feature_classical,enhanced,Fold_3,svm_rbf,GaPt05,1,1,0.0093832271275837,Patient,Patient
feature_classical,enhanced,Fold_3,svm_rbf,GaPt07,1,1,0.3725876218040926,Patient,Patient
feature_classical,enhanced,Fold_3,svm_rbf,GaPt16,1,1,0.1452537624226427,Patient,Patient
feature_classical,enhanced,Fold_3,svm_rbf,GaPt19,1,0,-0.0378128336623636,Patient,Control
feature_classical,enhanced,Fold_3,svm_rbf,GaPt27,1,1,0.1595592343596079,Patient,Patient
feature_classical,enhanced,Fold_3,svm_rbf,GaPt28,1,1,0.265931735350783,Patient,Patient
feature_classical,enhanced,Fold_3,svm_rbf,JuCo01,0,0,-0.0940198343476357,Control,Control
feature_classical,enhanced,Fold_3,svm_rbf,JuCo04,0,0,-0.408983613548595,Control,Control
feature_classical,enhanced,Fold_3,svm_rbf,JuCo14,0,1,0.0398149169395283,Control,Patient
feature_classical,enhanced,Fold_3,svm_rbf,JuCo17,0,0,-0.207380536386856,Control,Control
feature_classical,enhanced,Fold_3,svm_rbf,JuPt05,1,1,0.0376853082952639,Patient,Patient
feature_classical,enhanced,Fold_3,svm_rbf,JuPt07,1,0,-0.1484507057190176,Patient,Control
feature_classical,enhanced,Fold_3,svm_rbf,SiCo06,0,0,-0.0960977554899339,Control,Control
feature_classical,enhanced,Fold_3,svm_rbf,SiCo11,0,0,-0.333686323486362,Control,Control
feature_classical,enhanced,Fold_3,svm_rbf,SiCo23,0,0,-0.0454193223713207,Control,Control
feature_classical,enhanced,Fold_3,svm_rbf,SiPt33,1,0,-0.0543424887561834,Patient,Control
feature_classical,enhanced,Fold_3,svm_rbf,SiPt38,1,0,-0.1084082660376011,Patient,Control
feature_classical_tsfresh,enhanced,Fold_3,random_forest_fresh,GaCo03,0,0,0.425,Control,Control
feature_classical_tsfresh,enhanced,Fold_3,random_forest_fresh,GaCo08,0,1,0.7525,Control,Patient
feature_classical_tsfresh,enhanced,Fold_3,random_forest_fresh,GaCo17,0,0,0.0125,Control,Control
feature_classical_tsfresh,enhanced,Fold_3,random_forest_fresh,GaPt05,1,0,0.5,Patient,Control
feature_classical_tsfresh,enhanced,Fold_3,random_forest_fresh,GaPt07,1,1,0.95,Patient,Patient
feature_classical_tsfresh,enhanced,Fold_3,random_forest_fresh,GaPt16,1,1,0.6325,Patient,Patient
feature_classical_tsfresh,enhanced,Fold_3,random_forest_fresh,GaPt19,1,1,0.5325,Patient,Patient
feature_classical_tsfresh,enhanced,Fold_3,random_forest_fresh,GaPt27,1,1,0.6125,Patient,Patient
feature_classical_tsfresh,enhanced,Fold_3,random_forest_fresh,GaPt28,1,1,0.8525,Patient,Patient
feature_classical_tsfresh,enhanced,Fold_3,random_forest_fresh,JuCo01,0,0,0.3475,Control,Control
feature_classical_tsfresh,enhanced,Fold_3,random_forest_fresh,JuCo04,0,0,0.26,Control,Control
feature_classical_tsfresh,enhanced,Fold_3,random_forest_fresh,JuCo14,0,0,0.5,Control,Control
feature_classical_tsfresh,enhanced,Fold_3,random_forest_fresh,JuCo17,0,0,0.155,Control,Control
feature_classical_tsfresh,enhanced,Fold_3,random_forest_fresh,JuPt05,1,0,0.4575,Patient,Control
feature_classical_tsfresh,enhanced,Fold_3,random_forest_fresh,JuPt07,1,0,0.37,Patient,Control
feature_classical_tsfresh,enhanced,Fold_3,random_forest_fresh,SiCo06,0,0,0.1225,Control,Control
feature_classical_tsfresh,enhanced,Fold_3,random_forest_fresh,SiCo11,0,0,0.1175,Control,Control
feature_classical_tsfresh,enhanced,Fold_3,random_forest_fresh,SiCo23,0,0,0.3725,Control,Control
feature_classical_tsfresh,enhanced,Fold_3,random_forest_fresh,SiPt33,1,0,0.48,Patient,Control
feature_classical_tsfresh,enhanced,Fold_3,random_forest_fresh,SiPt38,1,0,0.3075,Patient,Control
feature_classical_tsfresh,enhanced,Fold_3,linear_svm_fresh,GaCo03,0,1,0.0317884118237945,Control,Patient
feature_classical_tsfresh,enhanced,Fold_3,linear_svm_fresh,GaCo08,0,1,0.3152374775711642,Control,Patient
feature_classical_tsfresh,enhanced,Fold_3,linear_svm_fresh,GaCo17,0,0,-2.5987100551154616,Control,Control
feature_classical_tsfresh,enhanced,Fold_3,linear_svm_fresh,GaPt05,1,0,-0.0786921779557224,Patient,Control
feature_classical_tsfresh,enhanced,Fold_3,linear_svm_fresh,GaPt07,1,1,4.37309867328063,Patient,Patient
feature_classical_tsfresh,enhanced,Fold_3,linear_svm_fresh,GaPt16,1,1,0.040995452472144,Patient,Patient
feature_classical_tsfresh,enhanced,Fold_3,linear_svm_fresh,GaPt19,1,0,-0.1349265128644511,Patient,Control
feature_classical_tsfresh,enhanced,Fold_3,linear_svm_fresh,GaPt27,1,0,-0.4473477728871527,Patient,Control
feature_classical_tsfresh,enhanced,Fold_3,linear_svm_fresh,GaPt28,1,1,1.4896603664510444,Patient,Patient
feature_classical_tsfresh,enhanced,Fold_3,linear_svm_fresh,JuCo01,0,0,-0.7728345521720961,Control,Control
feature_classical_tsfresh,enhanced,Fold_3,linear_svm_fresh,JuCo04,0,0,-0.4612287648274621,Control,Control
feature_classical_tsfresh,enhanced,Fold_3,linear_svm_fresh,JuCo14,0,0,-1.785244453433785,Control,Control
feature_classical_tsfresh,enhanced,Fold_3,linear_svm_fresh,JuCo17,0,0,-1.6167336173233973,Control,Control
feature_classical_tsfresh,enhanced,Fold_3,linear_svm_fresh,JuPt05,1,0,-0.7987043555380672,Patient,Control
feature_classical_tsfresh,enhanced,Fold_3,linear_svm_fresh,JuPt07,1,0,-0.6038678584024445,Patient,Control
feature_classical_tsfresh,enhanced,Fold_3,linear_svm_fresh,SiCo06,0,0,-1.6489459464204452,Control,Control
feature_classical_tsfresh,enhanced,Fold_3,linear_svm_fresh,SiCo11,0,0,-2.404490952441177,Control,Control
feature_classical_tsfresh,enhanced,Fold_3,linear_svm_fresh,SiCo23,0,0,-0.2769603594821705,Control,Control
feature_classical_tsfresh,enhanced,Fold_3,linear_svm_fresh,SiPt33,1,0,-0.2518538965510377,Patient,Control
feature_classical_tsfresh,enhanced,Fold_3,linear_svm_fresh,SiPt38,1,0,-0.914025958302108,Patient,Control
feature_classical_tsfresh,enhanced,Fold_3,svm_rbf_fresh,GaCo03,0,0,-0.0016731633171308,Control,Control
feature_classical_tsfresh,enhanced,Fold_3,svm_rbf_fresh,GaCo08,0,1,0.0379734032482285,Control,Patient
feature_classical_tsfresh,enhanced,Fold_3,svm_rbf_fresh,GaCo17,0,0,-0.0165676637134331,Control,Control
feature_classical_tsfresh,enhanced,Fold_3,svm_rbf_fresh,GaPt05,1,1,0.0041897151426466,Patient,Patient
feature_classical_tsfresh,enhanced,Fold_3,svm_rbf_fresh,GaPt07,1,1,0.0042040594312684,Patient,Patient
feature_classical_tsfresh,enhanced,Fold_3,svm_rbf_fresh,GaPt16,1,1,0.0072229815896907,Patient,Patient
feature_classical_tsfresh,enhanced,Fold_3,svm_rbf_fresh,GaPt19,1,0,-0.0100261608991874,Patient,Control
feature_classical_tsfresh,enhanced,Fold_3,svm_rbf_fresh,GaPt27,1,1,0.0093268479818924,Patient,Patient
feature_classical_tsfresh,enhanced,Fold_3,svm_rbf_fresh,GaPt28,1,1,0.0042969833256139,Patient,Patient
feature_classical_tsfresh,enhanced,Fold_3,svm_rbf_fresh,JuCo01,0,0,-0.0035468655243247,Control,Control
feature_classical_tsfresh,enhanced,Fold_3,svm_rbf_fresh,JuCo04,0,1,0.0036006830058071,Control,Patient
feature_classical_tsfresh,enhanced,Fold_3,svm_rbf_fresh,JuCo14,0,0,-0.0063587456024993,Control,Control
feature_classical_tsfresh,enhanced,Fold_3,svm_rbf_fresh,JuCo17,0,1,0.0023635680345499,Control,Patient
feature_classical_tsfresh,enhanced,Fold_3,svm_rbf_fresh,JuPt05,1,0,-0.0001725441034634,Patient,Control
feature_classical_tsfresh,enhanced,Fold_3,svm_rbf_fresh,JuPt07,1,1,0.0033006813969059,Patient,Patient
feature_classical_tsfresh,enhanced,Fold_3,svm_rbf_fresh,SiCo06,0,0,-0.0120374173305075,Control,Control
feature_classical_tsfresh,enhanced,Fold_3,svm_rbf_fresh,SiCo11,0,1,0.0039568744490079,Control,Patient
feature_classical_tsfresh,enhanced,Fold_3,svm_rbf_fresh,SiCo23,0,0,-0.0216892478782314,Control,Control
feature_classical_tsfresh,enhanced,Fold_3,svm_rbf_fresh,SiPt33,1,0,-0.0110724719714388,Patient,Control
feature_classical_tsfresh,enhanced,Fold_3,svm_rbf_fresh,SiPt38,1,0,-0.0289296014868111,Patient,Control
feature_classical,left,Fold_4,random_forest,GaCo02,0,0,0.035,Control,Control
feature_classical,left,Fold_4,random_forest,GaCo09,0,0,0.43,Control,Control
feature_classical,left,Fold_4,random_forest,GaPt04,1,1,0.7925,Patient,Patient
feature_classical,left,Fold_4,random_forest,GaPt09,1,1,0.7875,Patient,Patient
feature_classical,left,Fold_4,random_forest,GaPt31,1,1,0.6475,Patient,Patient
feature_classical,left,Fold_4,random_forest,JuCo19,0,0,0.085,Control,Control
feature_classical,left,Fold_4,random_forest,JuCo20,0,0,0.365,Control,Control
feature_classical,left,Fold_4,random_forest,JuCo21,0,0,0.305,Control,Control
feature_classical,left,Fold_4,random_forest,JuPt03,1,1,0.635,Patient,Patient
feature_classical,left,Fold_4,random_forest,JuPt12,1,1,0.54,Patient,Patient
feature_classical,left,Fold_4,random_forest,JuPt13,1,1,0.9975,Patient,Patient
feature_classical,left,Fold_4,random_forest,JuPt14,1,1,0.9325,Patient,Patient
feature_classical,left,Fold_4,random_forest,JuPt19,1,1,0.645,Patient,Patient
feature_classical,left,Fold_4,random_forest,SiCo01,0,1,0.7425,Control,Patient
feature_classical,left,Fold_4,random_forest,SiCo05,0,0,0.0325,Control,Control
feature_classical,left,Fold_4,random_forest,SiCo13,0,0,0.14,Control,Control
feature_classical,left,Fold_4,random_forest,SiCo25,0,0,0.1925,Control,Control
feature_classical,left,Fold_4,random_forest,SiCo26,0,1,0.63,Control,Patient
feature_classical,left,Fold_4,random_forest,SiPt14,1,1,0.9075,Patient,Patient
feature_classical,left,Fold_4,random_forest,SiPt39,1,0,0.4325,Patient,Control
feature_classical,left,Fold_4,linear_svm,GaCo02,0,0,-2.7110491251159736,Control,Control
feature_classical,left,Fold_4,linear_svm,GaCo09,0,0,-0.7086978777343886,Control,Control
feature_classical,left,Fold_4,linear_svm,GaPt04,1,1,1.4534467128344155,Patient,Patient
feature_classical,left,Fold_4,linear_svm,GaPt09,1,1,0.9118909412363764,Patient,Patient
feature_classical,left,Fold_4,linear_svm,GaPt31,1,1,0.2652962367874689,Patient,Patient
feature_classical,left,Fold_4,linear_svm,JuCo19,0,0,-0.9310103872794118,Control,Control
feature_classical,left,Fold_4,linear_svm,JuCo20,0,0,-0.4389790465274836,Control,Control
feature_classical,left,Fold_4,linear_svm,JuCo21,0,0,-0.2957317379882865,Control,Control
feature_classical,left,Fold_4,linear_svm,JuPt03,1,1,0.5359242480085624,Patient,Patient
feature_classical,left,Fold_4,linear_svm,JuPt12,1,1,0.5709823532780405,Patient,Patient
feature_classical,left,Fold_4,linear_svm,JuPt13,1,1,3.8785372512741385,Patient,Patient
feature_classical,left,Fold_4,linear_svm,JuPt14,1,1,2.766018258708528,Patient,Patient
feature_classical,left,Fold_4,linear_svm,JuPt19,1,1,0.9752108907229452,Patient,Patient
feature_classical,left,Fold_4,linear_svm,SiCo01,0,1,0.7728693435221287,Control,Patient
feature_classical,left,Fold_4,linear_svm,SiCo05,0,0,-3.021502763419063,Control,Control
feature_classical,left,Fold_4,linear_svm,SiCo13,0,0,-1.7623598299842247,Control,Control
feature_classical,left,Fold_4,linear_svm,SiCo25,0,0,-1.2582762911032357,Control,Control
feature_classical,left,Fold_4,linear_svm,SiCo26,0,0,-0.0048514766146132,Control,Control
feature_classical,left,Fold_4,linear_svm,SiPt14,1,1,2.2032511749659536,Patient,Patient
feature_classical,left,Fold_4,linear_svm,SiPt39,1,0,-0.4073038884091763,Patient,Control
feature_classical,left,Fold_4,svm_rbf,GaCo02,0,0,-1.6703042510926571,Control,Control
feature_classical,left,Fold_4,svm_rbf,GaCo09,0,0,-0.4869270414209841,Control,Control
feature_classical,left,Fold_4,svm_rbf,GaPt04,1,1,1.365711700611965,Patient,Patient
feature_classical,left,Fold_4,svm_rbf,GaPt09,1,1,0.5546653025185002,Patient,Patient
feature_classical,left,Fold_4,svm_rbf,GaPt31,1,1,0.399274871630946,Patient,Patient
feature_classical,left,Fold_4,svm_rbf,JuCo19,0,0,-1.2214502905470868,Control,Control
feature_classical,left,Fold_4,svm_rbf,JuCo20,0,0,-0.4217710730761992,Control,Control
feature_classical,left,Fold_4,svm_rbf,JuCo21,0,0,-0.0900880310871927,Control,Control
feature_classical,left,Fold_4,svm_rbf,JuPt03,1,1,0.7654340757474385,Patient,Patient
feature_classical,left,Fold_4,svm_rbf,JuPt12,1,1,0.7719138546446753,Patient,Patient
feature_classical,left,Fold_4,svm_rbf,JuPt13,1,1,2.87027840924583,Patient,Patient
feature_classical,left,Fold_4,svm_rbf,JuPt14,1,1,2.1987150917417724,Patient,Patient
feature_classical,left,Fold_4,svm_rbf,JuPt19,1,1,0.6632633574169617,Patient,Patient
feature_classical,left,Fold_4,svm_rbf,SiCo01,0,1,0.9756726304819195,Control,Patient
feature_classical,left,Fold_4,svm_rbf,SiCo05,0,0,-2.077206156515389,Control,Control
feature_classical,left,Fold_4,svm_rbf,SiCo13,0,0,-1.1473273066736118,Control,Control
feature_classical,left,Fold_4,svm_rbf,SiCo25,0,0,-0.5356621541697453,Control,Control
feature_classical,left,Fold_4,svm_rbf,SiCo26,0,1,0.4019196318661611,Control,Patient
feature_classical,left,Fold_4,svm_rbf,SiPt14,1,1,1.849760287454377,Patient,Patient
feature_classical,left,Fold_4,svm_rbf,SiPt39,1,0,-0.5156412051320203,Patient,Control
feature_classical_tsfresh,left,Fold_4,random_forest_fresh,GaCo02,0,0,0.0347142857142857,Control,Control
feature_classical_tsfresh,left,Fold_4,random_forest_fresh,GaCo09,0,0,0.4426388888888893,Control,Control
feature_classical_tsfresh,left,Fold_4,random_forest_fresh,GaPt04,1,1,0.8389007936507937,Patient,Patient
feature_classical_tsfresh,left,Fold_4,random_forest_fresh,GaPt09,1,1,0.6435317460317462,Patient,Patient
feature_classical_tsfresh,left,Fold_4,random_forest_fresh,GaPt31,1,1,0.5144464285714287,Patient,Patient
feature_classical_tsfresh,left,Fold_4,random_forest_fresh,JuCo19,0,0,0.1480952380952381,Control,Control
feature_classical_tsfresh,left,Fold_4,random_forest_fresh,JuCo20,0,0,0.4238422619047618,Control,Control
feature_classical_tsfresh,left,Fold_4,random_forest_fresh,JuCo21,0,0,0.1885198412698412,Control,Control
feature_classical_tsfresh,left,Fold_4,random_forest_fresh,JuPt03,1,1,0.7301666666666665,Patient,Patient
feature_classical_tsfresh,left,Fold_4,random_forest_fresh,JuPt12,1,1,0.633311507936508,Patient,Patient
feature_classical_tsfresh,left,Fold_4,random_forest_fresh,JuPt13,1,1,0.97384126984127,Patient,Patient
feature_classical_tsfresh,left,Fold_4,random_forest_fresh,JuPt14,1,1,0.8039563492063492,Patient,Patient
feature_classical_tsfresh,left,Fold_4,random_forest_fresh,JuPt19,1,1,0.6113630952380951,Patient,Patient
feature_classical_tsfresh,left,Fold_4,random_forest_fresh,SiCo01,0,1,0.641905753968254,Control,Patient
feature_classical_tsfresh,left,Fold_4,random_forest_fresh,SiCo05,0,0,0.1535982142857143,Control,Control
feature_classical_tsfresh,left,Fold_4,random_forest_fresh,SiCo13,0,0,0.1196061507936507,Control,Control
feature_classical_tsfresh,left,Fold_4,random_forest_fresh,SiCo25,0,0,0.0953958333333333,Control,Control
feature_classical_tsfresh,left,Fold_4,random_forest_fresh,SiCo26,0,0,0.4304315476190476,Control,Control
feature_classical_tsfresh,left,Fold_4,random_forest_fresh,SiPt14,1,1,0.8470205627705626,Patient,Patient
feature_classical_tsfresh,left,Fold_4,random_forest_fresh,SiPt39,1,0,0.472139880952381,Patient,Control
feature_classical_tsfresh,left,Fold_4,linear_svm_fresh,GaCo02,0,0,-1.935939164249272,Control,Control
feature_classical_tsfresh,left,Fold_4,linear_svm_fresh,GaCo09,0,1,0.2844651590657241,Control,Patient
feature_classical_tsfresh,left,Fold_4,linear_svm_fresh,GaPt04,1,1,1.4273977875374952,Patient,Patient
feature_classical_tsfresh,left,Fold_4,linear_svm_fresh,GaPt09,1,1,0.4721424528958799,Patient,Patient
feature_classical_tsfresh,left,Fold_4,linear_svm_fresh,GaPt31,1,1,0.0487665611964326,Patient,Patient
feature_classical_tsfresh,left,Fold_4,linear_svm_fresh,JuCo19,0,0,-0.8659272359847071,Control,Control
feature_classical_tsfresh,left,Fold_4,linear_svm_fresh,JuCo20,0,0,-0.2221601103065284,Control,Control
feature_classical_tsfresh,left,Fold_4,linear_svm_fresh,JuCo21,0,0,-0.4742271320924758,Control,Control
feature_classical_tsfresh,left,Fold_4,linear_svm_fresh,JuPt03,1,1,1.1939475155473618,Patient,Patient
feature_classical_tsfresh,left,Fold_4,linear_svm_fresh,JuPt12,1,1,1.089992601054914,Patient,Patient
feature_classical_tsfresh,left,Fold_4,linear_svm_fresh,JuPt13,1,1,2.6101358854758248,Patient,Patient
feature_classical_tsfresh,left,Fold_4,linear_svm_fresh,JuPt14,1,1,1.3833752333016385,Patient,Patient
feature_classical_tsfresh,left,Fold_4,linear_svm_fresh,JuPt19,1,1,0.4261351451513685,Patient,Patient
feature_classical_tsfresh,left,Fold_4,linear_svm_fresh,SiCo01,0,1,0.3358539712080061,Control,Patient
feature_classical_tsfresh,left,Fold_4,linear_svm_fresh,SiCo05,0,0,-0.9294005040377854,Control,Control
feature_classical_tsfresh,left,Fold_4,linear_svm_fresh,SiCo13,0,0,-1.27315022001584,Control,Control
feature_classical_tsfresh,left,Fold_4,linear_svm_fresh,SiCo25,0,0,-0.9347922788742008,Control,Control
feature_classical_tsfresh,left,Fold_4,linear_svm_fresh,SiCo26,0,0,-0.2313430917989239,Control,Control
feature_classical_tsfresh,left,Fold_4,linear_svm_fresh,SiPt14,1,1,1.5406806227711218,Patient,Patient
feature_classical_tsfresh,left,Fold_4,linear_svm_fresh,SiPt39,1,1,0.001185928428101,Patient,Patient
feature_classical_tsfresh,left,Fold_4,svm_rbf_fresh,GaCo02,0,0,-1.0356581115182792,Control,Control
feature_classical_tsfresh,left,Fold_4,svm_rbf_fresh,GaCo09,0,1,0.1137832128604293,Control,Patient
feature_classical_tsfresh,left,Fold_4,svm_rbf_fresh,GaPt04,1,1,1.023379707668116,Patient,Patient
feature_classical_tsfresh,left,Fold_4,svm_rbf_fresh,GaPt09,1,1,0.5533845225453149,Patient,Patient
feature_classical_tsfresh,left,Fold_4,svm_rbf_fresh,GaPt31,1,0,-0.1487575586414561,Patient,Control
feature_classical_tsfresh,left,Fold_4,svm_rbf_fresh,JuCo19,0,0,-0.7011969742666607,Control,Control
feature_classical_tsfresh,left,Fold_4,svm_rbf_fresh,JuCo20,0,0,-0.2406634254289519,Control,Control
feature_classical_tsfresh,left,Fold_4,svm_rbf_fresh,JuCo21,0,0,-0.6006022611715305,Control,Control
feature_classical_tsfresh,left,Fold_4,svm_rbf_fresh,JuPt03,1,1,1.0708288072110614,Patient,Patient
feature_classical_tsfresh,left,Fold_4,svm_rbf_fresh,JuPt12,1,1,0.6769626849968342,Patient,Patient
feature_classical_tsfresh,left,Fold_4,svm_rbf_fresh,JuPt13,1,1,1.055342413358506,Patient,Patient
feature_classical_tsfresh,left,Fold_4,svm_rbf_fresh,JuPt14,1,1,0.8546113052737915,Patient,Patient
feature_classical_tsfresh,left,Fold_4,svm_rbf_fresh,JuPt19,1,1,0.4268452589340886,Patient,Patient
feature_classical_tsfresh,left,Fold_4,svm_rbf_fresh,SiCo01,0,1,0.4034635241878045,Control,Patient
feature_classical_tsfresh,left,Fold_4,svm_rbf_fresh,SiCo05,0,0,-0.5980667424258992,Control,Control
feature_classical_tsfresh,left,Fold_4,svm_rbf_fresh,SiCo13,0,0,-0.9835691327953224,Control,Control
feature_classical_tsfresh,left,Fold_4,svm_rbf_fresh,SiCo25,0,0,-1.2107700586209529,Control,Control
feature_classical_tsfresh,left,Fold_4,svm_rbf_fresh,SiCo26,0,0,-0.2431989344907296,Control,Control
feature_classical_tsfresh,left,Fold_4,svm_rbf_fresh,SiPt14,1,1,1.0267898429112736,Patient,Patient
feature_classical_tsfresh,left,Fold_4,svm_rbf_fresh,SiPt39,1,0,-0.0055437962067647,Patient,Control
feature_classical,right,Fold_4,random_forest,GaCo02,0,0,0.035,Control,Control
feature_classical,right,Fold_4,random_forest,GaCo09,0,0,0.43,Control,Control
feature_classical,right,Fold_4,random_forest,GaPt04,1,1,0.7925,Patient,Patient
feature_classical,right,Fold_4,random_forest,GaPt09,1,1,0.7875,Patient,Patient
feature_classical,right,Fold_4,random_forest,GaPt31,1,1,0.6475,Patient,Patient
feature_classical,right,Fold_4,random_forest,JuCo19,0,0,0.085,Control,Control
feature_classical,right,Fold_4,random_forest,JuCo20,0,0,0.365,Control,Control
feature_classical,right,Fold_4,random_forest,JuCo21,0,0,0.305,Control,Control
feature_classical,right,Fold_4,random_forest,JuPt03,1,1,0.635,Patient,Patient
feature_classical,right,Fold_4,random_forest,JuPt12,1,1,0.54,Patient,Patient
feature_classical,right,Fold_4,random_forest,JuPt13,1,1,0.9975,Patient,Patient
feature_classical,right,Fold_4,random_forest,JuPt14,1,1,0.9325,Patient,Patient
feature_classical,right,Fold_4,random_forest,JuPt19,1,1,0.645,Patient,Patient
feature_classical,right,Fold_4,random_forest,SiCo01,0,1,0.7425,Control,Patient
feature_classical,right,Fold_4,random_forest,SiCo05,0,0,0.0325,Control,Control
feature_classical,right,Fold_4,random_forest,SiCo13,0,0,0.14,Control,Control
feature_classical,right,Fold_4,random_forest,SiCo25,0,0,0.1925,Control,Control
feature_classical,right,Fold_4,random_forest,SiCo26,0,1,0.63,Control,Patient
feature_classical,right,Fold_4,random_forest,SiPt14,1,1,0.9075,Patient,Patient
feature_classical,right,Fold_4,random_forest,SiPt39,1,0,0.4325,Patient,Control
feature_classical,right,Fold_4,linear_svm,GaCo02,0,0,-2.6591253260304715,Control,Control
feature_classical,right,Fold_4,linear_svm,GaCo09,0,1,0.202160810814226,Control,Patient
feature_classical,right,Fold_4,linear_svm,GaPt04,1,1,1.6229105344597532,Patient,Patient
feature_classical,right,Fold_4,linear_svm,GaPt09,1,1,0.5766264707218149,Patient,Patient
feature_classical,right,Fold_4,linear_svm,GaPt31,1,1,0.1807706304229833,Patient,Patient
feature_classical,right,Fold_4,linear_svm,JuCo19,0,0,-0.6643826817068442,Control,Control
feature_classical,right,Fold_4,linear_svm,JuCo20,0,0,-0.3959615167310459,Control,Control
feature_classical,right,Fold_4,linear_svm,JuCo21,0,0,-0.6121058453009555,Control,Control
feature_classical,right,Fold_4,linear_svm,JuPt03,1,1,0.63582296768739,Patient,Patient
feature_classical,right,Fold_4,linear_svm,JuPt12,1,1,0.9144229914961348,Patient,Patient
feature_classical,right,Fold_4,linear_svm,JuPt13,1,1,3.78674037544719,Patient,Patient
feature_classical,right,Fold_4,linear_svm,JuPt14,1,1,2.391763510862731,Patient,Patient
feature_classical,right,Fold_4,linear_svm,JuPt19,1,1,0.8105831413764708,Patient,Patient
feature_classical,right,Fold_4,linear_svm,SiCo01,0,1,0.8559011155273226,Control,Patient
feature_classical,right,Fold_4,linear_svm,SiCo05,0,0,-2.4851366615867234,Control,Control
feature_classical,right,Fold_4,linear_svm,SiCo13,0,0,-1.093940094044209,Control,Control
feature_classical,right,Fold_4,linear_svm,SiCo25,0,0,-1.1175899094571182,Control,Control
feature_classical,right,Fold_4,linear_svm,SiCo26,0,0,-0.0574733227399245,Control,Control
feature_classical,right,Fold_4,linear_svm,SiPt14,1,1,2.0763867186483065,Patient,Patient
feature_classical,right,Fold_4,linear_svm,SiPt39,1,0,-0.1499234504179918,Patient,Control
feature_classical,right,Fold_4,svm_rbf,GaCo02,0,0,-1.6703042510926571,Control,Control
feature_classical,right,Fold_4,svm_rbf,GaCo09,0,0,-0.4869270414209841,Control,Control
feature_classical,right,Fold_4,svm_rbf,GaPt04,1,1,1.365711700611965,Patient,Patient
feature_classical,right,Fold_4,svm_rbf,GaPt09,1,1,0.5546653025185002,Patient,Patient
feature_classical,right,Fold_4,svm_rbf,GaPt31,1,1,0.399274871630946,Patient,Patient
feature_classical,right,Fold_4,svm_rbf,JuCo19,0,0,-1.2214502905470868,Control,Control
feature_classical,right,Fold_4,svm_rbf,JuCo20,0,0,-0.4217710730761992,Control,Control
feature_classical,right,Fold_4,svm_rbf,JuCo21,0,0,-0.0900880310871927,Control,Control
feature_classical,right,Fold_4,svm_rbf,JuPt03,1,1,0.7654340757474385,Patient,Patient
feature_classical,right,Fold_4,svm_rbf,JuPt12,1,1,0.7719138546446753,Patient,Patient
feature_classical,right,Fold_4,svm_rbf,JuPt13,1,1,2.87027840924583,Patient,Patient
feature_classical,right,Fold_4,svm_rbf,JuPt14,1,1,2.1987150917417724,Patient,Patient
feature_classical,right,Fold_4,svm_rbf,JuPt19,1,1,0.6632633574169617,Patient,Patient
feature_classical,right,Fold_4,svm_rbf,SiCo01,0,1,0.9756726304819195,Control,Patient
feature_classical,right,Fold_4,svm_rbf,SiCo05,0,0,-2.077206156515389,Control,Control
feature_classical,right,Fold_4,svm_rbf,SiCo13,0,0,-1.1473273066736118,Control,Control
feature_classical,right,Fold_4,svm_rbf,SiCo25,0,0,-0.5356621541697453,Control,Control
feature_classical,right,Fold_4,svm_rbf,SiCo26,0,1,0.4019196318661611,Control,Patient
feature_classical,right,Fold_4,svm_rbf,SiPt14,1,1,1.849760287454377,Patient,Patient
feature_classical,right,Fold_4,svm_rbf,SiPt39,1,0,-0.5156412051320203,Patient,Control
feature_classical_tsfresh,right,Fold_4,random_forest_fresh,GaCo02,0,0,0.0844791666666666,Control,Control
feature_classical_tsfresh,right,Fold_4,random_forest_fresh,GaCo09,0,0,0.426595238095238,Control,Control
feature_classical_tsfresh,right,Fold_4,random_forest_fresh,GaPt04,1,1,0.7986666666666669,Patient,Patient
feature_classical_tsfresh,right,Fold_4,random_forest_fresh,GaPt09,1,1,0.6739136904761903,Patient,Patient
feature_classical_tsfresh,right,Fold_4,random_forest_fresh,GaPt31,1,1,0.5871101190476189,Patient,Patient
feature_classical_tsfresh,right,Fold_4,random_forest_fresh,JuCo19,0,0,0.1380238095238095,Control,Control
feature_classical_tsfresh,right,Fold_4,random_forest_fresh,JuCo20,0,0,0.434157738095238,Control,Control
feature_classical_tsfresh,right,Fold_4,random_forest_fresh,JuCo21,0,0,0.2891160714285714,Control,Control
feature_classical_tsfresh,right,Fold_4,random_forest_fresh,JuPt03,1,1,0.692766865079365,Patient,Patient
feature_classical_tsfresh,right,Fold_4,random_forest_fresh,JuPt12,1,1,0.5924801587301585,Patient,Patient
feature_classical_tsfresh,right,Fold_4,random_forest_fresh,JuPt13,1,1,0.9750535714285716,Patient,Patient
feature_classical_tsfresh,right,Fold_4,random_forest_fresh,JuPt14,1,1,0.7957341269841267,Patient,Patient
feature_classical_tsfresh,right,Fold_4,random_forest_fresh,JuPt19,1,1,0.5961190476190477,Patient,Patient
feature_classical_tsfresh,right,Fold_4,random_forest_fresh,SiCo01,0,1,0.5528244047619045,Control,Patient
feature_classical_tsfresh,right,Fold_4,random_forest_fresh,SiCo05,0,0,0.1657440476190476,Control,Control
feature_classical_tsfresh,right,Fold_4,random_forest_fresh,SiCo13,0,0,0.1486755952380953,Control,Control
feature_classical_tsfresh,right,Fold_4,random_forest_fresh,SiCo25,0,0,0.1452559523809523,Control,Control
feature_classical_tsfresh,right,Fold_4,random_forest_fresh,SiCo26,0,0,0.446643849206349,Control,Control
feature_classical_tsfresh,right,Fold_4,random_forest_fresh,SiPt14,1,1,0.8021607142857142,Patient,Patient
feature_classical_tsfresh,right,Fold_4,random_forest_fresh,SiPt39,1,1,0.5073571428571428,Patient,Patient
feature_classical_tsfresh,right,Fold_4,linear_svm_fresh,GaCo02,0,0,-1.9052998814212232,Control,Control
feature_classical_tsfresh,right,Fold_4,linear_svm_fresh,GaCo09,0,1,0.2868996461913833,Control,Patient
feature_classical_tsfresh,right,Fold_4,linear_svm_fresh,GaPt04,1,1,1.014112913940605,Patient,Patient
feature_classical_tsfresh,right,Fold_4,linear_svm_fresh,GaPt09,1,1,0.348539048653455,Patient,Patient
feature_classical_tsfresh,right,Fold_4,linear_svm_fresh,GaPt31,1,0,-0.0384859358097025,Patient,Control
feature_classical_tsfresh,right,Fold_4,linear_svm_fresh,JuCo19,0,0,-0.9323911528283492,Control,Control
feature_classical_tsfresh,right,Fold_4,linear_svm_fresh,JuCo20,0,0,-0.3741726660322121,Control,Control
feature_classical_tsfresh,right,Fold_4,linear_svm_fresh,JuCo21,0,0,-0.3925389960859101,Control,Control
feature_classical_tsfresh,right,Fold_4,linear_svm_fresh,JuPt03,1,1,0.8203170681085132,Patient,Patient
feature_classical_tsfresh,right,Fold_4,linear_svm_fresh,JuPt12,1,1,0.9452980916548188,Patient,Patient
feature_classical_tsfresh,right,Fold_4,linear_svm_fresh,JuPt13,1,1,2.5211367094943395,Patient,Patient
feature_classical_tsfresh,right,Fold_4,linear_svm_fresh,JuPt14,1,1,1.454681349974594,Patient,Patient
feature_classical_tsfresh,right,Fold_4,linear_svm_fresh,JuPt19,1,1,0.2878122461776147,Patient,Patient
feature_classical_tsfresh,right,Fold_4,linear_svm_fresh,SiCo01,0,0,-0.0117491203974304,Control,Control
feature_classical_tsfresh,right,Fold_4,linear_svm_fresh,SiCo05,0,0,-1.1174744972992974,Control,Control
feature_classical_tsfresh,right,Fold_4,linear_svm_fresh,SiCo13,0,0,-1.1969278670006005,Control,Control
feature_classical_tsfresh,right,Fold_4,linear_svm_fresh,SiCo25,0,0,-0.9575828439972376,Control,Control
feature_classical_tsfresh,right,Fold_4,linear_svm_fresh,SiCo26,0,0,-0.2707164616630598,Control,Control
feature_classical_tsfresh,right,Fold_4,linear_svm_fresh,SiPt14,1,1,1.3892453990375984,Patient,Patient
feature_classical_tsfresh,right,Fold_4,linear_svm_fresh,SiPt39,1,0,-0.0042322602649338,Patient,Control
feature_classical_tsfresh,right,Fold_4,svm_rbf_fresh,GaCo02,0,0,-1.0266133814742835,Control,Control
feature_classical_tsfresh,right,Fold_4,svm_rbf_fresh,GaCo09,0,1,0.1235391013588171,Control,Patient
feature_classical_tsfresh,right,Fold_4,svm_rbf_fresh,GaPt04,1,1,0.8576575052133981,Patient,Patient
feature_classical_tsfresh,right,Fold_4,svm_rbf_fresh,GaPt09,1,1,0.427041508419539,Patient,Patient
feature_classical_tsfresh,right,Fold_4,svm_rbf_fresh,GaPt31,1,0,-0.1942224381081128,Patient,Control
feature_classical_tsfresh,right,Fold_4,svm_rbf_fresh,JuCo19,0,0,-0.7319937130407224,Control,Control
feature_classical_tsfresh,right,Fold_4,svm_rbf_fresh,JuCo20,0,0,-0.3897517748206374,Control,Control
feature_classical_tsfresh,right,Fold_4,svm_rbf_fresh,JuCo21,0,0,-0.4675075077291382,Control,Control
feature_classical_tsfresh,right,Fold_4,svm_rbf_fresh,JuPt03,1,1,0.8884116190024536,Patient,Patient
feature_classical_tsfresh,right,Fold_4,svm_rbf_fresh,JuPt12,1,1,0.5630472092116998,Patient,Patient
feature_classical_tsfresh,right,Fold_4,svm_rbf_fresh,JuPt13,1,1,1.0169878482050214,Patient,Patient
feature_classical_tsfresh,right,Fold_4,svm_rbf_fresh,JuPt14,1,1,0.9260729685089872,Patient,Patient
feature_classical_tsfresh,right,Fold_4,svm_rbf_fresh,JuPt19,1,1,0.3201370418830603,Patient,Patient
feature_classical_tsfresh,right,Fold_4,svm_rbf_fresh,SiCo01,0,1,0.0392139291791141,Control,Patient
feature_classical_tsfresh,right,Fold_4,svm_rbf_fresh,SiCo05,0,0,-0.696677279514741,Control,Control
feature_classical_tsfresh,right,Fold_4,svm_rbf_fresh,SiCo13,0,0,-0.8885827639261672,Control,Control
feature_classical_tsfresh,right,Fold_4,svm_rbf_fresh,SiCo25,0,0,-1.1871077632091167,Control,Control
feature_classical_tsfresh,right,Fold_4,svm_rbf_fresh,SiCo26,0,0,-0.263750548689713,Control,Control
feature_classical_tsfresh,right,Fold_4,svm_rbf_fresh,SiPt14,1,1,0.8977787393452008,Patient,Patient
feature_classical_tsfresh,right,Fold_4,svm_rbf_fresh,SiPt39,1,0,-0.0096300049267425,Patient,Control
feature_classical,combined,Fold_4,random_forest,GaCo02,0,0,0.0625,Control,Control
feature_classical,combined,Fold_4,random_forest,GaCo09,0,0,0.25,Control,Control
feature_classical,combined,Fold_4,random_forest,GaPt04,1,1,0.6625,Patient,Patient
feature_classical,combined,Fold_4,random_forest,GaPt09,1,1,0.79,Patient,Patient
feature_classical,combined,Fold_4,random_forest,GaPt31,1,1,0.685,Patient,Patient
feature_classical,combined,Fold_4,random_forest,JuCo19,0,0,0.0475,Control,Control
feature_classical,combined,Fold_4,random_forest,JuCo20,0,0,0.4575,Control,Control
feature_classical,combined,Fold_4,random_forest,JuCo21,0,0,0.47,Control,Control
feature_classical,combined,Fold_4,random_forest,JuPt03,1,1,0.6275,Patient,Patient
feature_classical,combined,Fold_4,random_forest,JuPt12,1,0,0.415,Patient,Control
feature_classical,combined,Fold_4,random_forest,JuPt13,1,1,1.0,Patient,Patient
feature_classical,combined,Fold_4,random_forest,JuPt14,1,1,0.9325,Patient,Patient
feature_classical,combined,Fold_4,random_forest,JuPt19,1,1,0.7575,Patient,Patient
feature_classical,combined,Fold_4,random_forest,SiCo01,0,1,0.57,Control,Patient
feature_classical,combined,Fold_4,random_forest,SiCo05,0,0,0.0375,Control,Control
feature_classical,combined,Fold_4,random_forest,SiCo13,0,0,0.13,Control,Control
feature_classical,combined,Fold_4,random_forest,SiCo25,0,0,0.35,Control,Control
feature_classical,combined,Fold_4,random_forest,SiCo26,0,0,0.4775,Control,Control
feature_classical,combined,Fold_4,random_forest,SiPt14,1,1,0.7725,Patient,Patient
feature_classical,combined,Fold_4,random_forest,SiPt39,1,0,0.3375,Patient,Control
feature_classical,combined,Fold_4,linear_svm,GaCo02,0,0,-1.085223316904974,Control,Control
feature_classical,combined,Fold_4,linear_svm,GaCo09,0,0,-0.7058558884250323,Control,Control
feature_classical,combined,Fold_4,linear_svm,GaPt04,1,1,1.0057490844114223,Patient,Patient
feature_classical,combined,Fold_4,linear_svm,GaPt09,1,1,0.5093450186911874,Patient,Patient
feature_classical,combined,Fold_4,linear_svm,GaPt31,1,1,0.3664529061713911,Patient,Patient
feature_classical,combined,Fold_4,linear_svm,JuCo19,0,0,-1.315474736044426,Control,Control
feature_classical,combined,Fold_4,linear_svm,JuCo20,0,0,-0.4751492403669689,Control,Control
feature_classical,combined,Fold_4,linear_svm,JuCo21,0,1,0.1748341684080743,Control,Patient
feature_classical,combined,Fold_4,linear_svm,JuPt03,1,1,0.5639481551973189,Patient,Patient
feature_classical,combined,Fold_4,linear_svm,JuPt12,1,1,0.5429993448111394,Patient,Patient
feature_classical,combined,Fold_4,linear_svm,JuPt13,1,1,2.657507311713829,Patient,Patient
feature_classical,combined,Fold_4,linear_svm,JuPt14,1,1,1.9339181818686193,Patient,Patient
feature_classical,combined,Fold_4,linear_svm,JuPt19,1,1,0.5348247273237805,Patient,Patient
feature_classical,combined,Fold_4,linear_svm,SiCo01,0,1,0.5950399697781219,Control,Patient
feature_classical,combined,Fold_4,linear_svm,SiCo05,0,0,-2.1457758382741634,Control,Control
feature_classical,combined,Fold_4,linear_svm,SiCo13,0,0,-1.2674203630990888,Control,Control
feature_classical,combined,Fold_4,linear_svm,SiCo25,0,0,-0.4751341067339999,Control,Control
feature_classical,combined,Fold_4,linear_svm,SiCo26,0,1,0.1482419121625456,Control,Patient
feature_classical,combined,Fold_4,linear_svm,SiPt14,1,1,1.636931184363243,Patient,Patient
feature_classical,combined,Fold_4,linear_svm,SiPt39,1,0,-0.7334149054583398,Patient,Control
feature_classical,combined,Fold_4,svm_rbf,GaCo02,0,0,-0.6956068430777878,Control,Control
feature_classical,combined,Fold_4,svm_rbf,GaCo09,0,0,-0.4815781739950332,Control,Control
feature_classical,combined,Fold_4,svm_rbf,GaPt04,1,1,0.6519548904705457,Patient,Patient
feature_classical,combined,Fold_4,svm_rbf,GaPt09,1,1,0.3105034779179045,Patient,Patient
feature_classical,combined,Fold_4,svm_rbf,GaPt31,1,1,0.1406200308985805,Patient,Patient
feature_classical,combined,Fold_4,svm_rbf,JuCo19,0,0,-0.7863997092983062,Control,Control
feature_classical,combined,Fold_4,svm_rbf,JuCo20,0,0,-0.4423080649501498,Control,Control
feature_classical,combined,Fold_4,svm_rbf,JuCo21,0,1,0.0942460572727066,Control,Patient
feature_classical,combined,Fold_4,svm_rbf,JuPt03,1,1,0.3996289832251494,Patient,Patient
feature_classical,combined,Fold_4,svm_rbf,JuPt12,1,1,0.4000869542523086,Patient,Patient
feature_classical,combined,Fold_4,svm_rbf,JuPt13,1,1,0.9890450276481904,Patient,Patient
feature_classical,combined,Fold_4,svm_rbf,JuPt14,1,1,0.940370575060345,Patient,Patient
feature_classical,combined,Fold_4,svm_rbf,JuPt19,1,1,0.2355095392347925,Patient,Patient
feature_classical,combined,Fold_4,svm_rbf,SiCo01,0,1,0.4116751210180072,Control,Patient
feature_classical,combined,Fold_4,svm_rbf,SiCo05,0,0,-1.0123459848697671,Control,Control
feature_classical,combined,Fold_4,svm_rbf,SiCo13,0,0,-0.7682508617702957,Control,Control
feature_classical,combined,Fold_4,svm_rbf,SiCo25,0,0,-0.233207478024708,Control,Control
feature_classical,combined,Fold_4,svm_rbf,SiCo26,0,1,0.1318282231283894,Control,Patient
feature_classical,combined,Fold_4,svm_rbf,SiPt14,1,1,0.8564446338459621,Patient,Patient
feature_classical,combined,Fold_4,svm_rbf,SiPt39,1,0,-0.5645409211125956,Patient,Control
feature_classical_tsfresh,combined,Fold_4,random_forest_fresh,GaCo02,0,0,0.064720689033189,Control,Control
feature_classical_tsfresh,combined,Fold_4,random_forest_fresh,GaCo09,0,0,0.3782757936507936,Control,Control
feature_classical_tsfresh,combined,Fold_4,random_forest_fresh,GaPt04,1,1,0.8002559523809524,Patient,Patient
feature_classical_tsfresh,combined,Fold_4,random_forest_fresh,GaPt09,1,1,0.644253427128427,Patient,Patient
feature_classical_tsfresh,combined,Fold_4,random_forest_fresh,GaPt31,1,1,0.5673228715728716,Patient,Patient
feature_classical_tsfresh,combined,Fold_4,random_forest_fresh,JuCo19,0,0,0.132235119047619,Control,Control
feature_classical_tsfresh,combined,Fold_4,random_forest_fresh,JuCo20,0,0,0.4683095238095238,Control,Control
feature_classical_tsfresh,combined,Fold_4,random_forest_fresh,JuCo21,0,0,0.2104617604617604,Control,Control
feature_classical_tsfresh,combined,Fold_4,random_forest_fresh,JuPt03,1,1,0.7267390873015873,Patient,Patient
feature_classical_tsfresh,combined,Fold_4,random_forest_fresh,JuPt12,1,1,0.5129280303030302,Patient,Patient
feature_classical_tsfresh,combined,Fold_4,random_forest_fresh,JuPt13,1,1,0.971309523809524,Patient,Patient
feature_classical_tsfresh,combined,Fold_4,random_forest_fresh,JuPt14,1,1,0.8685823412698415,Patient,Patient
feature_classical_tsfresh,combined,Fold_4,random_forest_fresh,JuPt19,1,1,0.6748234126984124,Patient,Patient
feature_classical_tsfresh,combined,Fold_4,random_forest_fresh,SiCo01,0,1,0.7013050144300143,Control,Patient
feature_classical_tsfresh,combined,Fold_4,random_forest_fresh,SiCo05,0,0,0.0499017857142857,Control,Control
feature_classical_tsfresh,combined,Fold_4,random_forest_fresh,SiCo13,0,0,0.1835218253968253,Control,Control
feature_classical_tsfresh,combined,Fold_4,random_forest_fresh,SiCo25,0,0,0.1046393398268398,Control,Control
feature_classical_tsfresh,combined,Fold_4,random_forest_fresh,SiCo26,0,0,0.4089865620490622,Control,Control
feature_classical_tsfresh,combined,Fold_4,random_forest_fresh,SiPt14,1,1,0.9233869047619048,Patient,Patient
feature_classical_tsfresh,combined,Fold_4,random_forest_fresh,SiPt39,1,0,0.4616428571428571,Patient,Control
feature_classical_tsfresh,combined,Fold_4,linear_svm_fresh,GaCo02,0,0,-5.482641612946232,Control,Control
feature_classical_tsfresh,combined,Fold_4,linear_svm_fresh,GaCo09,0,0,-1.5915165158303166,Control,Control
feature_classical_tsfresh,combined,Fold_4,linear_svm_fresh,GaPt04,1,1,2.367011032760061,Patient,Patient
feature_classical_tsfresh,combined,Fold_4,linear_svm_fresh,GaPt09,1,1,0.9924315261246668,Patient,Patient
feature_classical_tsfresh,combined,Fold_4,linear_svm_fresh,GaPt31,1,0,-0.0314311616005318,Patient,Control
feature_classical_tsfresh,combined,Fold_4,linear_svm_fresh,JuCo19,0,1,0.5646507735060803,Control,Patient
feature_classical_tsfresh,combined,Fold_4,linear_svm_fresh,JuCo20,0,0,-0.9911384194322548,Control,Control
feature_classical_tsfresh,combined,Fold_4,linear_svm_fresh,JuCo21,0,0,-0.6799272372384865,Control,Control
feature_classical_tsfresh,combined,Fold_4,linear_svm_fresh,JuPt03,1,1,0.4228519523367215,Patient,Patient
feature_classical_tsfresh,combined,Fold_4,linear_svm_fresh,JuPt12,1,0,-0.1535357011135788,Patient,Control
feature_classical_tsfresh,combined,Fold_4,linear_svm_fresh,JuPt13,1,1,4.963439736806422,Patient,Patient
feature_classical_tsfresh,combined,Fold_4,linear_svm_fresh,JuPt14,1,1,1.6676770166491213,Patient,Patient
feature_classical_tsfresh,combined,Fold_4,linear_svm_fresh,JuPt19,1,1,1.2214445064516175,Patient,Patient
feature_classical_tsfresh,combined,Fold_4,linear_svm_fresh,SiCo01,0,1,1.1912920010495738,Control,Patient
feature_classical_tsfresh,combined,Fold_4,linear_svm_fresh,SiCo05,0,0,-3.498913616557458,Control,Control
feature_classical_tsfresh,combined,Fold_4,linear_svm_fresh,SiCo13,0,0,-3.0892933659586386,Control,Control
feature_classical_tsfresh,combined,Fold_4,linear_svm_fresh,SiCo25,0,0,-2.490065612956705,Control,Control
feature_classical_tsfresh,combined,Fold_4,linear_svm_fresh,SiCo26,0,0,-1.9022509980210505,Control,Control
feature_classical_tsfresh,combined,Fold_4,linear_svm_fresh,SiPt14,1,1,1.479783774078813,Patient,Patient
feature_classical_tsfresh,combined,Fold_4,linear_svm_fresh,SiPt39,1,1,0.1334280399371967,Patient,Patient
feature_classical_tsfresh,combined,Fold_4,svm_rbf_fresh,GaCo02,0,0,-0.8880670720531068,Control,Control
feature_classical_tsfresh,combined,Fold_4,svm_rbf_fresh,GaCo09,0,1,0.066739019309668,Control,Patient
feature_classical_tsfresh,combined,Fold_4,svm_rbf_fresh,GaPt04,1,1,0.8857680035541327,Patient,Patient
feature_classical_tsfresh,combined,Fold_4,svm_rbf_fresh,GaPt09,1,1,0.4950869988360464,Patient,Patient
feature_classical_tsfresh,combined,Fold_4,svm_rbf_fresh,GaPt31,1,0,-0.1159872737713904,Patient,Control
feature_classical_tsfresh,combined,Fold_4,svm_rbf_fresh,JuCo19,0,0,-0.6633484404323924,Control,Control
feature_classical_tsfresh,combined,Fold_4,svm_rbf_fresh,JuCo20,0,0,-0.2540140998546395,Control,Control
feature_classical_tsfresh,combined,Fold_4,svm_rbf_fresh,JuCo21,0,0,-0.5244725827763985,Control,Control
feature_classical_tsfresh,combined,Fold_4,svm_rbf_fresh,JuPt03,1,1,0.9861514759053304,Patient,Patient
feature_classical_tsfresh,combined,Fold_4,svm_rbf_fresh,JuPt12,1,1,0.5077607510251412,Patient,Patient
feature_classical_tsfresh,combined,Fold_4,svm_rbf_fresh,JuPt13,1,1,1.0383104868063422,Patient,Patient
feature_classical_tsfresh,combined,Fold_4,svm_rbf_fresh,JuPt14,1,1,0.8274633583708277,Patient,Patient
feature_classical_tsfresh,combined,Fold_4,svm_rbf_fresh,JuPt19,1,1,0.3541281721878779,Patient,Patient
feature_classical_tsfresh,combined,Fold_4,svm_rbf_fresh,SiCo01,0,1,0.2100434414016805,Control,Patient
feature_classical_tsfresh,combined,Fold_4,svm_rbf_fresh,SiCo05,0,0,-0.5205597137985567,Control,Control
feature_classical_tsfresh,combined,Fold_4,svm_rbf_fresh,SiCo13,0,0,-0.9180483005193132,Control,Control
feature_classical_tsfresh,combined,Fold_4,svm_rbf_fresh,SiCo25,0,0,-1.173945118381891,Control,Control
feature_classical_tsfresh,combined,Fold_4,svm_rbf_fresh,SiCo26,0,0,-0.2564189466393468,Control,Control
feature_classical_tsfresh,combined,Fold_4,svm_rbf_fresh,SiPt14,1,1,0.9354765822721448,Patient,Patient
feature_classical_tsfresh,combined,Fold_4,svm_rbf_fresh,SiPt39,1,0,-0.0244922475606671,Patient,Control
feature_classical,enhanced,Fold_4,random_forest,GaCo02,0,0,0.065,Control,Control
feature_classical,enhanced,Fold_4,random_forest,GaCo09,0,0,0.2975,Control,Control
feature_classical,enhanced,Fold_4,random_forest,GaPt04,1,1,0.6775,Patient,Patient
feature_classical,enhanced,Fold_4,random_forest,GaPt09,1,1,0.785,Patient,Patient
feature_classical,enhanced,Fold_4,random_forest,GaPt31,1,1,0.575,Patient,Patient
feature_classical,enhanced,Fold_4,random_forest,JuCo19,0,0,0.0425,Control,Control
feature_classical,enhanced,Fold_4,random_forest,JuCo20,0,0,0.4975,Control,Control
feature_classical,enhanced,Fold_4,random_forest,JuCo21,0,0,0.5,Control,Control
feature_classical,enhanced,Fold_4,random_forest,JuPt03,1,1,0.57,Patient,Patient
feature_classical,enhanced,Fold_4,random_forest,JuPt12,1,0,0.465,Patient,Control
feature_classical,enhanced,Fold_4,random_forest,JuPt13,1,1,1.0,Patient,Patient
feature_classical,enhanced,Fold_4,random_forest,JuPt14,1,1,0.9125,Patient,Patient
feature_classical,enhanced,Fold_4,random_forest,JuPt19,1,1,0.71,Patient,Patient
feature_classical,enhanced,Fold_4,random_forest,SiCo01,0,1,0.5525,Control,Patient
feature_classical,enhanced,Fold_4,random_forest,SiCo05,0,0,0.035,Control,Control
feature_classical,enhanced,Fold_4,random_forest,SiCo13,0,0,0.1175,Control,Control
feature_classical,enhanced,Fold_4,random_forest,SiCo25,0,0,0.3175,Control,Control
feature_classical,enhanced,Fold_4,random_forest,SiCo26,0,0,0.48,Control,Control
feature_classical,enhanced,Fold_4,random_forest,SiPt14,1,1,0.8275,Patient,Patient
feature_classical,enhanced,Fold_4,random_forest,SiPt39,1,0,0.4325,Patient,Control
feature_classical,enhanced,Fold_4,linear_svm,GaCo02,0,0,-1.1425166353254266,Control,Control
feature_classical,enhanced,Fold_4,linear_svm,GaCo09,0,0,-0.6114939109742618,Control,Control
feature_classical,enhanced,Fold_4,linear_svm,GaPt04,1,1,1.009024564047157,Patient,Patient
feature_classical,enhanced,Fold_4,linear_svm,GaPt09,1,1,0.4867038255053554,Patient,Patient
feature_classical,enhanced,Fold_4,linear_svm,GaPt31,1,1,0.319557315450141,Patient,Patient
feature_classical,enhanced,Fold_4,linear_svm,JuCo19,0,0,-1.2684949029066217,Control,Control
feature_classical,enhanced,Fold_4,linear_svm,JuCo20,0,0,-0.4509453044483882,Control,Control
feature_classical,enhanced,Fold_4,linear_svm,JuCo21,0,1,0.2702897394448844,Control,Patient
feature_classical,enhanced,Fold_4,linear_svm,JuPt03,1,1,0.5561828966092193,Patient,Patient
feature_classical,enhanced,Fold_4,linear_svm,JuPt12,1,1,0.6182387568419603,Patient,Patient
feature_classical,enhanced,Fold_4,linear_svm,JuPt13,1,1,2.736146075508295,Patient,Patient
feature_classical,enhanced,Fold_4,linear_svm,JuPt14,1,1,1.869656839619772,Patient,Patient
feature_classical,enhanced,Fold_4,linear_svm,JuPt19,1,1,0.5576956783822948,Patient,Patient
feature_classical,enhanced,Fold_4,linear_svm,SiCo01,0,1,0.4608973304161209,Control,Patient
feature_classical,enhanced,Fold_4,linear_svm,SiCo05,0,0,-2.017618835990931,Control,Control
feature_classical,enhanced,Fold_4,linear_svm,SiCo13,0,0,-1.202291113387978,Control,Control
feature_classical,enhanced,Fold_4,linear_svm,SiCo25,0,0,-0.5357433378521769,Control,Control
feature_classical,enhanced,Fold_4,linear_svm,SiCo26,0,1,0.1055174944814737,Control,Patient
feature_classical,enhanced,Fold_4,linear_svm,SiPt14,1,1,1.6225541487301005,Patient,Patient
feature_classical,enhanced,Fold_4,linear_svm,SiPt39,1,0,-0.5944089330198434,Patient,Control
feature_classical,enhanced,Fold_4,svm_rbf,GaCo02,0,0,-0.3152391509998479,Control,Control
feature_classical,enhanced,Fold_4,svm_rbf,GaCo09,0,0,-0.325233197926539,Control,Control
feature_classical,enhanced,Fold_4,svm_rbf,GaPt04,1,1,0.4517976061444232,Patient,Patient
feature_classical,enhanced,Fold_4,svm_rbf,GaPt09,1,1,0.3219999436407834,Patient,Patient
feature_classical,enhanced,Fold_4,svm_rbf,GaPt31,1,1,0.1723324040991783,Patient,Patient
feature_classical,enhanced,Fold_4,svm_rbf,JuCo19,0,0,-0.2433689192322858,Control,Control
feature_classical,enhanced,Fold_4,svm_rbf,JuCo20,0,0,-0.4126140172384697,Control,Control
feature_classical,enhanced,Fold_4,svm_rbf,JuCo21,0,1,0.1643941174202761,Control,Patient
feature_classical,enhanced,Fold_4,svm_rbf,JuPt03,1,1,0.3440051110587649,Patient,Patient
feature_classical,enhanced,Fold_4,svm_rbf,JuPt12,1,1,0.3614901895361544,Patient,Patient
feature_classical,enhanced,Fold_4,svm_rbf,JuPt13,1,1,0.5743077716111349,Patient,Patient
feature_classical,enhanced,Fold_4,svm_rbf,JuPt14,1,1,0.5647842643142091,Patient,Patient
feature_classical,enhanced,Fold_4,svm_rbf,JuPt19,1,1,0.2669758373233081,Patient,Patient
feature_classical,enhanced,Fold_4,svm_rbf,SiCo01,0,1,0.1865872248014144,Control,Patient
feature_classical,enhanced,Fold_4,svm_rbf,SiCo05,0,0,-0.2913963195063628,Control,Control
feature_classical,enhanced,Fold_4,svm_rbf,SiCo13,0,0,-0.3698917329604753,Control,Control
feature_classical,enhanced,Fold_4,svm_rbf,SiCo25,0,0,-0.2542944543401079,Control,Control
feature_classical,enhanced,Fold_4,svm_rbf,SiCo26,0,1,0.0506947110513441,Control,Patient
feature_classical,enhanced,Fold_4,svm_rbf,SiPt14,1,1,0.4678291573513717,Patient,Patient
feature_classical,enhanced,Fold_4,svm_rbf,SiPt39,1,0,-0.1536423895869245,Patient,Control
feature_classical_tsfresh,enhanced,Fold_4,random_forest_fresh,GaCo02,0,0,0.0375,Control,Control
feature_classical_tsfresh,enhanced,Fold_4,random_forest_fresh,GaCo09,0,0,0.3125,Control,Control
feature_classical_tsfresh,enhanced,Fold_4,random_forest_fresh,GaPt04,1,1,0.8375,Patient,Patient
feature_classical_tsfresh,enhanced,Fold_4,random_forest_fresh,GaPt09,1,1,0.67,Patient,Patient
feature_classical_tsfresh,enhanced,Fold_4,random_forest_fresh,GaPt31,1,1,0.61,Patient,Patient
feature_classical_tsfresh,enhanced,Fold_4,random_forest_fresh,JuCo19,0,0,0.105,Control,Control
feature_classical_tsfresh,enhanced,Fold_4,random_forest_fresh,JuCo20,0,1,0.505,Control,Patient
feature_classical_tsfresh,enhanced,Fold_4,random_forest_fresh,JuCo21,0,0,0.185,Control,Control
feature_classical_tsfresh,enhanced,Fold_4,random_forest_fresh,JuPt03,1,1,0.7625,Patient,Patient
feature_classical_tsfresh,enhanced,Fold_4,random_forest_fresh,JuPt12,1,1,0.5375,Patient,Patient
feature_classical_tsfresh,enhanced,Fold_4,random_forest_fresh,JuPt13,1,1,0.9925,Patient,Patient
feature_classical_tsfresh,enhanced,Fold_4,random_forest_fresh,JuPt14,1,1,0.91,Patient,Patient
feature_classical_tsfresh,enhanced,Fold_4,random_forest_fresh,JuPt19,1,1,0.705,Patient,Patient
feature_classical_tsfresh,enhanced,Fold_4,random_forest_fresh,SiCo01,0,1,0.7125,Control,Patient
feature_classical_tsfresh,enhanced,Fold_4,random_forest_fresh,SiCo05,0,0,0.0525,Control,Control
feature_classical_tsfresh,enhanced,Fold_4,random_forest_fresh,SiCo13,0,0,0.1325,Control,Control
feature_classical_tsfresh,enhanced,Fold_4,random_forest_fresh,SiCo25,0,0,0.0825,Control,Control
feature_classical_tsfresh,enhanced,Fold_4,random_forest_fresh,SiCo26,0,0,0.46,Control,Control
feature_classical_tsfresh,enhanced,Fold_4,random_forest_fresh,SiPt14,1,1,0.9525,Patient,Patient
feature_classical_tsfresh,enhanced,Fold_4,random_forest_fresh,SiPt39,1,1,0.5175,Patient,Patient
feature_classical_tsfresh,enhanced,Fold_4,linear_svm_fresh,GaCo02,0,0,-5.804095486740887,Control,Control
feature_classical_tsfresh,enhanced,Fold_4,linear_svm_fresh,GaCo09,0,0,-1.28680564744434,Control,Control
feature_classical_tsfresh,enhanced,Fold_4,linear_svm_fresh,GaPt04,1,1,4.258485235771699,Patient,Patient
feature_classical_tsfresh,enhanced,Fold_4,linear_svm_fresh,GaPt09,1,1,1.2322057588090018,Patient,Patient
feature_classical_tsfresh,enhanced,Fold_4,linear_svm_fresh,GaPt31,1,0,-0.4940312379030363,Patient,Control
feature_classical_tsfresh,enhanced,Fold_4,linear_svm_fresh,JuCo19,0,0,-0.0439650299920432,Control,Control
feature_classical_tsfresh,enhanced,Fold_4,linear_svm_fresh,JuCo20,0,0,-1.073762224658141,Control,Control
feature_classical_tsfresh,enhanced,Fold_4,linear_svm_fresh,JuCo21,0,0,-1.1588789491231304,Control,Control
feature_classical_tsfresh,enhanced,Fold_4,linear_svm_fresh,JuPt03,1,1,0.9244164680087976,Patient,Patient
feature_classical_tsfresh,enhanced,Fold_4,linear_svm_fresh,JuPt12,1,1,1.3370948864621073,Patient,Patient
feature_classical_tsfresh,enhanced,Fold_4,linear_svm_fresh,JuPt13,1,1,5.707290133700103,Patient,Patient
feature_classical_tsfresh,enhanced,Fold_4,linear_svm_fresh,JuPt14,1,1,1.9295049804957052,Patient,Patient
feature_classical_tsfresh,enhanced,Fold_4,linear_svm_fresh,JuPt19,1,1,1.23044716190849,Patient,Patient
feature_classical_tsfresh,enhanced,Fold_4,linear_svm_fresh,SiCo01,0,1,1.32614768094794,Control,Patient
feature_classical_tsfresh,enhanced,Fold_4,linear_svm_fresh,SiCo05,0,0,-3.01960084849822,Control,Control
feature_classical_tsfresh,enhanced,Fold_4,linear_svm_fresh,SiCo13,0,0,-2.860662419902289,Control,Control
feature_classical_tsfresh,enhanced,Fold_4,linear_svm_fresh,SiCo25,0,0,-2.65320239299524,Control,Control
feature_classical_tsfresh,enhanced,Fold_4,linear_svm_fresh,SiCo26,0,0,-1.8894833567713711,Control,Control
feature_classical_tsfresh,enhanced,Fold_4,linear_svm_fresh,SiPt14,1,1,2.0395576278080463,Patient,Patient
feature_classical_tsfresh,enhanced,Fold_4,linear_svm_fresh,SiPt39,1,1,0.3043794815820335,Patient,Patient
feature_classical_tsfresh,enhanced,Fold_4,svm_rbf_fresh,GaCo02,0,0,-1.0481451370170227,Control,Control
feature_classical_tsfresh,enhanced,Fold_4,svm_rbf_fresh,GaCo09,0,1,0.1167090126351783,Control,Patient
feature_classical_tsfresh,enhanced,Fold_4,svm_rbf_fresh,GaPt04,1,1,0.9942944188290052,Patient,Patient
feature_classical_tsfresh,enhanced,Fold_4,svm_rbf_fresh,GaPt09,1,1,0.4840749133624561,Patient,Patient
feature_classical_tsfresh,enhanced,Fold_4,svm_rbf_fresh,GaPt31,1,0,-0.1015966143893418,Patient,Control
feature_classical_tsfresh,enhanced,Fold_4,svm_rbf_fresh,JuCo19,0,0,-0.738884742317087,Control,Control
feature_classical_tsfresh,enhanced,Fold_4,svm_rbf_fresh,JuCo20,0,0,-0.3008887453950107,Control,Control
feature_classical_tsfresh,enhanced,Fold_4,svm_rbf_fresh,JuCo21,0,0,-0.585015535239731,Control,Control
feature_classical_tsfresh,enhanced,Fold_4,svm_rbf_fresh,JuPt03,1,1,1.0555583326072056,Patient,Patient
feature_classical_tsfresh,enhanced,Fold_4,svm_rbf_fresh,JuPt12,1,1,0.6049523616258792,Patient,Patient
feature_classical_tsfresh,enhanced,Fold_4,svm_rbf_fresh,JuPt13,1,1,1.0350271915547145,Patient,Patient
feature_classical_tsfresh,enhanced,Fold_4,svm_rbf_fresh,JuPt14,1,1,0.8400229012206172,Patient,Patient
feature_classical_tsfresh,enhanced,Fold_4,svm_rbf_fresh,JuPt19,1,1,0.3989289995345832,Patient,Patient
feature_classical_tsfresh,enhanced,Fold_4,svm_rbf_fresh,SiCo01,0,1,0.1439582070902926,Control,Patient
feature_classical_tsfresh,enhanced,Fold_4,svm_rbf_fresh,SiCo05,0,0,-0.642960133218548,Control,Control
feature_classical_tsfresh,enhanced,Fold_4,svm_rbf_fresh,SiCo13,0,0,-1.034415766633384,Control,Control
feature_classical_tsfresh,enhanced,Fold_4,svm_rbf_fresh,SiCo25,0,0,-1.205091664248847,Control,Control
feature_classical_tsfresh,enhanced,Fold_4,svm_rbf_fresh,SiCo26,0,0,-0.2750427255294019,Control,Control
feature_classical_tsfresh,enhanced,Fold_4,svm_rbf_fresh,SiPt14,1,1,0.9202774733444256,Patient,Patient
feature_classical_tsfresh,enhanced,Fold_4,svm_rbf_fresh,SiPt39,1,1,0.0446239517111206,Patient,Patient
feature_classical,left,Fold_5,random_forest,GaCo10,0,0,0.1609930555555556,Control,Control
feature_classical,left,Fold_5,random_forest,GaCo12,0,0,0.2670470779220779,Control,Control
feature_classical,left,Fold_5,random_forest,GaCo13,0,0,0.2085133477633477,Control,Control
feature_classical,left,Fold_5,random_forest,GaPt08,1,1,0.8067857142857142,Patient,Patient
feature_classical,left,Fold_5,random_forest,GaPt21,1,1,0.8611458333333334,Patient,Patient
feature_classical,left,Fold_5,random_forest,GaPt22,1,1,0.7547740800865799,Patient,Patient
feature_classical,left,Fold_5,random_forest,GaPt23,1,1,0.979252976190476,Patient,Patient
feature_classical,left,Fold_5,random_forest,GaPt26,1,1,0.5763164682539683,Patient,Patient
feature_classical,left,Fold_5,random_forest,JuCo15,0,0,0.2824873737373736,Control,Control
feature_classical,left,Fold_5,random_forest,JuCo18,0,0,0.1302946428571428,Control,Control
feature_classical,left,Fold_5,random_forest,JuPt09,1,1,0.7156460137085139,Patient,Patient
feature_classical,left,Fold_5,random_forest,JuPt11,1,1,0.6567720057720058,Patient,Patient
feature_classical,left,Fold_5,random_forest,JuPt15,1,1,0.6868275613275613,Patient,Patient
feature_classical,left,Fold_5,random_forest,JuPt29,1,1,0.62478373015873,Patient,Patient
feature_classical,left,Fold_5,random_forest,SiCo09,0,0,0.0647529761904762,Control,Control
feature_classical,left,Fold_5,random_forest,SiCo15,0,1,0.576491071428571,Control,Patient
feature_classical,left,Fold_5,random_forest,SiCo20,0,1,0.6343354978354979,Control,Patient
feature_classical,left,Fold_5,random_forest,SiCo21,0,0,0.3436448412698412,Control,Control
feature_classical,left,Fold_5,random_forest,SiCo22,0,0,0.1850082070707071,Control,Control
feature_classical,left,Fold_5,random_forest,SiPt27,1,1,0.6786767676767675,Patient,Patient
feature_classical,left,Fold_5,linear_svm,GaCo10,0,0,-0.8711303813735383,Control,Control
feature_classical,left,Fold_5,linear_svm,GaCo12,0,1,0.0517177394868635,Control,Patient
feature_classical,left,Fold_5,linear_svm,GaCo13,0,0,-0.2468428598628062,Control,Control
feature_classical,left,Fold_5,linear_svm,GaPt08,1,1,0.7136642643705347,Patient,Patient
feature_classical,left,Fold_5,linear_svm,GaPt21,1,1,0.7115842746960308,Patient,Patient
feature_classical,left,Fold_5,linear_svm,GaPt22,1,1,0.5371277206554728,Patient,Patient
feature_classical,left,Fold_5,linear_svm,GaPt23,1,1,1.1656134599210268,Patient,Patient
feature_classical,left,Fold_5,linear_svm,GaPt26,1,1,0.1914178943091409,Patient,Patient
feature_classical,left,Fold_5,linear_svm,JuCo15,0,0,-0.0985317058910335,Control,Control
feature_classical,left,Fold_5,linear_svm,JuCo18,0,0,-0.9463668758536816,Control,Control
feature_classical,left,Fold_5,linear_svm,JuPt09,1,1,0.2989416054538195,Patient,Patient
feature_classical,left,Fold_5,linear_svm,JuPt11,1,1,0.454773295258348,Patient,Patient
feature_classical,left,Fold_5,linear_svm,JuPt15,1,1,0.1889761840693104,Patient,Patient
feature_classical,left,Fold_5,linear_svm,JuPt29,1,1,0.7108038749239951,Patient,Patient
feature_classical,left,Fold_5,linear_svm,SiCo09,0,0,-1.0679666585201133,Control,Control
feature_classical,left,Fold_5,linear_svm,SiCo15,0,1,0.5446362832404037,Control,Patient
feature_classical,left,Fold_5,linear_svm,SiCo20,0,1,0.302809580669862,Control,Patient
feature_classical,left,Fold_5,linear_svm,SiCo21,0,0,-0.3310729173350353,Control,Control
feature_classical,left,Fold_5,linear_svm,SiCo22,0,0,-0.626480732377867,Control,Control
feature_classical,left,Fold_5,linear_svm,SiPt27,1,1,0.3946955969933686,Patient,Patient
feature_classical,left,Fold_5,svm_rbf,GaCo10,0,0,-0.3670290191213721,Control,Control
feature_classical,left,Fold_5,svm_rbf,GaCo12,0,0,-0.3370015624150297,Control,Control
feature_classical,left,Fold_5,svm_rbf,GaCo13,0,0,-0.4969713164733708,Control,Control
feature_classical,left,Fold_5,svm_rbf,GaPt08,1,1,0.5392897517881591,Patient,Patient
feature_classical,left,Fold_5,svm_rbf,GaPt21,1,1,0.4034568953669864,Patient,Patient
feature_classical,left,Fold_5,svm_rbf,GaPt22,1,1,0.3961571789100025,Patient,Patient
feature_classical,left,Fold_5,svm_rbf,GaPt23,1,1,0.7572062349546578,Patient,Patient
feature_classical,left,Fold_5,svm_rbf,GaPt26,1,1,0.1997429097700232,Patient,Patient
feature_classical,left,Fold_5,svm_rbf,JuCo15,0,0,-0.1950944638905765,Control,Control
feature_classical,left,Fold_5,svm_rbf,JuCo18,0,0,-0.6638412181405566,Control,Control
feature_classical,left,Fold_5,svm_rbf,JuPt09,1,0,-0.1407764409112686,Patient,Control
feature_classical,left,Fold_5,svm_rbf,JuPt11,1,1,0.0617505554193742,Patient,Patient
feature_classical,left,Fold_5,svm_rbf,JuPt15,1,0,-0.1033058112908025,Patient,Control
feature_classical,left,Fold_5,svm_rbf,JuPt29,1,1,0.5413398118772111,Patient,Patient
feature_classical,left,Fold_5,svm_rbf,SiCo09,0,0,-0.7803074783923131,Control,Control
feature_classical,left,Fold_5,svm_rbf,SiCo15,0,1,0.3214637967993061,Control,Patient
feature_classical,left,Fold_5,svm_rbf,SiCo20,0,1,0.1143457905273728,Control,Patient
feature_classical,left,Fold_5,svm_rbf,SiCo21,0,0,-0.1188970562991402,Control,Control
feature_classical,left,Fold_5,svm_rbf,SiCo22,0,0,-0.6770331197900756,Control,Control
feature_classical,left,Fold_5,svm_rbf,SiPt27,1,1,0.1104908726284192,Patient,Patient
feature_classical_tsfresh,left,Fold_5,random_forest_fresh,GaCo10,0,0,0.2075,Control,Control
feature_classical_tsfresh,left,Fold_5,random_forest_fresh,GaCo12,0,0,0.2125,Control,Control
feature_classical_tsfresh,left,Fold_5,random_forest_fresh,GaCo13,0,0,0.2,Control,Control
feature_classical_tsfresh,left,Fold_5,random_forest_fresh,GaPt08,1,1,0.8225,Patient,Patient
feature_classical_tsfresh,left,Fold_5,random_forest_fresh,GaPt21,1,1,0.69,Patient,Patient
feature_classical_tsfresh,left,Fold_5,random_forest_fresh,GaPt22,1,0,0.4825,Patient,Control
feature_classical_tsfresh,left,Fold_5,random_forest_fresh,GaPt23,1,1,0.89,Patient,Patient
feature_classical_tsfresh,left,Fold_5,random_forest_fresh,GaPt26,1,1,0.6875,Patient,Patient
feature_classical_tsfresh,left,Fold_5,random_forest_fresh,JuCo15,0,0,0.35,Control,Control
feature_classical_tsfresh,left,Fold_5,random_forest_fresh,JuCo18,0,0,0.135,Control,Control
feature_classical_tsfresh,left,Fold_5,random_forest_fresh,JuPt09,1,1,0.5675,Patient,Patient
feature_classical_tsfresh,left,Fold_5,random_forest_fresh,JuPt11,1,1,0.7375,Patient,Patient
feature_classical_tsfresh,left,Fold_5,random_forest_fresh,JuPt15,1,0,0.5,Patient,Control
feature_classical_tsfresh,left,Fold_5,random_forest_fresh,JuPt29,1,1,0.5825,Patient,Patient
feature_classical_tsfresh,left,Fold_5,random_forest_fresh,SiCo09,0,0,0.0525,Control,Control
feature_classical_tsfresh,left,Fold_5,random_forest_fresh,SiCo15,0,1,0.6175,Control,Patient
feature_classical_tsfresh,left,Fold_5,random_forest_fresh,SiCo20,0,1,0.68,Control,Patient
feature_classical_tsfresh,left,Fold_5,random_forest_fresh,SiCo21,0,0,0.3,Control,Control
feature_classical_tsfresh,left,Fold_5,random_forest_fresh,SiCo22,0,0,0.1025,Control,Control
feature_classical_tsfresh,left,Fold_5,random_forest_fresh,SiPt27,1,1,0.7775,Patient,Patient
feature_classical_tsfresh,left,Fold_5,linear_svm_fresh,GaCo10,0,0,-0.8091308135003245,Control,Control
feature_classical_tsfresh,left,Fold_5,linear_svm_fresh,GaCo12,0,0,-0.0159380616239109,Control,Control
feature_classical_tsfresh,left,Fold_5,linear_svm_fresh,GaCo13,0,0,-0.2442750498087434,Control,Control
feature_classical_tsfresh,left,Fold_5,linear_svm_fresh,GaPt08,1,1,0.6921278427606786,Patient,Patient
feature_classical_tsfresh,left,Fold_5,linear_svm_fresh,GaPt21,1,1,0.5775316398631646,Patient,Patient
feature_classical_tsfresh,left,Fold_5,linear_svm_fresh,GaPt22,1,1,0.2765403812464335,Patient,Patient
feature_classical_tsfresh,left,Fold_5,linear_svm_fresh,GaPt23,1,1,1.2621970652753003,Patient,Patient
feature_classical_tsfresh,left,Fold_5,linear_svm_fresh,GaPt26,1,1,0.508816181423709,Patient,Patient
feature_classical_tsfresh,left,Fold_5,linear_svm_fresh,JuCo15,0,0,-0.1728509413303915,Control,Control
feature_classical_tsfresh,left,Fold_5,linear_svm_fresh,JuCo18,0,0,-0.95878596795148,Control,Control
feature_classical_tsfresh,left,Fold_5,linear_svm_fresh,JuPt09,1,1,0.3327326158927911,Patient,Patient
feature_classical_tsfresh,left,Fold_5,linear_svm_fresh,JuPt11,1,1,0.6120067880062167,Patient,Patient
feature_classical_tsfresh,left,Fold_5,linear_svm_fresh,JuPt15,1,1,0.1664053806346434,Patient,Patient
feature_classical_tsfresh,left,Fold_5,linear_svm_fresh,JuPt29,1,1,0.5318266709452644,Patient,Patient
feature_classical_tsfresh,left,Fold_5,linear_svm_fresh,SiCo09,0,0,-0.925222321812097,Control,Control
feature_classical_tsfresh,left,Fold_5,linear_svm_fresh,SiCo15,0,1,0.3645080379636178,Control,Patient
feature_classical_tsfresh,left,Fold_5,linear_svm_fresh,SiCo20,0,1,0.1860854761549697,Control,Patient
feature_classical_tsfresh,left,Fold_5,linear_svm_fresh,SiCo21,0,0,-0.5856890111958232,Control,Control
feature_classical_tsfresh,left,Fold_5,linear_svm_fresh,SiCo22,0,0,-0.7473220975832033,Control,Control
feature_classical_tsfresh,left,Fold_5,linear_svm_fresh,SiPt27,1,1,0.6322473180446061,Patient,Patient
feature_classical_tsfresh,left,Fold_5,svm_rbf_fresh,GaCo10,0,0,-0.3810503001629949,Control,Control
feature_classical_tsfresh,left,Fold_5,svm_rbf_fresh,GaCo12,0,0,-0.2691828830104701,Control,Control
feature_classical_tsfresh,left,Fold_5,svm_rbf_fresh,GaCo13,0,0,-0.4598430350541473,Control,Control
feature_classical_tsfresh,left,Fold_5,svm_rbf_fresh,GaPt08,1,1,0.552219528401318,Patient,Patient
feature_classical_tsfresh,left,Fold_5,svm_rbf_fresh,GaPt21,1,1,0.3279806393137434,Patient,Patient
feature_classical_tsfresh,left,Fold_5,svm_rbf_fresh,GaPt22,1,1,0.3594679167153983,Patient,Patient
feature_classical_tsfresh,left,Fold_5,svm_rbf_fresh,GaPt23,1,0,-0.0185675180284305,Patient,Control
feature_classical_tsfresh,left,Fold_5,svm_rbf_fresh,GaPt26,1,1,0.2484493070392127,Patient,Patient
feature_classical_tsfresh,left,Fold_5,svm_rbf_fresh,JuCo15,0,0,-0.1028368566004805,Control,Control
feature_classical_tsfresh,left,Fold_5,svm_rbf_fresh,JuCo18,0,0,-0.5069694630329531,Control,Control
feature_classical_tsfresh,left,Fold_5,svm_rbf_fresh,JuPt09,1,0,-0.098043363595015,Patient,Control
feature_classical_tsfresh,left,Fold_5,svm_rbf_fresh,JuPt11,1,1,0.1584939368540319,Patient,Patient
feature_classical_tsfresh,left,Fold_5,svm_rbf_fresh,JuPt15,1,1,0.0055450563959996,Patient,Patient
feature_classical_tsfresh,left,Fold_5,svm_rbf_fresh,JuPt29,1,1,0.4485762053829975,Patient,Patient
feature_classical_tsfresh,left,Fold_5,svm_rbf_fresh,SiCo09,0,0,-0.6366094985824582,Control,Control
feature_classical_tsfresh,left,Fold_5,svm_rbf_fresh,SiCo15,0,1,0.1689717027007322,Control,Patient
feature_classical_tsfresh,left,Fold_5,svm_rbf_fresh,SiCo20,0,1,0.1344501795964173,Control,Patient
feature_classical_tsfresh,left,Fold_5,svm_rbf_fresh,SiCo21,0,0,-0.1711963234494249,Control,Control
feature_classical_tsfresh,left,Fold_5,svm_rbf_fresh,SiCo22,0,0,-0.447361492830522,Control,Control
feature_classical_tsfresh,left,Fold_5,svm_rbf_fresh,SiPt27,1,1,0.210571030082971,Patient,Patient
feature_classical,right,Fold_5,random_forest,GaCo10,0,0,0.2175,Control,Control
feature_classical,right,Fold_5,random_forest,GaCo12,0,0,0.3125,Control,Control
feature_classical,right,Fold_5,random_forest,GaCo13,0,0,0.18,Control,Control
feature_classical,right,Fold_5,random_forest,GaPt08,1,1,0.865,Patient,Patient
feature_classical,right,Fold_5,random_forest,GaPt21,1,1,0.84,Patient,Patient
feature_classical,right,Fold_5,random_forest,GaPt22,1,1,0.7525,Patient,Patient
feature_classical,right,Fold_5,random_forest,GaPt23,1,1,0.95,Patient,Patient
feature_classical,right,Fold_5,random_forest,GaPt26,1,1,0.5325,Patient,Patient
feature_classical,right,Fold_5,random_forest,JuCo15,0,0,0.345,Control,Control
feature_classical,right,Fold_5,random_forest,JuCo18,0,0,0.11,Control,Control
feature_classical,right,Fold_5,random_forest,JuPt09,1,1,0.7575,Patient,Patient
feature_classical,right,Fold_5,random_forest,JuPt11,1,1,0.745,Patient,Patient
feature_classical,right,Fold_5,random_forest,JuPt15,1,1,0.5975,Patient,Patient
feature_classical,right,Fold_5,random_forest,JuPt29,1,1,0.6375,Patient,Patient
feature_classical,right,Fold_5,random_forest,SiCo09,0,0,0.06,Control,Control
feature_classical,right,Fold_5,random_forest,SiCo15,0,1,0.575,Control,Patient
feature_classical,right,Fold_5,random_forest,SiCo20,0,1,0.565,Control,Patient
feature_classical,right,Fold_5,random_forest,SiCo21,0,0,0.3,Control,Control
feature_classical,right,Fold_5,random_forest,SiCo22,0,0,0.105,Control,Control
feature_classical,right,Fold_5,random_forest,SiPt27,1,1,0.7775,Patient,Patient
feature_classical,right,Fold_5,linear_svm,GaCo10,0,0,-0.8711303813735383,Control,Control
feature_classical,right,Fold_5,linear_svm,GaCo12,0,1,0.0517177394868635,Control,Patient
feature_classical,right,Fold_5,linear_svm,GaCo13,0,0,-0.2468428598628062,Control,Control
feature_classical,right,Fold_5,linear_svm,GaPt08,1,1,0.7136642643705347,Patient,Patient
feature_classical,right,Fold_5,linear_svm,GaPt21,1,1,0.7115842746960308,Patient,Patient
feature_classical,right,Fold_5,linear_svm,GaPt22,1,1,0.5371277206554728,Patient,Patient
feature_classical,right,Fold_5,linear_svm,GaPt23,1,1,1.1656134599210268,Patient,Patient
feature_classical,right,Fold_5,linear_svm,GaPt26,1,1,0.1914178943091409,Patient,Patient
feature_classical,right,Fold_5,linear_svm,JuCo15,0,0,-0.0985317058910335,Control,Control
feature_classical,right,Fold_5,linear_svm,JuCo18,0,0,-0.9463668758536816,Control,Control
feature_classical,right,Fold_5,linear_svm,JuPt09,1,1,0.2989416054538195,Patient,Patient
feature_classical,right,Fold_5,linear_svm,JuPt11,1,1,0.454773295258348,Patient,Patient
feature_classical,right,Fold_5,linear_svm,JuPt15,1,1,0.1889761840693104,Patient,Patient
feature_classical,right,Fold_5,linear_svm,JuPt29,1,1,0.7108038749239951,Patient,Patient
feature_classical,right,Fold_5,linear_svm,SiCo09,0,0,-1.0679666585201133,Control,Control
feature_classical,right,Fold_5,linear_svm,SiCo15,0,1,0.5446362832404037,Control,Patient
feature_classical,right,Fold_5,linear_svm,SiCo20,0,1,0.302809580669862,Control,Patient
feature_classical,right,Fold_5,linear_svm,SiCo21,0,0,-0.3310729173350353,Control,Control
feature_classical,right,Fold_5,linear_svm,SiCo22,0,0,-0.626480732377867,Control,Control
feature_classical,right,Fold_5,linear_svm,SiPt27,1,1,0.3946955969933686,Patient,Patient
feature_classical,right,Fold_5,svm_rbf,GaCo10,0,0,-0.3764737852294777,Control,Control
feature_classical,right,Fold_5,svm_rbf,GaCo12,0,0,-0.3326795338292078,Control,Control
feature_classical,right,Fold_5,svm_rbf,GaCo13,0,0,-0.4910003637979935,Control,Control
feature_classical,right,Fold_5,svm_rbf,GaPt08,1,1,0.5356438738846169,Patient,Patient
feature_classical,right,Fold_5,svm_rbf,GaPt21,1,1,0.4067532762820078,Patient,Patient
feature_classical,right,Fold_5,svm_rbf,GaPt22,1,1,0.3975726196988588,Patient,Patient
feature_classical,right,Fold_5,svm_rbf,GaPt23,1,1,0.7577613136297,Patient,Patient
feature_classical,right,Fold_5,svm_rbf,GaPt26,1,1,0.1932634473000972,Patient,Patient
feature_classical,right,Fold_5,svm_rbf,JuCo15,0,0,-0.1980143310609066,Control,Control
feature_classical,right,Fold_5,svm_rbf,JuCo18,0,0,-0.6612579879991131,Control,Control
feature_classical,right,Fold_5,svm_rbf,JuPt09,1,0,-0.1201957622911349,Patient,Control
feature_classical,right,Fold_5,svm_rbf,JuPt11,1,1,0.0579087503456666,Patient,Patient
feature_classical,right,Fold_5,svm_rbf,JuPt15,1,0,-0.0898741272482358,Patient,Control
feature_classical,right,Fold_5,svm_rbf,JuPt29,1,1,0.5321085584212314,Patient,Patient
feature_classical,right,Fold_5,svm_rbf,SiCo09,0,0,-0.7780161408034965,Control,Control
feature_classical,right,Fold_5,svm_rbf,SiCo15,0,1,0.3330718008774209,Control,Patient
feature_classical,right,Fold_5,svm_rbf,SiCo20,0,1,0.121840652455041,Control,Patient
feature_classical,right,Fold_5,svm_rbf,SiCo21,0,0,-0.1224708215953787,Control,Control
feature_classical,right,Fold_5,svm_rbf,SiCo22,0,0,-0.6778605162087489,Control,Control
feature_classical,right,Fold_5,svm_rbf,SiPt27,1,1,0.1081101010206484,Patient,Patient
feature_classical_tsfresh,right,Fold_5,random_forest_fresh,GaCo10,0,0,0.2329246933621934,Control,Control
feature_classical_tsfresh,right,Fold_5,random_forest_fresh,GaCo12,0,0,0.2729474206349205,Control,Control
feature_classical_tsfresh,right,Fold_5,random_forest_fresh,GaCo13,0,0,0.2335535714285714,Control,Control
feature_classical_tsfresh,right,Fold_5,random_forest_fresh,GaPt08,1,1,0.8178888888888889,Patient,Patient
feature_classical_tsfresh,right,Fold_5,random_forest_fresh,GaPt21,1,1,0.7212451298701299,Patient,Patient
feature_classical_tsfresh,right,Fold_5,random_forest_fresh,GaPt22,1,1,0.5385674603174604,Patient,Patient
feature_classical_tsfresh,right,Fold_5,random_forest_fresh,GaPt23,1,1,0.8620039682539684,Patient,Patient
feature_classical_tsfresh,right,Fold_5,random_forest_fresh,GaPt26,1,1,0.64809632034632,Patient,Patient
feature_classical_tsfresh,right,Fold_5,random_forest_fresh,JuCo15,0,0,0.3986845238095238,Control,Control
feature_classical_tsfresh,right,Fold_5,random_forest_fresh,JuCo18,0,0,0.1876666666666667,Control,Control
feature_classical_tsfresh,right,Fold_5,random_forest_fresh,JuPt09,1,1,0.6627440476190476,Patient,Patient
feature_classical_tsfresh,right,Fold_5,random_forest_fresh,JuPt11,1,1,0.7105922619047621,Patient,Patient
feature_classical_tsfresh,right,Fold_5,random_forest_fresh,JuPt15,1,1,0.545860119047619,Patient,Patient
feature_classical_tsfresh,right,Fold_5,random_forest_fresh,JuPt29,1,1,0.5764683441558441,Patient,Patient
feature_classical_tsfresh,right,Fold_5,random_forest_fresh,SiCo09,0,0,0.0753591269841269,Control,Control
feature_classical_tsfresh,right,Fold_5,random_forest_fresh,SiCo15,0,1,0.6328134920634919,Control,Patient
feature_classical_tsfresh,right,Fold_5,random_forest_fresh,SiCo20,0,1,0.6484316378066377,Control,Patient
feature_classical_tsfresh,right,Fold_5,random_forest_fresh,SiCo21,0,0,0.2999553571428571,Control,Control
feature_classical_tsfresh,right,Fold_5,random_forest_fresh,SiCo22,0,0,0.161936507936508,Control,Control
feature_classical_tsfresh,right,Fold_5,random_forest_fresh,SiPt27,1,1,0.7413224206349208,Patient,Patient
feature_classical_tsfresh,right,Fold_5,linear_svm_fresh,GaCo10,0,0,-0.8091308135003245,Control,Control
feature_classical_tsfresh,right,Fold_5,linear_svm_fresh,GaCo12,0,0,-0.0159380616239108,Control,Control
feature_classical_tsfresh,right,Fold_5,linear_svm_fresh,GaCo13,0,0,-0.2442750498087434,Control,Control
feature_classical_tsfresh,right,Fold_5,linear_svm_fresh,GaPt08,1,1,0.6921278427606786,Patient,Patient
feature_classical_tsfresh,right,Fold_5,linear_svm_fresh,GaPt21,1,1,0.5775316398631646,Patient,Patient
feature_classical_tsfresh,right,Fold_5,linear_svm_fresh,GaPt22,1,1,0.2765403812464335,Patient,Patient
feature_classical_tsfresh,right,Fold_5,linear_svm_fresh,GaPt23,1,1,1.2621970652753003,Patient,Patient
feature_classical_tsfresh,right,Fold_5,linear_svm_fresh,GaPt26,1,1,0.508816181423709,Patient,Patient
feature_classical_tsfresh,right,Fold_5,linear_svm_fresh,JuCo15,0,0,-0.1728509413303915,Control,Control
feature_classical_tsfresh,right,Fold_5,linear_svm_fresh,JuCo18,0,0,-0.95878596795148,Control,Control
feature_classical_tsfresh,right,Fold_5,linear_svm_fresh,JuPt09,1,1,0.3327326158927911,Patient,Patient
feature_classical_tsfresh,right,Fold_5,linear_svm_fresh,JuPt11,1,1,0.6120067880062166,Patient,Patient
feature_classical_tsfresh,right,Fold_5,linear_svm_fresh,JuPt15,1,1,0.1664053806346434,Patient,Patient
feature_classical_tsfresh,right,Fold_5,linear_svm_fresh,JuPt29,1,1,0.5318266709452644,Patient,Patient
feature_classical_tsfresh,right,Fold_5,linear_svm_fresh,SiCo09,0,0,-0.925222321812097,Control,Control
feature_classical_tsfresh,right,Fold_5,linear_svm_fresh,SiCo15,0,1,0.3645080379636178,Control,Patient
feature_classical_tsfresh,right,Fold_5,linear_svm_fresh,SiCo20,0,1,0.1860854761549697,Control,Patient
feature_classical_tsfresh,right,Fold_5,linear_svm_fresh,SiCo21,0,0,-0.5856890111958232,Control,Control
feature_classical_tsfresh,right,Fold_5,linear_svm_fresh,SiCo22,0,0,-0.7473220975832033,Control,Control
feature_classical_tsfresh,right,Fold_5,linear_svm_fresh,SiPt27,1,1,0.6322473180446061,Patient,Patient
feature_classical_tsfresh,right,Fold_5,svm_rbf_fresh,GaCo10,0,0,-0.3839992144792669,Control,Control
feature_classical_tsfresh,right,Fold_5,svm_rbf_fresh,GaCo12,0,0,-0.2600635250385491,Control,Control
feature_classical_tsfresh,right,Fold_5,svm_rbf_fresh,GaCo13,0,0,-0.4544181967661585,Control,Control
feature_classical_tsfresh,right,Fold_5,svm_rbf_fresh,GaPt08,1,1,0.5503803897371309,Patient,Patient
feature_classical_tsfresh,right,Fold_5,svm_rbf_fresh,GaPt21,1,1,0.3381001652431867,Patient,Patient
feature_classical_tsfresh,right,Fold_5,svm_rbf_fresh,GaPt22,1,1,0.3717403943967542,Patient,Patient
feature_classical_tsfresh,right,Fold_5,svm_rbf_fresh,GaPt23,1,0,-0.0181700946646741,Patient,Control
feature_classical_tsfresh,right,Fold_5,svm_rbf_fresh,GaPt26,1,1,0.2464576450995526,Patient,Patient
feature_classical_tsfresh,right,Fold_5,svm_rbf_fresh,JuCo15,0,0,-0.103220263486999,Control,Control
feature_classical_tsfresh,right,Fold_5,svm_rbf_fresh,JuCo18,0,0,-0.4993260677685821,Control,Control
feature_classical_tsfresh,right,Fold_5,svm_rbf_fresh,JuPt09,1,0,-0.0774089444692129,Patient,Control
feature_classical_tsfresh,right,Fold_5,svm_rbf_fresh,JuPt11,1,1,0.1555095354653564,Patient,Patient
feature_classical_tsfresh,right,Fold_5,svm_rbf_fresh,JuPt15,1,1,0.0206521657721018,Patient,Patient
feature_classical_tsfresh,right,Fold_5,svm_rbf_fresh,JuPt29,1,1,0.4490722077507696,Patient,Patient
feature_classical_tsfresh,right,Fold_5,svm_rbf_fresh,SiCo09,0,0,-0.6358024902345599,Control,Control
feature_classical_tsfresh,right,Fold_5,svm_rbf_fresh,SiCo15,0,1,0.186333011721524,Control,Patient
feature_classical_tsfresh,right,Fold_5,svm_rbf_fresh,SiCo20,0,1,0.1525776822851117,Control,Patient
feature_classical_tsfresh,right,Fold_5,svm_rbf_fresh,SiCo21,0,0,-0.1724567449015543,Control,Control
feature_classical_tsfresh,right,Fold_5,svm_rbf_fresh,SiCo22,0,0,-0.4530587156924178,Control,Control
feature_classical_tsfresh,right,Fold_5,svm_rbf_fresh,SiPt27,1,1,0.2116113745945367,Patient,Patient
feature_classical,combined,Fold_5,random_forest,GaCo10,0,0,0.1228878968253968,Control,Control
feature_classical,combined,Fold_5,random_forest,GaCo12,0,0,0.3095787337662339,Control,Control
feature_classical,combined,Fold_5,random_forest,GaCo13,0,0,0.2532842712842713,Control,Control
feature_classical,combined,Fold_5,random_forest,GaPt08,1,1,0.8067091727716728,Patient,Patient
feature_classical,combined,Fold_5,random_forest,GaPt21,1,1,0.8455950854700853,Patient,Patient
feature_classical,combined,Fold_5,random_forest,GaPt22,1,1,0.7812556193806194,Patient,Patient
feature_classical,combined,Fold_5,random_forest,GaPt23,1,1,0.9734613095238096,Patient,Patient
feature_classical,combined,Fold_5,random_forest,GaPt26,1,1,0.5545762085137084,Patient,Patient
feature_classical,combined,Fold_5,random_forest,JuCo15,0,0,0.3282291666666666,Control,Control
feature_classical,combined,Fold_5,random_forest,JuCo18,0,0,0.1145803571428571,Control,Control
feature_classical,combined,Fold_5,random_forest,JuPt09,1,1,0.7315803571428572,Patient,Patient
feature_classical,combined,Fold_5,random_forest,JuPt11,1,1,0.7098670634920636,Patient,Patient
feature_classical,combined,Fold_5,random_forest,JuPt15,1,1,0.6999960317460316,Patient,Patient
feature_classical,combined,Fold_5,random_forest,JuPt29,1,1,0.6321934523809526,Patient,Patient
feature_classical,combined,Fold_5,random_forest,SiCo09,0,0,0.0589136904761904,Control,Control
feature_classical,combined,Fold_5,random_forest,SiCo15,0,1,0.5466496212121214,Control,Patient
feature_classical,combined,Fold_5,random_forest,SiCo20,0,1,0.6502918470418471,Control,Patient
feature_classical,combined,Fold_5,random_forest,SiCo21,0,0,0.3452946428571428,Control,Control
feature_classical,combined,Fold_5,random_forest,SiCo22,0,0,0.1810229978354978,Control,Control
feature_classical,combined,Fold_5,random_forest,SiPt27,1,1,0.7210248015873014,Patient,Patient
feature_classical,combined,Fold_5,linear_svm,GaCo10,0,0,-0.9721475003446068,Control,Control
feature_classical,combined,Fold_5,linear_svm,GaCo12,0,1,0.2036004127973717,Control,Patient
feature_classical,combined,Fold_5,linear_svm,GaCo13,0,0,-0.0074506149272347,Control,Control
feature_classical,combined,Fold_5,linear_svm,GaPt08,1,1,0.463751766359418,Patient,Patient
feature_classical,combined,Fold_5,linear_svm,GaPt21,1,1,0.6189307186690494,Patient,Patient
feature_classical,combined,Fold_5,linear_svm,GaPt22,1,1,0.3096445498936279,Patient,Patient
feature_classical,combined,Fold_5,linear_svm,GaPt23,1,1,0.7195219282422528,Patient,Patient
feature_classical,combined,Fold_5,linear_svm,GaPt26,1,1,0.0118951006789735,Patient,Patient
feature_classical,combined,Fold_5,linear_svm,JuCo15,0,0,-0.3752295291093727,Control,Control
feature_classical,combined,Fold_5,linear_svm,JuCo18,0,0,-0.9742385433652097,Control,Control
feature_classical,combined,Fold_5,linear_svm,JuPt09,1,1,0.3512714896299345,Patient,Patient
feature_classical,combined,Fold_5,linear_svm,JuPt11,1,1,0.2342408461939723,Patient,Patient
feature_classical,combined,Fold_5,linear_svm,JuPt15,1,1,0.2591307101004015,Patient,Patient
feature_classical,combined,Fold_5,linear_svm,JuPt29,1,1,0.518428008148424,Patient,Patient
feature_classical,combined,Fold_5,linear_svm,SiCo09,0,0,-1.1025360146196226,Control,Control
feature_classical,combined,Fold_5,linear_svm,SiCo15,0,1,0.4745487954715222,Control,Patient
feature_classical,combined,Fold_5,linear_svm,SiCo20,0,1,0.1492259658769202,Control,Patient
feature_classical,combined,Fold_5,linear_svm,SiCo21,0,0,-0.657731996304817,Control,Control
feature_classical,combined,Fold_5,linear_svm,SiCo22,0,0,-0.1936190571394133,Control,Control
feature_classical,combined,Fold_5,linear_svm,SiPt27,1,1,0.0685014587242996,Patient,Patient
feature_classical,combined,Fold_5,svm_rbf,GaCo10,0,0,-1.2596474978044434,Control,Control
feature_classical,combined,Fold_5,svm_rbf,GaCo12,0,1,0.0694251521989308,Control,Patient
feature_classical,combined,Fold_5,svm_rbf,GaCo13,0,0,-0.3968674618417638,Control,Control
feature_classical,combined,Fold_5,svm_rbf,GaPt08,1,1,1.046372719271642,Patient,Patient
feature_classical,combined,Fold_5,svm_rbf,GaPt21,1,1,1.0441809315567736,Patient,Patient
feature_classical,combined,Fold_5,svm_rbf,GaPt22,1,1,0.6980538903588229,Patient,Patient
feature_classical,combined,Fold_5,svm_rbf,GaPt23,1,1,1.497401527805797,Patient,Patient
feature_classical,combined,Fold_5,svm_rbf,GaPt26,1,1,0.3321464245353258,Patient,Patient
feature_classical,combined,Fold_5,svm_rbf,JuCo15,0,0,-0.1680432608379352,Control,Control
feature_classical,combined,Fold_5,svm_rbf,JuCo18,0,0,-1.1642575197384288,Control,Control
feature_classical,combined,Fold_5,svm_rbf,JuPt09,1,1,0.5938605174869804,Patient,Patient
feature_classical,combined,Fold_5,svm_rbf,JuPt11,1,1,0.9495985448760812,Patient,Patient
feature_classical,combined,Fold_5,svm_rbf,JuPt15,1,1,0.3809382818119949,Patient,Patient
feature_classical,combined,Fold_5,svm_rbf,JuPt29,1,1,0.962992707966617,Patient,Patient
feature_classical,combined,Fold_5,svm_rbf,SiCo09,0,0,-1.3301878597776586,Control,Control
feature_classical,combined,Fold_5,svm_rbf,SiCo15,0,1,0.5403208577813259,Control,Patient
feature_classical,combined,Fold_5,svm_rbf,SiCo20,0,1,0.572217666419881,Control,Patient
feature_classical,combined,Fold_5,svm_rbf,SiCo21,0,0,-0.3261908178631451,Control,Control
feature_classical,combined,Fold_5,svm_rbf,SiCo22,0,0,-0.886121121171156,Control,Control
feature_classical,combined,Fold_5,svm_rbf,SiPt27,1,1,0.8793488997223865,Patient,Patient
feature_classical_tsfresh,combined,Fold_5,random_forest_fresh,GaCo10,0,0,0.232563492063492,Control,Control
feature_classical_tsfresh,combined,Fold_5,random_forest_fresh,GaCo12,0,0,0.2588829365079363,Control,Control
feature_classical_tsfresh,combined,Fold_5,random_forest_fresh,GaCo13,0,0,0.2213452380952381,Control,Control
feature_classical_tsfresh,combined,Fold_5,random_forest_fresh,GaPt08,1,1,0.8209811507936506,Patient,Patient
feature_classical_tsfresh,combined,Fold_5,random_forest_fresh,GaPt21,1,1,0.7231061507936506,Patient,Patient
feature_classical_tsfresh,combined,Fold_5,random_forest_fresh,GaPt22,1,1,0.5178412698412701,Patient,Patient
feature_classical_tsfresh,combined,Fold_5,random_forest_fresh,GaPt23,1,1,0.8768303571428572,Patient,Patient
feature_classical_tsfresh,combined,Fold_5,random_forest_fresh,GaPt26,1,1,0.684514880952381,Patient,Patient
feature_classical_tsfresh,combined,Fold_5,random_forest_fresh,JuCo15,0,0,0.3649910714285713,Control,Control
feature_classical_tsfresh,combined,Fold_5,random_forest_fresh,JuCo18,0,0,0.161234126984127,Control,Control
feature_classical_tsfresh,combined,Fold_5,random_forest_fresh,JuPt09,1,1,0.6573333333333333,Patient,Patient
feature_classical_tsfresh,combined,Fold_5,random_forest_fresh,JuPt11,1,1,0.6870714285714287,Patient,Patient
feature_classical_tsfresh,combined,Fold_5,random_forest_fresh,JuPt15,1,1,0.5173154761904764,Patient,Patient
feature_classical_tsfresh,combined,Fold_5,random_forest_fresh,JuPt29,1,1,0.5552460317460318,Patient,Patient
feature_classical_tsfresh,combined,Fold_5,random_forest_fresh,SiCo09,0,0,0.069547619047619,Control,Control
feature_classical_tsfresh,combined,Fold_5,random_forest_fresh,SiCo15,0,1,0.6198075396825398,Control,Patient
feature_classical_tsfresh,combined,Fold_5,random_forest_fresh,SiCo20,0,1,0.6632380952380953,Control,Patient
feature_classical_tsfresh,combined,Fold_5,random_forest_fresh,SiCo21,0,0,0.2865059523809521,Control,Control
feature_classical_tsfresh,combined,Fold_5,random_forest_fresh,SiCo22,0,0,0.1435,Control,Control
feature_classical_tsfresh,combined,Fold_5,random_forest_fresh,SiPt27,1,1,0.7989404761904766,Patient,Patient
feature_classical_tsfresh,combined,Fold_5,linear_svm_fresh,GaCo10,0,0,-1.0469926168948402,Control,Control
feature_classical_tsfresh,combined,Fold_5,linear_svm_fresh,GaCo12,0,0,-0.001129939812687,Control,Control
feature_classical_tsfresh,combined,Fold_5,linear_svm_fresh,GaCo13,0,0,-0.2998441150405108,Control,Control
feature_classical_tsfresh,combined,Fold_5,linear_svm_fresh,GaPt08,1,1,0.872872320837008,Patient,Patient
feature_classical_tsfresh,combined,Fold_5,linear_svm_fresh,GaPt21,1,1,0.7425520866805825,Patient,Patient
feature_classical_tsfresh,combined,Fold_5,linear_svm_fresh,GaPt22,1,1,0.3602711732826932,Patient,Patient
feature_classical_tsfresh,combined,Fold_5,linear_svm_fresh,GaPt23,1,1,1.5607641516826605,Patient,Patient
feature_classical_tsfresh,combined,Fold_5,linear_svm_fresh,GaPt26,1,1,0.5953673899766282,Patient,Patient
feature_classical_tsfresh,combined,Fold_5,linear_svm_fresh,JuCo15,0,0,-0.1856727549602002,Control,Control
feature_classical_tsfresh,combined,Fold_5,linear_svm_fresh,JuCo18,0,0,-1.1198491706973317,Control,Control
feature_classical_tsfresh,combined,Fold_5,linear_svm_fresh,JuPt09,1,1,0.4550913824953158,Patient,Patient
feature_classical_tsfresh,combined,Fold_5,linear_svm_fresh,JuPt11,1,1,0.8312531205396448,Patient,Patient
feature_classical_tsfresh,combined,Fold_5,linear_svm_fresh,JuPt15,1,1,0.2323508802540696,Patient,Patient
feature_classical_tsfresh,combined,Fold_5,linear_svm_fresh,JuPt29,1,1,0.6294702438959071,Patient,Patient
feature_classical_tsfresh,combined,Fold_5,linear_svm_fresh,SiCo09,0,0,-1.094324648381244,Control,Control
feature_classical_tsfresh,combined,Fold_5,linear_svm_fresh,SiCo15,0,1,0.3576481729576352,Control,Patient
feature_classical_tsfresh,combined,Fold_5,linear_svm_fresh,SiCo20,0,1,0.2350335384489389,Control,Patient
feature_classical_tsfresh,combined,Fold_5,linear_svm_fresh,SiCo21,0,0,-0.7212597104335488,Control,Control
feature_classical_tsfresh,combined,Fold_5,linear_svm_fresh,SiCo22,0,0,-0.9518269370163356,Control,Control
feature_classical_tsfresh,combined,Fold_5,linear_svm_fresh,SiPt27,1,1,0.8475216463576137,Patient,Patient
feature_classical_tsfresh,combined,Fold_5,svm_rbf_fresh,GaCo10,0,0,-0.2992467075989726,Control,Control
feature_classical_tsfresh,combined,Fold_5,svm_rbf_fresh,GaCo12,0,0,-0.2195593298837399,Control,Control
feature_classical_tsfresh,combined,Fold_5,svm_rbf_fresh,GaCo13,0,0,-0.3895318238836652,Control,Control
feature_classical_tsfresh,combined,Fold_5,svm_rbf_fresh,GaPt08,1,1,0.522928590906288,Patient,Patient
feature_classical_tsfresh,combined,Fold_5,svm_rbf_fresh,GaPt21,1,1,0.3034861452815706,Patient,Patient
feature_classical_tsfresh,combined,Fold_5,svm_rbf_fresh,GaPt22,1,1,0.3297534714343737,Patient,Patient
feature_classical_tsfresh,combined,Fold_5,svm_rbf_fresh,GaPt23,1,0,-0.0180923531879669,Patient,Control
feature_classical_tsfresh,combined,Fold_5,svm_rbf_fresh,GaPt26,1,1,0.219869822352103,Patient,Patient
feature_classical_tsfresh,combined,Fold_5,svm_rbf_fresh,JuCo15,0,0,-0.0922640650436105,Control,Control
feature_classical_tsfresh,combined,Fold_5,svm_rbf_fresh,JuCo18,0,0,-0.3725151913730139,Control,Control
feature_classical_tsfresh,combined,Fold_5,svm_rbf_fresh,JuPt09,1,0,-0.0465609290280471,Patient,Control
feature_classical_tsfresh,combined,Fold_5,svm_rbf_fresh,JuPt11,1,1,0.165983152639556,Patient,Patient
feature_classical_tsfresh,combined,Fold_5,svm_rbf_fresh,JuPt15,1,1,0.0469105631659395,Patient,Patient
feature_classical_tsfresh,combined,Fold_5,svm_rbf_fresh,JuPt29,1,1,0.3631024406916832,Patient,Patient
feature_classical_tsfresh,combined,Fold_5,svm_rbf_fresh,SiCo09,0,0,-0.470534078572864,Control,Control
feature_classical_tsfresh,combined,Fold_5,svm_rbf_fresh,SiCo15,0,1,0.1222429538230389,Control,Patient
feature_classical_tsfresh,combined,Fold_5,svm_rbf_fresh,SiCo20,0,1,0.1483537610158801,Control,Patient
feature_classical_tsfresh,combined,Fold_5,svm_rbf_fresh,SiCo21,0,0,-0.162615664083015,Control,Control
feature_classical_tsfresh,combined,Fold_5,svm_rbf_fresh,SiCo22,0,0,-0.2832255322116948,Control,Control
feature_classical_tsfresh,combined,Fold_5,svm_rbf_fresh,SiPt27,1,1,0.1908977560005796,Patient,Patient
feature_classical,enhanced,Fold_5,random_forest,GaCo10,0,0,0.2110704365079365,Control,Control
feature_classical,enhanced,Fold_5,random_forest,GaCo12,0,0,0.2888226911976911,Control,Control
feature_classical,enhanced,Fold_5,random_forest,GaCo13,0,0,0.2138839285714285,Control,Control
feature_classical,enhanced,Fold_5,random_forest,GaPt08,1,1,0.8450813492063495,Patient,Patient
feature_classical,enhanced,Fold_5,random_forest,GaPt21,1,1,0.8369315476190476,Patient,Patient
feature_classical,enhanced,Fold_5,random_forest,GaPt22,1,1,0.6825327380952381,Patient,Patient
feature_classical,enhanced,Fold_5,random_forest,GaPt23,1,1,0.9472986111111116,Patient,Patient
feature_classical,enhanced,Fold_5,random_forest,GaPt26,1,1,0.5906887626262629,Patient,Patient
feature_classical,enhanced,Fold_5,random_forest,JuCo15,0,0,0.3175198412698413,Control,Control
feature_classical,enhanced,Fold_5,random_forest,JuCo18,0,0,0.1132579365079365,Control,Control
feature_classical,enhanced,Fold_5,random_forest,JuPt09,1,1,0.732663690476191,Patient,Patient
feature_classical,enhanced,Fold_5,random_forest,JuPt11,1,1,0.7238809523809528,Patient,Patient
feature_classical,enhanced,Fold_5,random_forest,JuPt15,1,1,0.5844394841269842,Patient,Patient
feature_classical,enhanced,Fold_5,random_forest,JuPt29,1,1,0.6225429292929292,Patient,Patient
feature_classical,enhanced,Fold_5,random_forest,SiCo09,0,0,0.0666249999999999,Control,Control
feature_classical,enhanced,Fold_5,random_forest,SiCo15,0,1,0.5985419372294373,Control,Patient
feature_classical,enhanced,Fold_5,random_forest,SiCo20,0,1,0.576563492063492,Control,Patient
feature_classical,enhanced,Fold_5,random_forest,SiCo21,0,0,0.3012321428571428,Control,Control
feature_classical,enhanced,Fold_5,random_forest,SiCo22,0,0,0.1417601911976912,Control,Control
feature_classical,enhanced,Fold_5,random_forest,SiPt27,1,1,0.7430922619047622,Patient,Patient
feature_classical,enhanced,Fold_5,linear_svm,GaCo10,0,0,-1.8860312598162752,Control,Control
feature_classical,enhanced,Fold_5,linear_svm,GaCo12,0,1,0.4990454359808689,Control,Patient
feature_classical,enhanced,Fold_5,linear_svm,GaCo13,0,1,0.0212400227876074,Control,Patient
feature_classical,enhanced,Fold_5,linear_svm,GaPt08,1,1,1.3866327657224309,Patient,Patient
feature_classical,enhanced,Fold_5,linear_svm,GaPt21,1,1,1.7346843111238692,Patient,Patient
feature_classical,enhanced,Fold_5,linear_svm,GaPt22,1,1,0.5533089813464056,Patient,Patient
feature_classical,enhanced,Fold_5,linear_svm,GaPt23,1,1,1.7243626667217666,Patient,Patient
feature_classical,enhanced,Fold_5,linear_svm,GaPt26,1,1,0.3931598660793174,Patient,Patient
feature_classical,enhanced,Fold_5,linear_svm,JuCo15,0,0,-0.8225858370773541,Control,Control
feature_classical,enhanced,Fold_5,linear_svm,JuCo18,0,0,-1.7451360711218329,Control,Control
feature_classical,enhanced,Fold_5,linear_svm,JuPt09,1,1,1.0479103105702343,Patient,Patient
feature_classical,enhanced,Fold_5,linear_svm,JuPt11,1,1,1.1260089292536062,Patient,Patient
feature_classical,enhanced,Fold_5,linear_svm,JuPt15,1,1,0.7238731321357467,Patient,Patient
feature_classical,enhanced,Fold_5,linear_svm,JuPt29,1,1,1.3975764597844984,Patient,Patient
feature_classical,enhanced,Fold_5,linear_svm,SiCo09,0,0,-1.9542879924100096,Control,Control
feature_classical,enhanced,Fold_5,linear_svm,SiCo15,0,1,0.6328585530164444,Control,Patient
feature_classical,enhanced,Fold_5,linear_svm,SiCo20,0,1,0.6328459237446371,Control,Patient
feature_classical,enhanced,Fold_5,linear_svm,SiCo21,0,0,-1.1881216985416971,Control,Control
feature_classical,enhanced,Fold_5,linear_svm,SiCo22,0,0,-0.4449511488398381,Control,Control
feature_classical,enhanced,Fold_5,linear_svm,SiPt27,1,1,0.8054489082003647,Patient,Patient
feature_classical,enhanced,Fold_5,svm_rbf,GaCo10,0,0,-4.470552325592703,Control,Control
feature_classical,enhanced,Fold_5,svm_rbf,GaCo12,0,0,-0.6777645675462587,Control,Control
feature_classical,enhanced,Fold_5,svm_rbf,GaCo13,0,0,-0.5416165209505426,Control,Control
feature_classical,enhanced,Fold_5,svm_rbf,GaPt08,1,1,0.8492531344564833,Patient,Patient
feature_classical,enhanced,Fold_5,svm_rbf,GaPt21,1,1,1.665576881721285,Patient,Patient
feature_classical,enhanced,Fold_5,svm_rbf,GaPt22,1,0,-0.2810666533664268,Patient,Control
feature_classical,enhanced,Fold_5,svm_rbf,GaPt23,1,0,-0.3332816180602878,Patient,Control
feature_classical,enhanced,Fold_5,svm_rbf,GaPt26,1,1,0.928617111042926,Patient,Patient
feature_classical,enhanced,Fold_5,svm_rbf,JuCo15,0,0,-2.4957713844324223,Control,Control
feature_classical,enhanced,Fold_5,svm_rbf,JuCo18,0,0,-4.317506339273368,Control,Control
feature_classical,enhanced,Fold_5,svm_rbf,JuPt09,1,1,1.1334360824663523,Patient,Patient
feature_classical,enhanced,Fold_5,svm_rbf,JuPt11,1,1,1.8937707895370668,Patient,Patient
feature_classical,enhanced,Fold_5,svm_rbf,JuPt15,1,1,0.3386161886544796,Patient,Patient
feature_classical,enhanced,Fold_5,svm_rbf,JuPt29,1,1,0.9411803848161986,Patient,Patient
feature_classical,enhanced,Fold_5,svm_rbf,SiCo09,0,0,-3.663519265411808,Control,Control
feature_classical,enhanced,Fold_5,svm_rbf,SiCo15,0,0,-1.3440097822077368,Control,Control
feature_classical,enhanced,Fold_5,svm_rbf,SiCo20,0,1,1.65928506612431,Control,Patient
feature_classical,enhanced,Fold_5,svm_rbf,SiCo21,0,0,-4.28460608801854,Control,Control
feature_classical,enhanced,Fold_5,svm_rbf,SiCo22,0,0,-0.4266663612946613,Control,Control
feature_classical,enhanced,Fold_5,svm_rbf,SiPt27,1,1,1.6893304249939811,Patient,Patient
feature_classical_tsfresh,enhanced,Fold_5,random_forest_fresh,GaCo10,0,0,0.2589851190476189,Control,Control
feature_classical_tsfresh,enhanced,Fold_5,random_forest_fresh,GaCo12,0,0,0.2583263888888888,Control,Control
feature_classical_tsfresh,enhanced,Fold_5,random_forest_fresh,GaCo13,0,0,0.1991510642135642,Control,Control
feature_classical_tsfresh,enhanced,Fold_5,random_forest_fresh,GaPt08,1,1,0.8149404761904762,Patient,Patient
feature_classical_tsfresh,enhanced,Fold_5,random_forest_fresh,GaPt21,1,1,0.6886210317460314,Patient,Patient
feature_classical_tsfresh,enhanced,Fold_5,random_forest_fresh,GaPt22,1,0,0.4553948412698414,Patient,Control
feature_classical_tsfresh,enhanced,Fold_5,random_forest_fresh,GaPt23,1,1,0.8522430555555555,Patient,Patient
feature_classical_tsfresh,enhanced,Fold_5,random_forest_fresh,GaPt26,1,1,0.666333333333333,Patient,Patient
feature_classical_tsfresh,enhanced,Fold_5,random_forest_fresh,JuCo15,0,0,0.3834347943722944,Control,Control
feature_classical_tsfresh,enhanced,Fold_5,random_forest_fresh,JuCo18,0,0,0.1804048520923521,Control,Control
feature_classical_tsfresh,enhanced,Fold_5,random_forest_fresh,JuPt09,1,1,0.6665109126984126,Patient,Patient
feature_classical_tsfresh,enhanced,Fold_5,random_forest_fresh,JuPt11,1,1,0.6905615079365077,Patient,Patient
feature_classical_tsfresh,enhanced,Fold_5,random_forest_fresh,JuPt15,1,1,0.5355349927849926,Patient,Patient
feature_classical_tsfresh,enhanced,Fold_5,random_forest_fresh,JuPt29,1,1,0.5562371031746032,Patient,Patient
feature_classical_tsfresh,enhanced,Fold_5,random_forest_fresh,SiCo09,0,0,0.0816180555555555,Control,Control
feature_classical_tsfresh,enhanced,Fold_5,random_forest_fresh,SiCo15,0,1,0.6513075396825394,Control,Patient
feature_classical_tsfresh,enhanced,Fold_5,random_forest_fresh,SiCo20,0,1,0.6026994047619048,Control,Patient
feature_classical_tsfresh,enhanced,Fold_5,random_forest_fresh,SiCo21,0,0,0.2855528499278499,Control,Control
feature_classical_tsfresh,enhanced,Fold_5,random_forest_fresh,SiCo22,0,0,0.142186507936508,Control,Control
feature_classical_tsfresh,enhanced,Fold_5,random_forest_fresh,SiPt27,1,1,0.7925208333333335,Patient,Patient
feature_classical_tsfresh,enhanced,Fold_5,linear_svm_fresh,GaCo10,0,0,-6.047161860983238,Control,Control
feature_classical_tsfresh,enhanced,Fold_5,linear_svm_fresh,GaCo12,0,0,-2.4580572246198793,Control,Control
feature_classical_tsfresh,enhanced,Fold_5,linear_svm_fresh,GaCo13,0,0,-3.665693888742551,Control,Control
feature_classical_tsfresh,enhanced,Fold_5,linear_svm_fresh,GaPt08,1,1,3.9936613064863584,Patient,Patient
feature_classical_tsfresh,enhanced,Fold_5,linear_svm_fresh,GaPt21,1,1,2.837174414313129,Patient,Patient
feature_classical_tsfresh,enhanced,Fold_5,linear_svm_fresh,GaPt22,1,1,0.7223846336191366,Patient,Patient
feature_classical_tsfresh,enhanced,Fold_5,linear_svm_fresh,GaPt23,1,1,10.732661181968188,Patient,Patient
feature_classical_tsfresh,enhanced,Fold_5,linear_svm_fresh,GaPt26,1,1,19.65107011921635,Patient,Patient
feature_classical_tsfresh,enhanced,Fold_5,linear_svm_fresh,JuCo15,0,0,-1.765289915345054,Control,Control
feature_classical_tsfresh,enhanced,Fold_5,linear_svm_fresh,JuCo18,0,1,1.1703375971066277,Control,Patient
feature_classical_tsfresh,enhanced,Fold_5,linear_svm_fresh,JuPt09,1,1,1.3099883437609423,Patient,Patient
feature_classical_tsfresh,enhanced,Fold_5,linear_svm_fresh,JuPt11,1,0,-0.585859262984914,Patient,Control
feature_classical_tsfresh,enhanced,Fold_5,linear_svm_fresh,JuPt15,1,1,1.764157316854179,Patient,Patient
feature_classical_tsfresh,enhanced,Fold_5,linear_svm_fresh,JuPt29,1,1,3.7069778392505888,Patient,Patient
feature_classical_tsfresh,enhanced,Fold_5,linear_svm_fresh,SiCo09,0,0,-8.90629819794889,Control,Control
feature_classical_tsfresh,enhanced,Fold_5,linear_svm_fresh,SiCo15,0,0,-0.0779045008413583,Control,Control
feature_classical_tsfresh,enhanced,Fold_5,linear_svm_fresh,SiCo20,0,1,1.8006643164938154,Control,Patient
feature_classical_tsfresh,enhanced,Fold_5,linear_svm_fresh,SiCo21,0,1,1.4551383337131405,Control,Patient
feature_classical_tsfresh,enhanced,Fold_5,linear_svm_fresh,SiCo22,0,0,-2.31389059895381,Control,Control
feature_classical_tsfresh,enhanced,Fold_5,linear_svm_fresh,SiPt27,1,1,6.470007503791331,Patient,Patient
feature_classical_tsfresh,enhanced,Fold_5,svm_rbf_fresh,GaCo10,0,0,-0.307360713438491,Control,Control
feature_classical_tsfresh,enhanced,Fold_5,svm_rbf_fresh,GaCo12,0,0,-0.1893711958350551,Control,Control
feature_classical_tsfresh,enhanced,Fold_5,svm_rbf_fresh,GaCo13,0,0,-0.4017815469451167,Control,Control
feature_classical_tsfresh,enhanced,Fold_5,svm_rbf_fresh,GaPt08,1,1,0.4660478154522783,Patient,Patient
feature_classical_tsfresh,enhanced,Fold_5,svm_rbf_fresh,GaPt21,1,1,0.2697217754266575,Patient,Patient
feature_classical_tsfresh,enhanced,Fold_5,svm_rbf_fresh,GaPt22,1,1,0.286257390532212,Patient,Patient
feature_classical_tsfresh,enhanced,Fold_5,svm_rbf_fresh,GaPt23,1,1,0.0012204653408842,Patient,Patient
feature_classical_tsfresh,enhanced,Fold_5,svm_rbf_fresh,GaPt26,1,1,0.1990327480716323,Patient,Patient
feature_classical_tsfresh,enhanced,Fold_5,svm_rbf_fresh,JuCo15,0,0,-0.0917658157715431,Control,Control
feature_classical_tsfresh,enhanced,Fold_5,svm_rbf_fresh,JuCo18,0,0,-0.3634119933561854,Control,Control
feature_classical_tsfresh,enhanced,Fold_5,svm_rbf_fresh,JuPt09,1,0,-0.0215904479458715,Patient,Control
feature_classical_tsfresh,enhanced,Fold_5,svm_rbf_fresh,JuPt11,1,1,0.1912438023493956,Patient,Patient
feature_classical_tsfresh,enhanced,Fold_5,svm_rbf_fresh,JuPt15,1,1,0.0381201591298758,Patient,Patient
feature_classical_tsfresh,enhanced,Fold_5,svm_rbf_fresh,JuPt29,1,1,0.3537378844071108,Patient,Patient
feature_classical_tsfresh,enhanced,Fold_5,svm_rbf_fresh,SiCo09,0,0,-0.4670558370183777,Control,Control
feature_classical_tsfresh,enhanced,Fold_5,svm_rbf_fresh,SiCo15,0,1,0.1295216667638203,Control,Patient
feature_classical_tsfresh,enhanced,Fold_5,svm_rbf_fresh,SiCo20,0,1,0.1152938142330462,Control,Patient
feature_classical_tsfresh,enhanced,Fold_5,svm_rbf_fresh,SiCo21,0,0,-0.1468459563124304,Control,Control
feature_classical_tsfresh,enhanced,Fold_5,svm_rbf_fresh,SiCo22,0,0,-0.2764024881708884,Control,Control
feature_classical_tsfresh,enhanced,Fold_5,svm_rbf_fresh,SiPt27,1,1,0.1995857993098449,Patient,Patient
feature_neural,left,Fold_1,resnet1d,GaCo14,0,0,0.48445847630500793,Control,Control
feature_neural,left,Fold_1,resnet1d,GaCo15,0,0,0.47270190715789795,Control,Control
feature_neural,left,Fold_1,resnet1d,GaCo16,0,1,0.5058457255363464,Control,Patient
feature_neural,left,Fold_1,resnet1d,JuCo06,0,0,0.48616716265678406,Control,Control
feature_neural,left,Fold_1,resnet1d,JuCo09,0,0,0.2749335765838623,Control,Control
feature_neural,left,Fold_1,resnet1d,JuCo25,0,0,0.33716875314712524,Control,Control
feature_neural,left,Fold_1,resnet1d,JuPt04,1,1,0.6763572692871094,Patient,Patient
feature_neural,left,Fold_1,resnet1d,JuPt17,1,1,0.5086919069290161,Patient,Patient
feature_neural,left,Fold_1,resnet1d,JuPt18,1,1,0.7301703691482544,Patient,Patient
feature_neural,left,Fold_1,resnet1d,JuPt26,1,1,0.5865326523780823,Patient,Patient
feature_neural,left,Fold_1,resnet1d,JuPt27,1,1,0.5281153917312622,Patient,Patient
feature_neural,left,Fold_1,resnet1d,SiCo12,0,0,0.30283451080322266,Control,Control
feature_neural,left,Fold_1,resnet1d,SiCo16,0,0,0.44141989946365356,Control,Control
feature_neural,left,Fold_1,resnet1d,SiCo28,0,0,0.45892342925071716,Control,Control
feature_neural,left,Fold_1,resnet1d,SiCo30,0,0,0.2597753405570984,Control,Control
feature_neural,left,Fold_1,resnet1d,SiPt12,1,1,0.6282769441604614,Patient,Patient
feature_neural,left,Fold_1,resnet1d,SiPt21,1,0,0.31616219878196716,Patient,Control
feature_neural,left,Fold_1,resnet1d,SiPt28,1,1,0.6488526463508606,Patient,Patient
feature_neural,left,Fold_1,resnet1d,SiPt31,1,1,0.7421406507492065,Patient,Patient
feature_neural,left,Fold_1,resnet1d,SiPt32,1,1,0.5281718969345093,Patient,Patient
feature_neural,left,Fold_1,lstm,GaCo14,0,1,0.5977532267570496,Control,Patient
feature_neural,left,Fold_1,lstm,GaCo15,0,1,0.5033376216888428,Control,Patient
feature_neural,left,Fold_1,lstm,GaCo16,0,0,0.37075549364089966,Control,Control
feature_neural,left,Fold_1,lstm,JuCo06,0,0,0.36455848813056946,Control,Control
feature_neural,left,Fold_1,lstm,JuCo09,0,0,0.4909217655658722,Control,Control
feature_neural,left,Fold_1,lstm,JuCo25,0,1,0.5303530693054199,Control,Patient
feature_neural,left,Fold_1,lstm,JuPt04,1,0,0.34525996446609497,Patient,Control
feature_neural,left,Fold_1,lstm,JuPt17,1,0,0.44852811098098755,Patient,Control
feature_neural,left,Fold_1,lstm,JuPt18,1,1,0.7755295634269714,Patient,Patient
feature_neural,left,Fold_1,lstm,JuPt26,1,0,0.4365958571434021,Patient,Control
feature_neural,left,Fold_1,lstm,JuPt27,1,0,0.4203461706638336,Patient,Control
feature_neural,left,Fold_1,lstm,SiCo12,0,0,0.3228721022605896,Control,Control
feature_neural,left,Fold_1,lstm,SiCo16,0,0,0.42266955971717834,Control,Control
feature_neural,left,Fold_1,lstm,SiCo28,0,0,0.4660368859767914,Control,Control
feature_neural,left,Fold_1,lstm,SiCo30,0,0,0.3024258315563202,Control,Control
feature_neural,left,Fold_1,lstm,SiPt12,1,0,0.3809715211391449,Patient,Control
feature_neural,left,Fold_1,lstm,SiPt21,1,1,0.740840494632721,Patient,Patient
feature_neural,left,Fold_1,lstm,SiPt28,1,1,0.6890456676483154,Patient,Patient
feature_neural,left,Fold_1,lstm,SiPt31,1,0,0.4101649522781372,Patient,Control
feature_neural,left,Fold_1,lstm,SiPt32,1,1,0.512645423412323,Patient,Patient
feature_neural,left,Fold_1,gru,GaCo14,0,0,0.46268123388290405,Control,Control
feature_neural,left,Fold_1,gru,GaCo15,0,1,0.5537608861923218,Control,Patient
feature_neural,left,Fold_1,gru,GaCo16,0,0,0.38310304284095764,Control,Control
feature_neural,left,Fold_1,gru,JuCo06,0,0,0.41012656688690186,Control,Control
feature_neural,left,Fold_1,gru,JuCo09,0,0,0.4204743504524231,Control,Control
feature_neural,left,Fold_1,gru,JuCo25,0,0,0.43922844529151917,Control,Control
feature_neural,left,Fold_1,gru,JuPt04,1,0,0.48068317770957947,Patient,Control
feature_neural,left,Fold_1,gru,JuPt17,1,0,0.4357433319091797,Patient,Control
feature_neural,left,Fold_1,gru,JuPt18,1,1,0.579610288143158,Patient,Patient
feature_neural,left,Fold_1,gru,JuPt26,1,1,0.5565740466117859,Patient,Patient
feature_neural,left,Fold_1,gru,JuPt27,1,0,0.37291690707206726,Patient,Control
feature_neural,left,Fold_1,gru,SiCo12,0,0,0.4187889099121094,Control,Control
feature_neural,left,Fold_1,gru,SiCo16,0,0,0.4888368844985962,Control,Control
feature_neural,left,Fold_1,gru,SiCo28,0,1,0.5154004096984863,Control,Patient
feature_neural,left,Fold_1,gru,SiCo30,0,0,0.3678402304649353,Control,Control
feature_neural,left,Fold_1,gru,SiPt12,1,1,0.5212758779525757,Patient,Patient
feature_neural,left,Fold_1,gru,SiPt21,1,0,0.4938998818397522,Patient,Control
feature_neural,left,Fold_1,gru,SiPt28,1,1,0.5705117583274841,Patient,Patient
feature_neural,left,Fold_1,gru,SiPt31,1,1,0.5165914297103882,Patient,Patient
feature_neural,left,Fold_1,gru,SiPt32,1,1,0.5365776419639587,Patient,Patient
feature_neural,left,Fold_1,patchtst,GaCo14,0,1,0.6292146444320679,Control,Patient
feature_neural,left,Fold_1,patchtst,GaCo15,0,0,0.2698444426059723,Control,Control
feature_neural,left,Fold_1,patchtst,GaCo16,0,1,0.732721209526062,Control,Patient
feature_neural,left,Fold_1,patchtst,JuCo06,0,1,0.6175674796104431,Control,Patient
feature_neural,left,Fold_1,patchtst,JuCo09,0,0,0.15626516938209534,Control,Control
feature_neural,left,Fold_1,patchtst,JuCo25,0,0,0.049281179904937744,Control,Control
feature_neural,left,Fold_1,patchtst,JuPt04,1,1,0.7603110671043396,Patient,Patient
feature_neural,left,Fold_1,patchtst,JuPt17,1,1,0.9068072438240051,Patient,Patient
feature_neural,left,Fold_1,patchtst,JuPt18,1,1,0.9207923412322998,Patient,Patient
feature_neural,left,Fold_1,patchtst,JuPt26,1,1,0.8091004490852356,Patient,Patient
feature_neural,left,Fold_1,patchtst,JuPt27,1,1,0.6299269795417786,Patient,Patient
feature_neural,left,Fold_1,patchtst,SiCo12,0,0,0.10687046498060226,Control,Control
feature_neural,left,Fold_1,patchtst,SiCo16,0,0,0.4383082389831543,Control,Control
feature_neural,left,Fold_1,patchtst,SiCo28,0,0,0.42773255705833435,Control,Control
feature_neural,left,Fold_1,patchtst,SiCo30,0,0,0.059615060687065125,Control,Control
feature_neural,left,Fold_1,patchtst,SiPt12,1,1,0.9390981793403625,Patient,Patient
feature_neural,left,Fold_1,patchtst,SiPt21,1,0,0.1255953013896942,Patient,Control
feature_neural,left,Fold_1,patchtst,SiPt28,1,1,0.5995017886161804,Patient,Patient
feature_neural,left,Fold_1,patchtst,SiPt31,1,1,0.8715770840644836,Patient,Patient
feature_neural,left,Fold_1,patchtst,SiPt32,1,0,0.48729071021080017,Patient,Control
feature_neural,right,Fold_1,resnet1d,GaCo14,0,0,0.48445847630500793,Control,Control
feature_neural,right,Fold_1,resnet1d,GaCo15,0,0,0.47270190715789795,Control,Control
feature_neural,right,Fold_1,resnet1d,GaCo16,0,1,0.5058457255363464,Control,Patient
feature_neural,right,Fold_1,resnet1d,JuCo06,0,0,0.48616716265678406,Control,Control
feature_neural,right,Fold_1,resnet1d,JuCo09,0,0,0.2749335765838623,Control,Control
feature_neural,right,Fold_1,resnet1d,JuCo25,0,0,0.33716875314712524,Control,Control
feature_neural,right,Fold_1,resnet1d,JuPt04,1,1,0.6763572692871094,Patient,Patient
feature_neural,right,Fold_1,resnet1d,JuPt17,1,1,0.5086919069290161,Patient,Patient
feature_neural,right,Fold_1,resnet1d,JuPt18,1,1,0.7301703691482544,Patient,Patient
feature_neural,right,Fold_1,resnet1d,JuPt26,1,1,0.5865326523780823,Patient,Patient
feature_neural,right,Fold_1,resnet1d,JuPt27,1,1,0.5281153917312622,Patient,Patient
feature_neural,right,Fold_1,resnet1d,SiCo12,0,0,0.30283451080322266,Control,Control
feature_neural,right,Fold_1,resnet1d,SiCo16,0,0,0.44141989946365356,Control,Control
feature_neural,right,Fold_1,resnet1d,SiCo28,0,0,0.45892342925071716,Control,Control
feature_neural,right,Fold_1,resnet1d,SiCo30,0,0,0.2597753405570984,Control,Control
feature_neural,right,Fold_1,resnet1d,SiPt12,1,1,0.6282769441604614,Patient,Patient
feature_neural,right,Fold_1,resnet1d,SiPt21,1,0,0.31616219878196716,Patient,Control
feature_neural,right,Fold_1,resnet1d,SiPt28,1,1,0.6488526463508606,Patient,Patient
feature_neural,right,Fold_1,resnet1d,SiPt31,1,1,0.7421406507492065,Patient,Patient
feature_neural,right,Fold_1,resnet1d,SiPt32,1,1,0.5281718969345093,Patient,Patient
feature_neural,right,Fold_1,lstm,GaCo14,0,0,0.4839799702167511,Control,Control
feature_neural,right,Fold_1,lstm,GaCo15,0,0,0.44011205434799194,Control,Control
feature_neural,right,Fold_1,lstm,GaCo16,0,0,0.4941677451133728,Control,Control
feature_neural,right,Fold_1,lstm,JuCo06,0,1,0.5213391184806824,Control,Patient
feature_neural,right,Fold_1,lstm,JuCo09,0,0,0.48682472109794617,Control,Control
feature_neural,right,Fold_1,lstm,JuCo25,0,0,0.44877690076828003,Control,Control
feature_neural,right,Fold_1,lstm,JuPt04,1,1,0.5666378140449524,Patient,Patient
feature_neural,right,Fold_1,lstm,JuPt17,1,1,0.5656234622001648,Patient,Patient
feature_neural,right,Fold_1,lstm,JuPt18,1,1,0.5349742770195007,Patient,Patient
feature_neural,right,Fold_1,lstm,JuPt26,1,0,0.4482008218765259,Patient,Control
feature_neural,right,Fold_1,lstm,JuPt27,1,1,0.5512685179710388,Patient,Patient
feature_neural,right,Fold_1,lstm,SiCo12,0,0,0.4981653392314911,Control,Control
feature_neural,right,Fold_1,lstm,SiCo16,0,1,0.534935712814331,Control,Patient
feature_neural,right,Fold_1,lstm,SiCo28,0,1,0.5154576897621155,Control,Patient
feature_neural,right,Fold_1,lstm,SiCo30,0,1,0.5210103988647461,Control,Patient
feature_neural,right,Fold_1,lstm,SiPt12,1,1,0.5769805908203125,Patient,Patient
feature_neural,right,Fold_1,lstm,SiPt21,1,0,0.48371151089668274,Patient,Control
feature_neural,right,Fold_1,lstm,SiPt28,1,0,0.46068906784057617,Patient,Control
feature_neural,right,Fold_1,lstm,SiPt31,1,1,0.5526426434516907,Patient,Patient
feature_neural,right,Fold_1,lstm,SiPt32,1,1,0.5174787044525146,Patient,Patient
feature_neural,right,Fold_1,gru,GaCo14,0,1,0.5801903009414673,Control,Patient
feature_neural,right,Fold_1,gru,GaCo15,0,0,0.3869538903236389,Control,Control
feature_neural,right,Fold_1,gru,GaCo16,0,1,0.5238393545150757,Control,Patient
feature_neural,right,Fold_1,gru,JuCo06,0,1,0.7399981617927551,Control,Patient
feature_neural,right,Fold_1,gru,JuCo09,0,0,0.46400564908981323,Control,Control
feature_neural,right,Fold_1,gru,JuCo25,0,0,0.3548520803451538,Control,Control
feature_neural,right,Fold_1,gru,JuPt04,1,1,0.6927325129508972,Patient,Patient
feature_neural,right,Fold_1,gru,JuPt17,1,1,0.7666007876396179,Patient,Patient
feature_neural,right,Fold_1,gru,JuPt18,1,1,0.5618047714233398,Patient,Patient
feature_neural,right,Fold_1,gru,JuPt26,1,0,0.3944835662841797,Patient,Control
feature_neural,right,Fold_1,gru,JuPt27,1,1,0.7128967642784119,Patient,Patient
feature_neural,right,Fold_1,gru,SiCo12,0,1,0.5257068872451782,Control,Patient
feature_neural,right,Fold_1,gru,SiCo16,0,1,0.5948984026908875,Control,Patient
feature_neural,right,Fold_1,gru,SiCo28,0,0,0.4766886234283447,Control,Control
feature_neural,right,Fold_1,gru,SiCo30,0,1,0.6387912631034851,Control,Patient
feature_neural,right,Fold_1,gru,SiPt12,1,1,0.6479547619819641,Patient,Patient
feature_neural,right,Fold_1,gru,SiPt21,1,0,0.4364824593067169,Patient,Control
feature_neural,right,Fold_1,gru,SiPt28,1,0,0.459839791059494,Patient,Control
feature_neural,right,Fold_1,gru,SiPt31,1,1,0.7603242993354797,Patient,Patient
feature_neural,right,Fold_1,gru,SiPt32,1,1,0.6466991901397705,Patient,Patient
feature_neural,right,Fold_1,patchtst,GaCo14,0,1,0.5000981092453003,Control,Patient
feature_neural,right,Fold_1,patchtst,GaCo15,0,0,0.12440433353185654,Control,Control
feature_neural,right,Fold_1,patchtst,GaCo16,0,1,0.5856255888938904,Control,Patient
feature_neural,right,Fold_1,patchtst,JuCo06,0,0,0.24173703789710999,Control,Control
feature_neural,right,Fold_1,patchtst,JuCo09,0,0,0.0554741770029068,Control,Control
feature_neural,right,Fold_1,patchtst,JuCo25,0,0,0.05746203660964966,Control,Control
feature_neural,right,Fold_1,patchtst,JuPt04,1,1,0.9359726309776306,Patient,Patient
feature_neural,right,Fold_1,patchtst,JuPt17,1,1,0.806684136390686,Patient,Patient
feature_neural,right,Fold_1,patchtst,JuPt18,1,1,0.9391441345214844,Patient,Patient
feature_neural,right,Fold_1,patchtst,JuPt26,1,1,0.8926268219947815,Patient,Patient
feature_neural,right,Fold_1,patchtst,JuPt27,1,1,0.8775795102119446,Patient,Patient
feature_neural,right,Fold_1,patchtst,SiCo12,0,0,0.05906062200665474,Control,Control
feature_neural,right,Fold_1,patchtst,SiCo16,0,0,0.10217394679784775,Control,Control
feature_neural,right,Fold_1,patchtst,SiCo28,0,0,0.14726197719573975,Control,Control
feature_neural,right,Fold_1,patchtst,SiCo30,0,0,0.058990899473428726,Control,Control
feature_neural,right,Fold_1,patchtst,SiPt12,1,1,0.9339798092842102,Patient,Patient
feature_neural,right,Fold_1,patchtst,SiPt21,1,0,0.07757506519556046,Patient,Control
feature_neural,right,Fold_1,patchtst,SiPt28,1,1,0.9082309603691101,Patient,Patient
feature_neural,right,Fold_1,patchtst,SiPt31,1,1,0.9362789392471313,Patient,Patient
feature_neural,right,Fold_1,patchtst,SiPt32,1,0,0.40030381083488464,Patient,Control
feature_neural,combined,Fold_1,resnet1d,GaCo14,0,0,0.4695887863636017,Control,Control
feature_neural,combined,Fold_1,resnet1d,GaCo15,0,0,0.4709034562110901,Control,Control
feature_neural,combined,Fold_1,resnet1d,GaCo16,0,0,0.4846869111061096,Control,Control
feature_neural,combined,Fold_1,resnet1d,JuCo06,0,0,0.4813078045845032,Control,Control
feature_neural,combined,Fold_1,resnet1d,JuCo09,0,0,0.39526233077049255,Control,Control
feature_neural,combined,Fold_1,resnet1d,JuCo25,0,0,0.41366127133369446,Control,Control
feature_neural,combined,Fold_1,resnet1d,JuPt04,1,1,0.5409016013145447,Patient,Patient
feature_neural,combined,Fold_1,resnet1d,JuPt17,1,0,0.4811527729034424,Patient,Control
feature_neural,combined,Fold_1,resnet1d,JuPt18,1,1,0.5596247911453247,Patient,Patient
feature_neural,combined,Fold_1,resnet1d,JuPt26,1,1,0.5126196146011353,Patient,Patient
feature_neural,combined,Fold_1,resnet1d,JuPt27,1,0,0.4944261908531189,Patient,Control
feature_neural,combined,Fold_1,resnet1d,SiCo12,0,0,0.4083671271800995,Control,Control
feature_neural,combined,Fold_1,resnet1d,SiCo16,0,0,0.4571705162525177,Control,Control
feature_neural,combined,Fold_1,resnet1d,SiCo28,0,0,0.46013808250427246,Control,Control
feature_neural,combined,Fold_1,resnet1d,SiCo30,0,0,0.39150139689445496,Control,Control
feature_neural,combined,Fold_1,resnet1d,SiPt12,1,1,0.5241610407829285,Patient,Patient
feature_neural,combined,Fold_1,resnet1d,SiPt21,1,0,0.4128866493701935,Patient,Control
feature_neural,combined,Fold_1,resnet1d,SiPt28,1,1,0.529391348361969,Patient,Patient
feature_neural,combined,Fold_1,resnet1d,SiPt31,1,1,0.5618094801902771,Patient,Patient
feature_neural,combined,Fold_1,resnet1d,SiPt32,1,0,0.4840226471424103,Patient,Control
feature_neural,combined,Fold_1,lstm,GaCo14,0,0,0.4839799702167511,Control,Control
feature_neural,combined,Fold_1,lstm,GaCo15,0,0,0.44011205434799194,Control,Control
feature_neural,combined,Fold_1,lstm,GaCo16,0,0,0.4941677451133728,Control,Control
feature_neural,combined,Fold_1,lstm,JuCo06,0,1,0.5213391184806824,Control,Patient
feature_neural,combined,Fold_1,lstm,JuCo09,0,0,0.48682472109794617,Control,Control
feature_neural,combined,Fold_1,lstm,JuCo25,0,0,0.44877687096595764,Control,Control
feature_neural,combined,Fold_1,lstm,JuPt04,1,1,0.5666378140449524,Patient,Patient
feature_neural,combined,Fold_1,lstm,JuPt17,1,1,0.5656234622001648,Patient,Patient
feature_neural,combined,Fold_1,lstm,JuPt18,1,1,0.5349742770195007,Patient,Patient
feature_neural,combined,Fold_1,lstm,JuPt26,1,0,0.44820085167884827,Patient,Control
feature_neural,combined,Fold_1,lstm,JuPt27,1,1,0.5512685179710388,Patient,Patient
feature_neural,combined,Fold_1,lstm,SiCo12,0,0,0.4981653392314911,Control,Control
feature_neural,combined,Fold_1,lstm,SiCo16,0,1,0.5349357724189758,Control,Patient
feature_neural,combined,Fold_1,lstm,SiCo28,0,1,0.5154576897621155,Control,Patient
feature_neural,combined,Fold_1,lstm,SiCo30,0,1,0.5210103988647461,Control,Patient
feature_neural,combined,Fold_1,lstm,SiPt12,1,1,0.5769805908203125,Patient,Patient
feature_neural,combined,Fold_1,lstm,SiPt21,1,0,0.48371151089668274,Patient,Control
feature_neural,combined,Fold_1,lstm,SiPt28,1,0,0.46068906784057617,Patient,Control
feature_neural,combined,Fold_1,lstm,SiPt31,1,1,0.5526426434516907,Patient,Patient
feature_neural,combined,Fold_1,lstm,SiPt32,1,1,0.5174787044525146,Patient,Patient
feature_neural,combined,Fold_1,gru,GaCo14,0,0,0.44967374205589294,Control,Control
feature_neural,combined,Fold_1,gru,GaCo15,0,0,0.4058563709259033,Control,Control
feature_neural,combined,Fold_1,gru,GaCo16,0,0,0.44289839267730713,Control,Control
feature_neural,combined,Fold_1,gru,JuCo06,0,0,0.4248862862586975,Control,Control
feature_neural,combined,Fold_1,gru,JuCo09,0,0,0.34405210614204407,Control,Control
feature_neural,combined,Fold_1,gru,JuCo25,0,0,0.3103639781475067,Control,Control
feature_neural,combined,Fold_1,gru,JuPt04,1,1,0.6229099035263062,Patient,Patient
feature_neural,combined,Fold_1,gru,JuPt17,1,1,0.5714913010597229,Patient,Patient
feature_neural,combined,Fold_1,gru,JuPt18,1,1,0.6573026180267334,Patient,Patient
feature_neural,combined,Fold_1,gru,JuPt26,1,0,0.47223931550979614,Patient,Control
feature_neural,combined,Fold_1,gru,JuPt27,1,0,0.48419249057769775,Patient,Control
feature_neural,combined,Fold_1,gru,SiCo12,0,0,0.3208535313606262,Control,Control
feature_neural,combined,Fold_1,gru,SiCo16,0,0,0.3971998393535614,Control,Control
feature_neural,combined,Fold_1,gru,SiCo28,0,0,0.3896745443344116,Control,Control
feature_neural,combined,Fold_1,gru,SiCo30,0,0,0.2924010455608368,Control,Control
feature_neural,combined,Fold_1,gru,SiPt12,1,1,0.6173950433731079,Patient,Patient
feature_neural,combined,Fold_1,gru,SiPt21,1,0,0.38383549451828003,Patient,Control
feature_neural,combined,Fold_1,gru,SiPt28,1,1,0.5979525446891785,Patient,Patient
feature_neural,combined,Fold_1,gru,SiPt31,1,1,0.6812940835952759,Patient,Patient
feature_neural,combined,Fold_1,gru,SiPt32,1,0,0.42894798517227173,Patient,Control
feature_neural,combined,Fold_1,patchtst,GaCo14,0,0,0.24387848377227783,Control,Control
feature_neural,combined,Fold_1,patchtst,GaCo15,0,0,0.10996652394533157,Control,Control
feature_neural,combined,Fold_1,patchtst,GaCo16,0,1,0.56267911195755,Control,Patient
feature_neural,combined,Fold_1,patchtst,JuCo06,0,0,0.4709021747112274,Control,Control
feature_neural,combined,Fold_1,patchtst,JuCo09,0,0,0.0694112554192543,Control,Control
feature_neural,combined,Fold_1,patchtst,JuCo25,0,0,0.057585179805755615,Control,Control
feature_neural,combined,Fold_1,patchtst,JuPt04,1,1,0.9421959519386292,Patient,Patient
feature_neural,combined,Fold_1,patchtst,JuPt17,1,0,0.3935815393924713,Patient,Control
feature_neural,combined,Fold_1,patchtst,JuPt18,1,1,0.9433820843696594,Patient,Patient
feature_neural,combined,Fold_1,patchtst,JuPt26,1,1,0.9279674887657166,Patient,Patient
feature_neural,combined,Fold_1,patchtst,JuPt27,1,1,0.9082450866699219,Patient,Patient
feature_neural,combined,Fold_1,patchtst,SiCo12,0,0,0.07112301141023636,Control,Control
feature_neural,combined,Fold_1,patchtst,SiCo16,0,0,0.09474775940179825,Control,Control
feature_neural,combined,Fold_1,patchtst,SiCo28,0,0,0.08317835628986359,Control,Control
feature_neural,combined,Fold_1,patchtst,SiCo30,0,0,0.06042994186282158,Control,Control
feature_neural,combined,Fold_1,patchtst,SiPt12,1,1,0.9409300684928894,Patient,Patient
feature_neural,combined,Fold_1,patchtst,SiPt21,1,0,0.06281614303588867,Patient,Control
feature_neural,combined,Fold_1,patchtst,SiPt28,1,1,0.932288408279419,Patient,Patient
feature_neural,combined,Fold_1,patchtst,SiPt31,1,1,0.942493736743927,Patient,Patient
feature_neural,combined,Fold_1,patchtst,SiPt32,1,1,0.5027782917022705,Patient,Patient
feature_neural,enhanced,Fold_1,resnet1d,GaCo14,0,0,0.47356826066970825,Control,Control
feature_neural,enhanced,Fold_1,resnet1d,GaCo15,0,0,0.47260603308677673,Control,Control
feature_neural,enhanced,Fold_1,resnet1d,GaCo16,0,0,0.4801728427410126,Control,Control
feature_neural,enhanced,Fold_1,resnet1d,JuCo06,0,0,0.47605711221694946,Control,Control
feature_neural,enhanced,Fold_1,resnet1d,JuCo09,0,0,0.4041665196418762,Control,Control
feature_neural,enhanced,Fold_1,resnet1d,JuCo25,0,0,0.4262296259403229,Control,Control
feature_neural,enhanced,Fold_1,resnet1d,JuPt04,1,1,0.5408685207366943,Patient,Patient
feature_neural,enhanced,Fold_1,resnet1d,JuPt17,1,0,0.47930318117141724,Patient,Control
feature_neural,enhanced,Fold_1,resnet1d,JuPt18,1,1,0.559633195400238,Patient,Patient
feature_neural,enhanced,Fold_1,resnet1d,JuPt26,1,1,0.5108177661895752,Patient,Patient
feature_neural,enhanced,Fold_1,resnet1d,JuPt27,1,0,0.4873177111148834,Patient,Control
feature_neural,enhanced,Fold_1,resnet1d,SiCo12,0,0,0.4141010046005249,Control,Control
feature_neural,enhanced,Fold_1,resnet1d,SiCo16,0,0,0.45942822098731995,Control,Control
feature_neural,enhanced,Fold_1,resnet1d,SiCo28,0,0,0.4643245339393616,Control,Control
feature_neural,enhanced,Fold_1,resnet1d,SiCo30,0,0,0.39674726128578186,Control,Control
feature_neural,enhanced,Fold_1,resnet1d,SiPt12,1,1,0.5226732492446899,Patient,Patient
feature_neural,enhanced,Fold_1,resnet1d,SiPt21,1,0,0.4173145592212677,Patient,Control
feature_neural,enhanced,Fold_1,resnet1d,SiPt28,1,1,0.5339365005493164,Patient,Patient
feature_neural,enhanced,Fold_1,resnet1d,SiPt31,1,1,0.562980592250824,Patient,Patient
feature_neural,enhanced,Fold_1,resnet1d,SiPt32,1,0,0.4894827902317047,Patient,Control
feature_neural,enhanced,Fold_1,lstm,GaCo14,0,0,0.42027944326400757,Control,Control
feature_neural,enhanced,Fold_1,lstm,GaCo15,0,0,0.43953850865364075,Control,Control
feature_neural,enhanced,Fold_1,lstm,GaCo16,0,0,0.45199161767959595,Control,Control
feature_neural,enhanced,Fold_1,lstm,JuCo06,0,1,0.6026184558868408,Control,Patient
feature_neural,enhanced,Fold_1,lstm,JuCo09,0,0,0.39503610134124756,Control,Control
feature_neural,enhanced,Fold_1,lstm,JuCo25,0,0,0.42969217896461487,Control,Control
feature_neural,enhanced,Fold_1,lstm,JuPt04,1,1,0.6888449788093567,Patient,Patient
feature_neural,enhanced,Fold_1,lstm,JuPt17,1,1,0.6184590458869934,Patient,Patient
feature_neural,enhanced,Fold_1,lstm,JuPt18,1,1,0.7285944223403931,Patient,Patient
feature_neural,enhanced,Fold_1,lstm,JuPt26,1,1,0.6350139379501343,Patient,Patient
feature_neural,enhanced,Fold_1,lstm,JuPt27,1,1,0.5640674233436584,Patient,Patient
feature_neural,enhanced,Fold_1,lstm,SiCo12,0,0,0.34875035285949707,Control,Control
feature_neural,enhanced,Fold_1,lstm,SiCo16,0,1,0.5738267302513123,Control,Patient
feature_neural,enhanced,Fold_1,lstm,SiCo28,0,1,0.6288753747940063,Control,Patient
feature_neural,enhanced,Fold_1,lstm,SiCo30,0,0,0.4209944009780884,Control,Control
feature_neural,enhanced,Fold_1,lstm,SiPt12,1,1,0.5982685685157776,Patient,Patient
feature_neural,enhanced,Fold_1,lstm,SiPt21,1,1,0.5014700293540955,Patient,Patient
feature_neural,enhanced,Fold_1,lstm,SiPt28,1,1,0.5474756360054016,Patient,Patient
feature_neural,enhanced,Fold_1,lstm,SiPt31,1,1,0.6794623732566833,Patient,Patient
feature_neural,enhanced,Fold_1,lstm,SiPt32,1,1,0.6247888207435608,Patient,Patient
feature_neural,enhanced,Fold_1,gru,GaCo14,0,0,0.4580797851085663,Control,Control
feature_neural,enhanced,Fold_1,gru,GaCo15,0,1,0.5413171648979187,Control,Patient
feature_neural,enhanced,Fold_1,gru,GaCo16,0,0,0.4271109700202942,Control,Control
feature_neural,enhanced,Fold_1,gru,JuCo06,0,0,0.4841184616088867,Control,Control
feature_neural,enhanced,Fold_1,gru,JuCo09,0,0,0.475624144077301,Control,Control
feature_neural,enhanced,Fold_1,gru,JuCo25,0,0,0.448820024728775,Control,Control
feature_neural,enhanced,Fold_1,gru,JuPt04,1,1,0.5043065547943115,Patient,Patient
feature_neural,enhanced,Fold_1,gru,JuPt17,1,0,0.4662725031375885,Patient,Control
feature_neural,enhanced,Fold_1,gru,JuPt18,1,1,0.6283031105995178,Patient,Patient
feature_neural,enhanced,Fold_1,gru,JuPt26,1,0,0.4844507575035095,Patient,Control
feature_neural,enhanced,Fold_1,gru,JuPt27,1,0,0.4824804663658142,Patient,Control
feature_neural,enhanced,Fold_1,gru,SiCo12,0,0,0.47996875643730164,Control,Control
feature_neural,enhanced,Fold_1,gru,SiCo16,0,1,0.5712539553642273,Control,Patient
feature_neural,enhanced,Fold_1,gru,SiCo28,0,0,0.4803391993045807,Control,Control
feature_neural,enhanced,Fold_1,gru,SiCo30,0,0,0.4382758140563965,Control,Control
feature_neural,enhanced,Fold_1,gru,SiPt12,1,0,0.4663597047328949,Patient,Control
feature_neural,enhanced,Fold_1,gru,SiPt21,1,1,0.5236358046531677,Patient,Patient
feature_neural,enhanced,Fold_1,gru,SiPt28,1,1,0.6054775714874268,Patient,Patient
feature_neural,enhanced,Fold_1,gru,SiPt31,1,1,0.5800855755805969,Patient,Patient
feature_neural,enhanced,Fold_1,gru,SiPt32,1,0,0.4342351257801056,Patient,Control
feature_neural,enhanced,Fold_1,patchtst,GaCo14,0,0,0.4034046530723572,Control,Control
feature_neural,enhanced,Fold_1,patchtst,GaCo15,0,0,0.18975624442100525,Control,Control
feature_neural,enhanced,Fold_1,patchtst,GaCo16,0,1,0.543371319770813,Control,Patient
feature_neural,enhanced,Fold_1,patchtst,JuCo06,0,0,0.3779103755950928,Control,Control
feature_neural,enhanced,Fold_1,patchtst,JuCo09,0,0,0.0918300449848175,Control,Control
feature_neural,enhanced,Fold_1,patchtst,JuCo25,0,0,0.042373817414045334,Control,Control
feature_neural,enhanced,Fold_1,patchtst,JuPt04,1,1,0.8422075510025024,Patient,Patient
feature_neural,enhanced,Fold_1,patchtst,JuPt17,1,1,0.797982394695282,Patient,Patient
feature_neural,enhanced,Fold_1,patchtst,JuPt18,1,1,0.9154225587844849,Patient,Patient
feature_neural,enhanced,Fold_1,patchtst,JuPt26,1,1,0.8885965943336487,Patient,Patient
feature_neural,enhanced,Fold_1,patchtst,JuPt27,1,1,0.5146128535270691,Patient,Patient
feature_neural,enhanced,Fold_1,patchtst,SiCo12,0,0,0.07865003496408463,Control,Control
feature_neural,enhanced,Fold_1,patchtst,SiCo16,0,0,0.4606189429759979,Control,Control
feature_neural,enhanced,Fold_1,patchtst,SiCo28,0,0,0.4415530562400818,Control,Control
feature_neural,enhanced,Fold_1,patchtst,SiCo30,0,0,0.06116374209523201,Control,Control
feature_neural,enhanced,Fold_1,patchtst,SiPt12,1,1,0.9224857091903687,Patient,Patient
feature_neural,enhanced,Fold_1,patchtst,SiPt21,1,0,0.10968350619077682,Patient,Control
feature_neural,enhanced,Fold_1,patchtst,SiPt28,1,1,0.6893808841705322,Patient,Patient
feature_neural,enhanced,Fold_1,patchtst,SiPt31,1,1,0.8892660737037659,Patient,Patient
feature_neural,enhanced,Fold_1,patchtst,SiPt32,1,1,0.5438567399978638,Patient,Patient
feature_neural,left,Fold_2,resnet1d,GaCo06,0,1,0.7696977853775024,Control,Patient
feature_neural,left,Fold_2,resnet1d,GaCo11,0,0,0.18725882470607758,Control,Control
feature_neural,left,Fold_2,resnet1d,GaPt03,1,1,0.9147170782089233,Patient,Patient
feature_neural,left,Fold_2,resnet1d,GaPt12,1,1,0.6120306849479675,Patient,Patient
feature_neural,left,Fold_2,resnet1d,GaPt15,1,1,0.8515996336936951,Patient,Patient
feature_neural,left,Fold_2,resnet1d,GaPt30,1,1,0.7036044597625732,Patient,Patient
feature_neural,left,Fold_2,resnet1d,JuCo05,0,1,0.6619954705238342,Control,Patient
feature_neural,left,Fold_2,resnet1d,JuCo11,0,1,0.7799545526504517,Control,Patient
feature_neural,left,Fold_2,resnet1d,JuCo22,0,1,0.6379513144493103,Control,Patient
feature_neural,left,Fold_2,resnet1d,JuCo26,0,0,0.43242987990379333,Control,Control
feature_neural,left,Fold_2,resnet1d,SiCo04,0,0,0.3070860803127289,Control,Control
feature_neural,left,Fold_2,resnet1d,SiCo07,0,1,0.7658778429031372,Control,Patient
feature_neural,left,Fold_2,resnet1d,SiCo17,0,1,0.6574549078941345,Control,Patient
feature_neural,left,Fold_2,resnet1d,SiCo18,0,1,0.5882609486579895,Control,Patient
feature_neural,left,Fold_2,resnet1d,SiPt05,1,1,0.6206256151199341,Patient,Patient
feature_neural,left,Fold_2,resnet1d,SiPt07,1,1,0.7521592378616333,Patient,Patient
feature_neural,left,Fold_2,resnet1d,SiPt17,1,1,0.5255556106567383,Patient,Patient
feature_neural,left,Fold_2,resnet1d,SiPt19,1,1,0.6590930819511414,Patient,Patient
feature_neural,left,Fold_2,resnet1d,SiPt24,1,1,0.9248223900794983,Patient,Patient
feature_neural,left,Fold_2,resnet1d,SiPt37,1,1,0.7074848413467407,Patient,Patient
feature_neural,left,Fold_2,lstm,GaCo06,0,0,0.3434583246707916,Control,Control
feature_neural,left,Fold_2,lstm,GaCo11,0,0,0.3637506365776062,Control,Control
feature_neural,left,Fold_2,lstm,GaPt03,1,1,0.6250426769256592,Patient,Patient
feature_neural,left,Fold_2,lstm,GaPt12,1,1,0.7707206010818481,Patient,Patient
feature_neural,left,Fold_2,lstm,GaPt15,1,1,0.6710068583488464,Patient,Patient
feature_neural,left,Fold_2,lstm,GaPt30,1,1,0.8055902719497681,Patient,Patient
feature_neural,left,Fold_2,lstm,JuCo05,0,0,0.26314422488212585,Control,Control
feature_neural,left,Fold_2,lstm,JuCo11,0,0,0.33059990406036377,Control,Control
feature_neural,left,Fold_2,lstm,JuCo22,0,1,0.6553649306297302,Control,Patient
feature_neural,left,Fold_2,lstm,JuCo26,0,0,0.3135387897491455,Control,Control
feature_neural,left,Fold_2,lstm,SiCo04,0,1,0.6802309155464172,Control,Patient
feature_neural,left,Fold_2,lstm,SiCo07,0,1,0.7266332507133484,Control,Patient
feature_neural,left,Fold_2,lstm,SiCo17,0,0,0.33662232756614685,Control,Control
feature_neural,left,Fold_2,lstm,SiCo18,0,0,0.3152976334095001,Control,Control
feature_neural,left,Fold_2,lstm,SiPt05,1,1,0.6024487018585205,Patient,Patient
feature_neural,left,Fold_2,lstm,SiPt07,1,1,0.7439817190170288,Patient,Patient
feature_neural,left,Fold_2,lstm,SiPt17,1,1,0.5852465629577637,Patient,Patient
feature_neural,left,Fold_2,lstm,SiPt19,1,1,0.5493091344833374,Patient,Patient
feature_neural,left,Fold_2,lstm,SiPt24,1,0,0.3947451412677765,Patient,Control
feature_neural,left,Fold_2,lstm,SiPt37,1,1,0.6741104125976562,Patient,Patient
feature_neural,left,Fold_2,gru,GaCo06,0,0,0.3833725154399872,Control,Control
feature_neural,left,Fold_2,gru,GaCo11,0,0,0.44324880838394165,Control,Control
feature_neural,left,Fold_2,gru,GaPt03,1,1,0.5230131149291992,Patient,Patient
feature_neural,left,Fold_2,gru,GaPt12,1,1,0.5400185585021973,Patient,Patient
feature_neural,left,Fold_2,gru,GaPt15,1,0,0.45011818408966064,Patient,Control
feature_neural,left,Fold_2,gru,GaPt30,1,1,0.5317906141281128,Patient,Patient
feature_neural,left,Fold_2,gru,JuCo05,0,0,0.36444318294525146,Control,Control
feature_neural,left,Fold_2,gru,JuCo11,0,0,0.4491044878959656,Control,Control
feature_neural,left,Fold_2,gru,JuCo22,0,1,0.5858185887336731,Control,Patient
feature_neural,left,Fold_2,gru,JuCo26,0,0,0.3783915042877197,Control,Control
feature_neural,left,Fold_2,gru,SiCo04,0,1,0.558221161365509,Control,Patient
feature_neural,left,Fold_2,gru,SiCo07,0,1,0.6563449501991272,Control,Patient
feature_neural,left,Fold_2,gru,SiCo17,0,0,0.38974782824516296,Control,Control
feature_neural,left,Fold_2,gru,SiCo18,0,0,0.37066134810447693,Control,Control
feature_neural,left,Fold_2,gru,SiPt05,1,0,0.45118069648742676,Patient,Control
feature_neural,left,Fold_2,gru,SiPt07,1,1,0.5750832557678223,Patient,Patient
feature_neural,left,Fold_2,gru,SiPt17,1,1,0.5062262415885925,Patient,Patient
feature_neural,left,Fold_2,gru,SiPt19,1,0,0.4249512255191803,Patient,Control
feature_neural,left,Fold_2,gru,SiPt24,1,0,0.46019241213798523,Patient,Control
feature_neural,left,Fold_2,gru,SiPt37,1,0,0.49288326501846313,Patient,Control
feature_neural,left,Fold_2,patchtst,GaCo06,0,1,0.9276233315467834,Control,Patient
feature_neural,left,Fold_2,patchtst,GaCo11,0,0,0.06450151652097702,Control,Control
feature_neural,left,Fold_2,patchtst,GaPt03,1,1,0.9304351806640625,Patient,Patient
feature_neural,left,Fold_2,patchtst,GaPt12,1,1,0.8940219283103943,Patient,Patient
feature_neural,left,Fold_2,patchtst,GaPt15,1,1,0.9325541257858276,Patient,Patient
feature_neural,left,Fold_2,patchtst,GaPt30,1,1,0.9257681369781494,Patient,Patient
feature_neural,left,Fold_2,patchtst,JuCo05,0,0,0.0897774025797844,Control,Control
feature_neural,left,Fold_2,patchtst,JuCo11,0,1,0.9269450306892395,Control,Patient
feature_neural,left,Fold_2,patchtst,JuCo22,0,0,0.09374221414327621,Control,Control
feature_neural,left,Fold_2,patchtst,JuCo26,0,0,0.08934346586465836,Control,Control
feature_neural,left,Fold_2,patchtst,SiCo04,0,0,0.06497105956077576,Control,Control
feature_neural,left,Fold_2,patchtst,SiCo07,0,1,0.9252166152000427,Control,Patient
feature_neural,left,Fold_2,patchtst,SiCo17,0,1,0.9094949960708618,Control,Patient
feature_neural,left,Fold_2,patchtst,SiCo18,0,1,0.8468649387359619,Control,Patient
feature_neural,left,Fold_2,patchtst,SiPt05,1,1,0.6620733141899109,Patient,Patient
feature_neural,left,Fold_2,patchtst,SiPt07,1,1,0.9284458756446838,Patient,Patient
feature_neural,left,Fold_2,patchtst,SiPt17,1,0,0.09219418466091156,Patient,Control
feature_neural,left,Fold_2,patchtst,SiPt19,1,1,0.9291356205940247,Patient,Patient
feature_neural,left,Fold_2,patchtst,SiPt24,1,1,0.932486355304718,Patient,Patient
feature_neural,left,Fold_2,patchtst,SiPt37,1,1,0.9074304103851318,Patient,Patient
feature_neural,right,Fold_2,resnet1d,GaCo06,0,1,0.7923691868782043,Control,Patient
feature_neural,right,Fold_2,resnet1d,GaCo11,0,0,0.1305229812860489,Control,Control
feature_neural,right,Fold_2,resnet1d,GaPt03,1,1,0.8931880593299866,Patient,Patient
feature_neural,right,Fold_2,resnet1d,GaPt12,1,1,0.5563123822212219,Patient,Patient
feature_neural,right,Fold_2,resnet1d,GaPt15,1,1,0.8623313903808594,Patient,Patient
feature_neural,right,Fold_2,resnet1d,GaPt30,1,1,0.6758837103843689,Patient,Patient
feature_neural,right,Fold_2,resnet1d,JuCo05,0,0,0.4400354027748108,Control,Control
feature_neural,right,Fold_2,resnet1d,JuCo11,0,1,0.8162534236907959,Control,Patient
feature_neural,right,Fold_2,resnet1d,JuCo22,0,0,0.42685338854789734,Control,Control
feature_neural,right,Fold_2,resnet1d,JuCo26,0,0,0.417662113904953,Control,Control
feature_neural,right,Fold_2,resnet1d,SiCo04,0,0,0.23057012259960175,Control,Control
feature_neural,right,Fold_2,resnet1d,SiCo07,0,1,0.7502226829528809,Control,Patient
feature_neural,right,Fold_2,resnet1d,SiCo17,0,1,0.5928522348403931,Control,Patient
feature_neural,right,Fold_2,resnet1d,SiCo18,0,1,0.5489332675933838,Control,Patient
feature_neural,right,Fold_2,resnet1d,SiPt05,1,1,0.5581327676773071,Patient,Patient
feature_neural,right,Fold_2,resnet1d,SiPt07,1,1,0.7487435340881348,Patient,Patient
feature_neural,right,Fold_2,resnet1d,SiPt17,1,0,0.4085405766963959,Patient,Control
feature_neural,right,Fold_2,resnet1d,SiPt19,1,1,0.732144832611084,Patient,Patient
feature_neural,right,Fold_2,resnet1d,SiPt24,1,1,0.9086146950721741,Patient,Patient
feature_neural,right,Fold_2,resnet1d,SiPt37,1,1,0.6465393304824829,Patient,Patient
feature_neural,right,Fold_2,lstm,GaCo06,0,0,0.34941935539245605,Control,Control
feature_neural,right,Fold_2,lstm,GaCo11,0,0,0.37820711731910706,Control,Control
feature_neural,right,Fold_2,lstm,GaPt03,1,1,0.6527926921844482,Patient,Patient
feature_neural,right,Fold_2,lstm,GaPt12,1,1,0.669829249382019,Patient,Patient
feature_neural,right,Fold_2,lstm,GaPt15,1,1,0.6895111203193665,Patient,Patient
feature_neural,right,Fold_2,lstm,GaPt30,1,1,0.7196276783943176,Patient,Patient
feature_neural,right,Fold_2,lstm,JuCo05,0,0,0.3089548349380493,Control,Control
feature_neural,right,Fold_2,lstm,JuCo11,0,0,0.3282875418663025,Control,Control
feature_neural,right,Fold_2,lstm,JuCo22,0,1,0.5580387115478516,Control,Patient
feature_neural,right,Fold_2,lstm,JuCo26,0,0,0.3339473009109497,Control,Control
feature_neural,right,Fold_2,lstm,SiCo04,0,1,0.5711014866828918,Control,Patient
feature_neural,right,Fold_2,lstm,SiCo07,0,1,0.6465928554534912,Control,Patient
feature_neural,right,Fold_2,lstm,SiCo17,0,0,0.36937257647514343,Control,Control
feature_neural,right,Fold_2,lstm,SiCo18,0,0,0.31329038739204407,Control,Control
feature_neural,right,Fold_2,lstm,SiPt05,1,1,0.8373478651046753,Patient,Patient
feature_neural,right,Fold_2,lstm,SiPt07,1,1,0.6216123700141907,Patient,Patient
feature_neural,right,Fold_2,lstm,SiPt17,1,1,0.5446815490722656,Patient,Patient
feature_neural,right,Fold_2,lstm,SiPt19,1,1,0.5939269661903381,Patient,Patient
feature_neural,right,Fold_2,lstm,SiPt24,1,0,0.4712705910205841,Patient,Control
feature_neural,right,Fold_2,lstm,SiPt37,1,1,0.6296898126602173,Patient,Patient
feature_neural,right,Fold_2,gru,GaCo06,0,0,0.332695871591568,Control,Control
feature_neural,right,Fold_2,gru,GaCo11,0,0,0.3328666687011719,Control,Control
feature_neural,right,Fold_2,gru,GaPt03,1,1,0.6412354111671448,Patient,Patient
feature_neural,right,Fold_2,gru,GaPt12,1,1,0.7418216466903687,Patient,Patient
feature_neural,right,Fold_2,gru,GaPt15,1,1,0.665871798992157,Patient,Patient
feature_neural,right,Fold_2,gru,GaPt30,1,1,0.7551177144050598,Patient,Patient
feature_neural,right,Fold_2,gru,JuCo05,0,0,0.31219086050987244,Control,Control
feature_neural,right,Fold_2,gru,JuCo11,0,0,0.32375165820121765,Control,Control
feature_neural,right,Fold_2,gru,JuCo22,0,1,0.6807161569595337,Control,Patient
feature_neural,right,Fold_2,gru,JuCo26,0,0,0.3233449459075928,Control,Control
feature_neural,right,Fold_2,gru,SiCo04,0,1,0.7052517533302307,Control,Patient
feature_neural,right,Fold_2,gru,SiCo07,0,1,0.7363094091415405,Control,Patient
feature_neural,right,Fold_2,gru,SiCo17,0,0,0.34682127833366394,Control,Control
feature_neural,right,Fold_2,gru,SiCo18,0,0,0.31384962797164917,Control,Control
feature_neural,right,Fold_2,gru,SiPt05,1,1,0.7341409921646118,Patient,Patient
feature_neural,right,Fold_2,gru,SiPt07,1,1,0.728214681148529,Patient,Patient
feature_neural,right,Fold_2,gru,SiPt17,1,1,0.6222648620605469,Patient,Patient
feature_neural,right,Fold_2,gru,SiPt19,1,1,0.5884750485420227,Patient,Patient
feature_neural,right,Fold_2,gru,SiPt24,1,0,0.4182043969631195,Patient,Control
feature_neural,right,Fold_2,gru,SiPt37,1,1,0.6828292012214661,Patient,Patient
feature_neural,right,Fold_2,patchtst,GaCo06,0,1,0.9418174624443054,Control,Patient
feature_neural,right,Fold_2,patchtst,GaCo11,0,0,0.049458097666502,Control,Control
feature_neural,right,Fold_2,patchtst,GaPt03,1,1,0.9447024464607239,Patient,Patient
feature_neural,right,Fold_2,patchtst,GaPt12,1,1,0.9109874367713928,Patient,Patient
feature_neural,right,Fold_2,patchtst,GaPt15,1,1,0.9447571039199829,Patient,Patient
feature_neural,right,Fold_2,patchtst,GaPt30,1,1,0.9424334764480591,Patient,Patient
feature_neural,right,Fold_2,patchtst,JuCo05,0,0,0.047821544110774994,Control,Control
feature_neural,right,Fold_2,patchtst,JuCo11,0,1,0.9416325688362122,Control,Patient
feature_neural,right,Fold_2,patchtst,JuCo22,0,0,0.06383910030126572,Control,Control
feature_neural,right,Fold_2,patchtst,JuCo26,0,0,0.06783344596624374,Control,Control
feature_neural,right,Fold_2,patchtst,SiCo04,0,0,0.05038134381175041,Control,Control
feature_neural,right,Fold_2,patchtst,SiCo07,0,1,0.936011791229248,Control,Patient
feature_neural,right,Fold_2,patchtst,SiCo17,0,1,0.891778290271759,Control,Patient
feature_neural,right,Fold_2,patchtst,SiCo18,0,1,0.5309885740280151,Control,Patient
feature_neural,right,Fold_2,patchtst,SiPt05,1,1,0.851771354675293,Patient,Patient
feature_neural,right,Fold_2,patchtst,SiPt07,1,1,0.9408993721008301,Patient,Patient
feature_neural,right,Fold_2,patchtst,SiPt17,1,0,0.06602106243371964,Patient,Control
feature_neural,right,Fold_2,patchtst,SiPt19,1,1,0.9418681263923645,Patient,Patient
feature_neural,right,Fold_2,patchtst,SiPt24,1,1,0.9435214996337891,Patient,Patient
feature_neural,right,Fold_2,patchtst,SiPt37,1,1,0.9307263493537903,Patient,Patient
feature_neural,combined,Fold_2,resnet1d,GaCo06,0,1,0.7048709988594055,Control,Patient
feature_neural,combined,Fold_2,resnet1d,GaCo11,0,0,0.1417609006166458,Control,Control
feature_neural,combined,Fold_2,resnet1d,GaPt03,1,1,0.8167116641998291,Patient,Patient
feature_neural,combined,Fold_2,resnet1d,GaPt12,1,1,0.5049414038658142,Patient,Patient
feature_neural,combined,Fold_2,resnet1d,GaPt15,1,1,0.777044415473938,Patient,Patient
feature_neural,combined,Fold_2,resnet1d,GaPt30,1,1,0.6272770166397095,Patient,Patient
feature_neural,combined,Fold_2,resnet1d,JuCo05,0,0,0.4504565894603729,Control,Control
feature_neural,combined,Fold_2,resnet1d,JuCo11,0,1,0.7231650352478027,Control,Patient
feature_neural,combined,Fold_2,resnet1d,JuCo22,0,0,0.4694872200489044,Control,Control
feature_neural,combined,Fold_2,resnet1d,JuCo26,0,0,0.4478798508644104,Control,Control
feature_neural,combined,Fold_2,resnet1d,SiCo04,0,0,0.2548829913139343,Control,Control
feature_neural,combined,Fold_2,resnet1d,SiCo07,0,1,0.6498820781707764,Control,Patient
feature_neural,combined,Fold_2,resnet1d,SiCo17,0,1,0.5951930284500122,Control,Patient
feature_neural,combined,Fold_2,resnet1d,SiCo18,0,1,0.5892696380615234,Control,Patient
feature_neural,combined,Fold_2,resnet1d,SiPt05,1,0,0.4918745756149292,Patient,Control
feature_neural,combined,Fold_2,resnet1d,SiPt07,1,1,0.6628743410110474,Patient,Patient
feature_neural,combined,Fold_2,resnet1d,SiPt17,1,0,0.3637698292732239,Patient,Control
feature_neural,combined,Fold_2,resnet1d,SiPt19,1,1,0.6161081194877625,Patient,Patient
feature_neural,combined,Fold_2,resnet1d,SiPt24,1,1,0.8322563171386719,Patient,Patient
feature_neural,combined,Fold_2,resnet1d,SiPt37,1,1,0.5892387628555298,Patient,Patient
feature_neural,combined,Fold_2,lstm,GaCo06,0,0,0.34941938519477844,Control,Control
feature_neural,combined,Fold_2,lstm,GaCo11,0,0,0.37820711731910706,Control,Control
feature_neural,combined,Fold_2,lstm,GaPt03,1,1,0.6527926921844482,Patient,Patient
feature_neural,combined,Fold_2,lstm,GaPt12,1,1,0.669829249382019,Patient,Patient
feature_neural,combined,Fold_2,lstm,GaPt15,1,1,0.6895111203193665,Patient,Patient
feature_neural,combined,Fold_2,lstm,GaPt30,1,1,0.7196276783943176,Patient,Patient
feature_neural,combined,Fold_2,lstm,JuCo05,0,0,0.3089548945426941,Control,Control
feature_neural,combined,Fold_2,lstm,JuCo11,0,0,0.3282875716686249,Control,Control
feature_neural,combined,Fold_2,lstm,JuCo22,0,1,0.5580388307571411,Control,Patient
feature_neural,combined,Fold_2,lstm,JuCo26,0,0,0.3339473009109497,Control,Control
feature_neural,combined,Fold_2,lstm,SiCo04,0,1,0.5711014866828918,Control,Patient
feature_neural,combined,Fold_2,lstm,SiCo07,0,1,0.6465928554534912,Control,Patient
feature_neural,combined,Fold_2,lstm,SiCo17,0,0,0.36937257647514343,Control,Control
feature_neural,combined,Fold_2,lstm,SiCo18,0,0,0.31329038739204407,Control,Control
feature_neural,combined,Fold_2,lstm,SiPt05,1,1,0.8373478651046753,Patient,Patient
feature_neural,combined,Fold_2,lstm,SiPt07,1,1,0.6216123700141907,Patient,Patient
feature_neural,combined,Fold_2,lstm,SiPt17,1,1,0.5446815490722656,Patient,Patient
feature_neural,combined,Fold_2,lstm,SiPt19,1,1,0.5939269065856934,Patient,Patient
feature_neural,combined,Fold_2,lstm,SiPt24,1,0,0.47127053141593933,Patient,Control
feature_neural,combined,Fold_2,lstm,SiPt37,1,1,0.6296898126602173,Patient,Patient
feature_neural,combined,Fold_2,gru,GaCo06,0,0,0.3774842917919159,Control,Control
feature_neural,combined,Fold_2,gru,GaCo11,0,0,0.3415582478046417,Control,Control
feature_neural,combined,Fold_2,gru,GaPt03,1,1,0.6504614949226379,Patient,Patient
feature_neural,combined,Fold_2,gru,GaPt12,1,1,0.6852779388427734,Patient,Patient
feature_neural,combined,Fold_2,gru,GaPt15,1,1,0.6516698002815247,Patient,Patient
feature_neural,combined,Fold_2,gru,GaPt30,1,1,0.7035134434700012,Patient,Patient
feature_neural,combined,Fold_2,gru,JuCo05,0,0,0.35599005222320557,Control,Control
feature_neural,combined,Fold_2,gru,JuCo11,0,0,0.3723413348197937,Control,Control
feature_neural,combined,Fold_2,gru,JuCo22,0,1,0.5806049108505249,Control,Patient
feature_neural,combined,Fold_2,gru,JuCo26,0,0,0.35405465960502625,Control,Control
feature_neural,combined,Fold_2,gru,SiCo04,0,1,0.5957419872283936,Control,Patient
feature_neural,combined,Fold_2,gru,SiCo07,0,1,0.6803963780403137,Control,Patient
feature_neural,combined,Fold_2,gru,SiCo17,0,0,0.3881264925003052,Control,Control
feature_neural,combined,Fold_2,gru,SiCo18,0,0,0.35771316289901733,Control,Control
feature_neural,combined,Fold_2,gru,SiPt05,1,1,0.6303712725639343,Patient,Patient
feature_neural,combined,Fold_2,gru,SiPt07,1,1,0.672953188419342,Patient,Patient
feature_neural,combined,Fold_2,gru,SiPt17,1,1,0.538118302822113,Patient,Patient
feature_neural,combined,Fold_2,gru,SiPt19,1,1,0.5842790007591248,Patient,Patient
feature_neural,combined,Fold_2,gru,SiPt24,1,1,0.5151953101158142,Patient,Patient
feature_neural,combined,Fold_2,gru,SiPt37,1,1,0.6168871521949768,Patient,Patient
feature_neural,combined,Fold_2,patchtst,GaCo06,0,1,0.9180622100830078,Control,Patient
feature_neural,combined,Fold_2,patchtst,GaCo11,0,0,0.07077010720968246,Control,Control
feature_neural,combined,Fold_2,patchtst,GaPt03,1,1,0.9240475296974182,Patient,Patient
feature_neural,combined,Fold_2,patchtst,GaPt12,1,1,0.846062421798706,Patient,Patient
feature_neural,combined,Fold_2,patchtst,GaPt15,1,1,0.917218804359436,Patient,Patient
feature_neural,combined,Fold_2,patchtst,GaPt30,1,1,0.9128996133804321,Patient,Patient
feature_neural,combined,Fold_2,patchtst,JuCo05,0,0,0.13569284975528717,Control,Control
feature_neural,combined,Fold_2,patchtst,JuCo11,0,1,0.9171794056892395,Control,Patient
feature_neural,combined,Fold_2,patchtst,JuCo22,0,0,0.3194259703159332,Control,Control
feature_neural,combined,Fold_2,patchtst,JuCo26,0,0,0.10483107715845108,Control,Control
feature_neural,combined,Fold_2,patchtst,SiCo04,0,0,0.07138631492853165,Control,Control
feature_neural,combined,Fold_2,patchtst,SiCo07,0,1,0.918306827545166,Control,Patient
feature_neural,combined,Fold_2,patchtst,SiCo17,0,1,0.8865280747413635,Control,Patient
feature_neural,combined,Fold_2,patchtst,SiCo18,0,1,0.76215660572052,Control,Patient
feature_neural,combined,Fold_2,patchtst,SiPt05,1,1,0.8196104168891907,Patient,Patient
feature_neural,combined,Fold_2,patchtst,SiPt07,1,1,0.9236792922019958,Patient,Patient
feature_neural,combined,Fold_2,patchtst,SiPt17,1,0,0.0873522087931633,Patient,Control
feature_neural,combined,Fold_2,patchtst,SiPt19,1,1,0.9184187054634094,Patient,Patient
feature_neural,combined,Fold_2,patchtst,SiPt24,1,1,0.9211638569831848,Patient,Patient
feature_neural,combined,Fold_2,patchtst,SiPt37,1,1,0.8999505043029785,Patient,Patient
feature_neural,enhanced,Fold_2,resnet1d,GaCo06,0,1,0.8238697648048401,Control,Patient
feature_neural,enhanced,Fold_2,resnet1d,GaCo11,0,0,0.039051979780197144,Control,Control
feature_neural,enhanced,Fold_2,resnet1d,GaPt03,1,1,0.9389743208885193,Patient,Patient
feature_neural,enhanced,Fold_2,resnet1d,GaPt12,1,1,0.5174885988235474,Patient,Patient
feature_neural,enhanced,Fold_2,resnet1d,GaPt15,1,1,0.8959185481071472,Patient,Patient
feature_neural,enhanced,Fold_2,resnet1d,GaPt30,1,1,0.7991771697998047,Patient,Patient
feature_neural,enhanced,Fold_2,resnet1d,JuCo05,0,0,0.3396171033382416,Control,Control
feature_neural,enhanced,Fold_2,resnet1d,JuCo11,0,1,0.8425443172454834,Control,Patient
feature_neural,enhanced,Fold_2,resnet1d,JuCo22,0,0,0.3711022138595581,Control,Control
feature_neural,enhanced,Fold_2,resnet1d,JuCo26,0,0,0.3960091471672058,Control,Control
feature_neural,enhanced,Fold_2,resnet1d,SiCo04,0,0,0.12484593689441681,Control,Control
feature_neural,enhanced,Fold_2,resnet1d,SiCo07,0,1,0.7806388735771179,Control,Patient
feature_neural,enhanced,Fold_2,resnet1d,SiCo17,0,1,0.6857873201370239,Control,Patient
feature_neural,enhanced,Fold_2,resnet1d,SiCo18,0,1,0.6917587518692017,Control,Patient
feature_neural,enhanced,Fold_2,resnet1d,SiPt05,1,1,0.7957956790924072,Patient,Patient
feature_neural,enhanced,Fold_2,resnet1d,SiPt07,1,1,0.7613945603370667,Patient,Patient
feature_neural,enhanced,Fold_2,resnet1d,SiPt17,1,0,0.2573509216308594,Patient,Control
feature_neural,enhanced,Fold_2,resnet1d,SiPt19,1,1,0.7305731177330017,Patient,Patient
feature_neural,enhanced,Fold_2,resnet1d,SiPt24,1,1,0.9478139877319336,Patient,Patient
feature_neural,enhanced,Fold_2,resnet1d,SiPt37,1,1,0.6401621699333191,Patient,Patient
feature_neural,enhanced,Fold_2,lstm,GaCo06,0,0,0.37087106704711914,Control,Control
feature_neural,enhanced,Fold_2,lstm,GaCo11,0,0,0.21639883518218994,Control,Control
feature_neural,enhanced,Fold_2,lstm,GaPt03,1,1,0.8798354268074036,Patient,Patient
feature_neural,enhanced,Fold_2,lstm,GaPt12,1,0,0.3043844699859619,Patient,Control
feature_neural,enhanced,Fold_2,lstm,GaPt15,1,1,0.5820426940917969,Patient,Patient
feature_neural,enhanced,Fold_2,lstm,GaPt30,1,1,0.5546087622642517,Patient,Patient
feature_neural,enhanced,Fold_2,lstm,JuCo05,0,0,0.26959121227264404,Control,Control
feature_neural,enhanced,Fold_2,lstm,JuCo11,0,0,0.4565802812576294,Control,Control
feature_neural,enhanced,Fold_2,lstm,JuCo22,0,1,0.6068054437637329,Control,Patient
feature_neural,enhanced,Fold_2,lstm,JuCo26,0,0,0.20360058546066284,Control,Control
feature_neural,enhanced,Fold_2,lstm,SiCo04,0,0,0.17207519710063934,Control,Control
feature_neural,enhanced,Fold_2,lstm,SiCo07,0,0,0.17650966346263885,Control,Control
feature_neural,enhanced,Fold_2,lstm,SiCo17,0,1,0.6207711696624756,Control,Patient
feature_neural,enhanced,Fold_2,lstm,SiCo18,0,0,0.3171256184577942,Control,Control
feature_neural,enhanced,Fold_2,lstm,SiPt05,1,1,0.8155908584594727,Patient,Patient
feature_neural,enhanced,Fold_2,lstm,SiPt07,1,0,0.25375205278396606,Patient,Control
feature_neural,enhanced,Fold_2,lstm,SiPt17,1,0,0.3789777159690857,Patient,Control
feature_neural,enhanced,Fold_2,lstm,SiPt19,1,1,0.5331303477287292,Patient,Patient
feature_neural,enhanced,Fold_2,lstm,SiPt24,1,0,0.46131864190101624,Patient,Control
feature_neural,enhanced,Fold_2,lstm,SiPt37,1,1,0.6884201765060425,Patient,Patient
feature_neural,enhanced,Fold_2,gru,GaCo06,0,1,0.6348289251327515,Control,Patient
feature_neural,enhanced,Fold_2,gru,GaCo11,0,0,0.3994561433792114,Control,Control
feature_neural,enhanced,Fold_2,gru,GaPt03,1,1,0.7038140892982483,Patient,Patient
feature_neural,enhanced,Fold_2,gru,GaPt12,1,1,0.6095338463783264,Patient,Patient
feature_neural,enhanced,Fold_2,gru,GaPt15,1,1,0.5793903470039368,Patient,Patient
feature_neural,enhanced,Fold_2,gru,GaPt30,1,1,0.627224862575531,Patient,Patient
feature_neural,enhanced,Fold_2,gru,JuCo05,0,0,0.45947885513305664,Control,Control
feature_neural,enhanced,Fold_2,gru,JuCo11,0,1,0.5940748453140259,Control,Patient
feature_neural,enhanced,Fold_2,gru,JuCo22,0,0,0.3936261832714081,Control,Control
feature_neural,enhanced,Fold_2,gru,JuCo26,0,0,0.4832090735435486,Control,Control
feature_neural,enhanced,Fold_2,gru,SiCo04,0,0,0.40784817934036255,Control,Control
feature_neural,enhanced,Fold_2,gru,SiCo07,0,0,0.4562843441963196,Control,Control
feature_neural,enhanced,Fold_2,gru,SiCo17,0,1,0.5619729161262512,Control,Patient
feature_neural,enhanced,Fold_2,gru,SiCo18,0,0,0.49519476294517517,Control,Control
feature_neural,enhanced,Fold_2,gru,SiPt05,1,0,0.40170320868492126,Patient,Control
feature_neural,enhanced,Fold_2,gru,SiPt07,1,1,0.5669735074043274,Patient,Patient
feature_neural,enhanced,Fold_2,gru,SiPt17,1,0,0.3990808427333832,Patient,Control
feature_neural,enhanced,Fold_2,gru,SiPt19,1,1,0.6031972169876099,Patient,Patient
feature_neural,enhanced,Fold_2,gru,SiPt24,1,1,0.8416582345962524,Patient,Patient
feature_neural,enhanced,Fold_2,gru,SiPt37,1,0,0.4612913429737091,Patient,Control
feature_neural,enhanced,Fold_2,patchtst,GaCo06,0,1,0.8416736125946045,Control,Patient
feature_neural,enhanced,Fold_2,patchtst,GaCo11,0,0,0.12454858422279358,Control,Control
feature_neural,enhanced,Fold_2,patchtst,GaPt03,1,1,0.8625957369804382,Patient,Patient
feature_neural,enhanced,Fold_2,patchtst,GaPt12,1,1,0.6941788792610168,Patient,Patient
feature_neural,enhanced,Fold_2,patchtst,GaPt15,1,1,0.8610618114471436,Patient,Patient
feature_neural,enhanced,Fold_2,patchtst,GaPt30,1,1,0.8299952745437622,Patient,Patient
feature_neural,enhanced,Fold_2,patchtst,JuCo05,0,0,0.27420616149902344,Control,Control
feature_neural,enhanced,Fold_2,patchtst,JuCo11,0,1,0.8317053914070129,Control,Patient
feature_neural,enhanced,Fold_2,patchtst,JuCo22,0,0,0.2066117227077484,Control,Control
feature_neural,enhanced,Fold_2,patchtst,JuCo26,0,0,0.24641317129135132,Control,Control
feature_neural,enhanced,Fold_2,patchtst,SiCo04,0,0,0.15780535340309143,Control,Control
feature_neural,enhanced,Fold_2,patchtst,SiCo07,0,1,0.8089123368263245,Control,Patient
feature_neural,enhanced,Fold_2,patchtst,SiCo17,0,1,0.8004074692726135,Control,Patient
feature_neural,enhanced,Fold_2,patchtst,SiCo18,0,1,0.7700693011283875,Control,Patient
feature_neural,enhanced,Fold_2,patchtst,SiPt05,1,0,0.3154616355895996,Patient,Control
feature_neural,enhanced,Fold_2,patchtst,SiPt07,1,1,0.83664870262146,Patient,Patient
feature_neural,enhanced,Fold_2,patchtst,SiPt17,1,0,0.14766892790794373,Patient,Control
feature_neural,enhanced,Fold_2,patchtst,SiPt19,1,1,0.8222991824150085,Patient,Patient
feature_neural,enhanced,Fold_2,patchtst,SiPt24,1,1,0.8592823147773743,Patient,Patient
feature_neural,enhanced,Fold_2,patchtst,SiPt37,1,1,0.7705814838409424,Patient,Patient
feature_neural,left,Fold_3,resnet1d,GaCo03,0,0,0.3197995722293854,Control,Control
feature_neural,left,Fold_3,resnet1d,GaCo08,0,1,0.636803150177002,Control,Patient
feature_neural,left,Fold_3,resnet1d,GaCo17,0,0,0.3077622950077057,Control,Control
feature_neural,left,Fold_3,resnet1d,GaPt05,1,1,0.6810839772224426,Patient,Patient
feature_neural,left,Fold_3,resnet1d,GaPt07,1,1,0.8697771430015564,Patient,Patient
feature_neural,left,Fold_3,resnet1d,GaPt16,1,1,0.5821313858032227,Patient,Patient
feature_neural,left,Fold_3,resnet1d,GaPt19,1,1,0.5174475312232971,Patient,Patient
feature_neural,left,Fold_3,resnet1d,GaPt27,1,1,0.5793870091438293,Patient,Patient
feature_neural,left,Fold_3,resnet1d,GaPt28,1,1,0.7816001772880554,Patient,Patient
feature_neural,left,Fold_3,resnet1d,JuCo01,0,0,0.427484929561615,Control,Control
feature_neural,left,Fold_3,resnet1d,JuCo04,0,0,0.42958757281303406,Control,Control
feature_neural,left,Fold_3,resnet1d,JuCo14,0,1,0.5492652654647827,Control,Patient
feature_neural,left,Fold_3,resnet1d,JuCo17,0,0,0.4294555187225342,Control,Control
feature_neural,left,Fold_3,resnet1d,JuPt05,1,1,0.7000070810317993,Patient,Patient
feature_neural,left,Fold_3,resnet1d,JuPt07,1,1,0.5536159873008728,Patient,Patient
feature_neural,left,Fold_3,resnet1d,SiCo06,0,1,0.6240752935409546,Control,Patient
feature_neural,left,Fold_3,resnet1d,SiCo11,0,0,0.1559699922800064,Control,Control
feature_neural,left,Fold_3,resnet1d,SiCo23,0,1,0.6469160318374634,Control,Patient
feature_neural,left,Fold_3,resnet1d,SiPt33,1,1,0.6104849576950073,Patient,Patient
feature_neural,left,Fold_3,resnet1d,SiPt38,1,1,0.6067699790000916,Patient,Patient
feature_neural,left,Fold_3,lstm,GaCo03,0,1,0.5424293279647827,Control,Patient
feature_neural,left,Fold_3,lstm,GaCo08,0,0,0.38738253712654114,Control,Control
feature_neural,left,Fold_3,lstm,GaCo17,0,0,0.3483505845069885,Control,Control
feature_neural,left,Fold_3,lstm,GaPt05,1,0,0.41651013493537903,Patient,Control
feature_neural,left,Fold_3,lstm,GaPt07,1,1,0.678927481174469,Patient,Patient
feature_neural,left,Fold_3,lstm,GaPt16,1,1,0.5921036601066589,Patient,Patient
feature_neural,left,Fold_3,lstm,GaPt19,1,1,0.604533314704895,Patient,Patient
feature_neural,left,Fold_3,lstm,GaPt27,1,0,0.3139609396457672,Patient,Control
feature_neural,left,Fold_3,lstm,GaPt28,1,0,0.37611180543899536,Patient,Control
feature_neural,left,Fold_3,lstm,JuCo01,0,0,0.2870391607284546,Control,Control
feature_neural,left,Fold_3,lstm,JuCo04,0,1,0.5747293829917908,Control,Patient
feature_neural,left,Fold_3,lstm,JuCo14,0,0,0.3450813889503479,Control,Control
feature_neural,left,Fold_3,lstm,JuCo17,0,1,0.6091657876968384,Control,Patient
feature_neural,left,Fold_3,lstm,JuPt05,1,0,0.42239102721214294,Patient,Control
feature_neural,left,Fold_3,lstm,JuPt07,1,1,0.5135668516159058,Patient,Patient
feature_neural,left,Fold_3,lstm,SiCo06,0,0,0.4334911108016968,Control,Control
feature_neural,left,Fold_3,lstm,SiCo11,0,0,0.3747249245643616,Control,Control
feature_neural,left,Fold_3,lstm,SiCo23,0,0,0.3598299026489258,Control,Control
feature_neural,left,Fold_3,lstm,SiPt33,1,0,0.42586737871170044,Patient,Control
feature_neural,left,Fold_3,lstm,SiPt38,1,0,0.37205007672309875,Patient,Control
feature_neural,left,Fold_3,gru,GaCo03,0,0,0.3768262565135956,Control,Control
feature_neural,left,Fold_3,gru,GaCo08,0,1,0.5730342864990234,Control,Patient
feature_neural,left,Fold_3,gru,GaCo17,0,0,0.28707900643348694,Control,Control
feature_neural,left,Fold_3,gru,GaPt05,1,1,0.5393964052200317,Patient,Patient
feature_neural,left,Fold_3,gru,GaPt07,1,1,0.7856642603874207,Patient,Patient
feature_neural,left,Fold_3,gru,GaPt16,1,1,0.7411443591117859,Patient,Patient
feature_neural,left,Fold_3,gru,GaPt19,1,1,0.5318548083305359,Patient,Patient
feature_neural,left,Fold_3,gru,GaPt27,1,1,0.7818950414657593,Patient,Patient
feature_neural,left,Fold_3,gru,GaPt28,1,1,0.8045533299446106,Patient,Patient
feature_neural,left,Fold_3,gru,JuCo01,0,0,0.45001548528671265,Control,Control
feature_neural,left,Fold_3,gru,JuCo04,0,0,0.3596625030040741,Control,Control
feature_neural,left,Fold_3,gru,JuCo14,0,1,0.6665195226669312,Control,Patient
feature_neural,left,Fold_3,gru,JuCo17,0,0,0.3964438736438751,Control,Control
feature_neural,left,Fold_3,gru,JuPt05,1,0,0.27130061388015747,Patient,Control
feature_neural,left,Fold_3,gru,JuPt07,1,0,0.29667988419532776,Patient,Control
feature_neural,left,Fold_3,gru,SiCo06,0,0,0.2963290214538574,Control,Control
feature_neural,left,Fold_3,gru,SiCo11,0,0,0.33452102541923523,Control,Control
feature_neural,left,Fold_3,gru,SiCo23,0,0,0.2780276834964752,Control,Control
feature_neural,left,Fold_3,gru,SiPt33,1,0,0.2924143373966217,Patient,Control
feature_neural,left,Fold_3,gru,SiPt38,1,0,0.3117930293083191,Patient,Control
feature_neural,left,Fold_3,patchtst,GaCo03,0,0,0.15555693209171295,Control,Control
feature_neural,left,Fold_3,patchtst,GaCo08,0,1,0.8019216656684875,Control,Patient
feature_neural,left,Fold_3,patchtst,GaCo17,0,0,0.1441265344619751,Control,Control
feature_neural,left,Fold_3,patchtst,GaPt05,1,1,0.8207957148551941,Patient,Patient
feature_neural,left,Fold_3,patchtst,GaPt07,1,1,0.851306676864624,Patient,Patient
feature_neural,left,Fold_3,patchtst,GaPt16,1,1,0.7469582557678223,Patient,Patient
feature_neural,left,Fold_3,patchtst,GaPt19,1,0,0.28903722763061523,Patient,Control
feature_neural,left,Fold_3,patchtst,GaPt27,1,1,0.6280767321586609,Patient,Patient
feature_neural,left,Fold_3,patchtst,GaPt28,1,1,0.8375880718231201,Patient,Patient
feature_neural,left,Fold_3,patchtst,JuCo01,0,0,0.17269259691238403,Control,Control
feature_neural,left,Fold_3,patchtst,JuCo04,0,0,0.14294186234474182,Control,Control
feature_neural,left,Fold_3,patchtst,JuCo14,0,1,0.6069323420524597,Control,Patient
feature_neural,left,Fold_3,patchtst,JuCo17,0,0,0.15721242129802704,Control,Control
feature_neural,left,Fold_3,patchtst,JuPt05,1,1,0.815217912197113,Patient,Patient
feature_neural,left,Fold_3,patchtst,JuPt07,1,0,0.4916727542877197,Patient,Control
feature_neural,left,Fold_3,patchtst,SiCo06,0,1,0.7442946434020996,Control,Patient
feature_neural,left,Fold_3,patchtst,SiCo11,0,0,0.1518229842185974,Control,Control
feature_neural,left,Fold_3,patchtst,SiCo23,0,1,0.7800882458686829,Control,Patient
feature_neural,left,Fold_3,patchtst,SiPt33,1,1,0.794196605682373,Patient,Patient
feature_neural,left,Fold_3,patchtst,SiPt38,1,1,0.7695434093475342,Patient,Patient
feature_neural,right,Fold_3,resnet1d,GaCo03,0,0,0.32626867294311523,Control,Control
feature_neural,right,Fold_3,resnet1d,GaCo08,0,1,0.5576874017715454,Control,Patient
feature_neural,right,Fold_3,resnet1d,GaCo17,0,0,0.3132953643798828,Control,Control
feature_neural,right,Fold_3,resnet1d,GaPt05,1,1,0.6086215972900391,Patient,Patient
feature_neural,right,Fold_3,resnet1d,GaPt07,1,1,0.8575894236564636,Patient,Patient
feature_neural,right,Fold_3,resnet1d,GaPt16,1,1,0.5455322861671448,Patient,Patient
feature_neural,right,Fold_3,resnet1d,GaPt19,1,0,0.46940508484840393,Patient,Control
feature_neural,right,Fold_3,resnet1d,GaPt27,1,1,0.5061804056167603,Patient,Patient
feature_neural,right,Fold_3,resnet1d,GaPt28,1,1,0.7094988822937012,Patient,Patient
feature_neural,right,Fold_3,resnet1d,JuCo01,0,0,0.4204961359500885,Control,Control
feature_neural,right,Fold_3,resnet1d,JuCo04,0,0,0.3811505436897278,Control,Control
feature_neural,right,Fold_3,resnet1d,JuCo14,0,1,0.501582682132721,Control,Patient
feature_neural,right,Fold_3,resnet1d,JuCo17,0,0,0.4171046316623688,Control,Control
feature_neural,right,Fold_3,resnet1d,JuPt05,1,1,0.5727056860923767,Patient,Patient
feature_neural,right,Fold_3,resnet1d,JuPt07,1,1,0.5463695526123047,Patient,Patient
feature_neural,right,Fold_3,resnet1d,SiCo06,0,1,0.5492145419120789,Control,Patient
feature_neural,right,Fold_3,resnet1d,SiCo11,0,0,0.2624666392803192,Control,Control
feature_neural,right,Fold_3,resnet1d,SiCo23,0,1,0.5235090851783752,Control,Patient
feature_neural,right,Fold_3,resnet1d,SiPt33,1,1,0.5487813353538513,Patient,Patient
feature_neural,right,Fold_3,resnet1d,SiPt38,1,1,0.5364367365837097,Patient,Patient
feature_neural,right,Fold_3,lstm,GaCo03,0,1,0.5164045691490173,Control,Patient
feature_neural,right,Fold_3,lstm,GaCo08,0,1,0.5466779470443726,Control,Patient
feature_neural,right,Fold_3,lstm,GaCo17,0,0,0.31213435530662537,Control,Control
feature_neural,right,Fold_3,lstm,GaPt05,1,0,0.4643777012825012,Patient,Control
feature_neural,right,Fold_3,lstm,GaPt07,1,1,0.7908322811126709,Patient,Patient
feature_neural,right,Fold_3,lstm,GaPt16,1,1,0.6650448441505432,Patient,Patient
feature_neural,right,Fold_3,lstm,GaPt19,1,0,0.4534706175327301,Patient,Control
feature_neural,right,Fold_3,lstm,GaPt27,1,1,0.6103060245513916,Patient,Patient
feature_neural,right,Fold_3,lstm,GaPt28,1,1,0.6680282950401306,Patient,Patient
feature_neural,right,Fold_3,lstm,JuCo01,0,0,0.3767436146736145,Control,Control
feature_neural,right,Fold_3,lstm,JuCo04,0,0,0.35910922288894653,Control,Control
feature_neural,right,Fold_3,lstm,JuCo14,0,1,0.5862817764282227,Control,Patient
feature_neural,right,Fold_3,lstm,JuCo17,0,0,0.3329772353172302,Control,Control
feature_neural,right,Fold_3,lstm,JuPt05,1,0,0.38807058334350586,Patient,Control
feature_neural,right,Fold_3,lstm,JuPt07,1,0,0.4220135807991028,Patient,Control
feature_neural,right,Fold_3,lstm,SiCo06,0,0,0.3822159171104431,Control,Control
feature_neural,right,Fold_3,lstm,SiCo11,0,0,0.3416663706302643,Control,Control
feature_neural,right,Fold_3,lstm,SiCo23,0,0,0.3436325490474701,Control,Control
feature_neural,right,Fold_3,lstm,SiPt33,1,0,0.38092246651649475,Patient,Control
feature_neural,right,Fold_3,lstm,SiPt38,1,0,0.3287424147129059,Patient,Control
feature_neural,right,Fold_3,gru,GaCo03,0,1,0.6435009241104126,Control,Patient
feature_neural,right,Fold_3,gru,GaCo08,0,1,0.6780034303665161,Control,Patient
feature_neural,right,Fold_3,gru,GaCo17,0,0,0.2534780502319336,Control,Control
feature_neural,right,Fold_3,gru,GaPt05,1,1,0.5812427401542664,Patient,Patient
feature_neural,right,Fold_3,gru,GaPt07,1,1,0.8809429407119751,Patient,Patient
feature_neural,right,Fold_3,gru,GaPt16,1,1,0.680279552936554,Patient,Patient
feature_neural,right,Fold_3,gru,GaPt19,1,0,0.4745892584323883,Patient,Control
feature_neural,right,Fold_3,gru,GaPt27,1,1,0.6158941984176636,Patient,Patient
feature_neural,right,Fold_3,gru,GaPt28,1,1,0.7872908711433411,Patient,Patient
feature_neural,right,Fold_3,gru,JuCo01,0,0,0.4176683723926544,Control,Control
feature_neural,right,Fold_3,gru,JuCo04,0,0,0.4114720821380615,Control,Control
feature_neural,right,Fold_3,gru,JuCo14,0,1,0.5128127336502075,Control,Patient
feature_neural,right,Fold_3,gru,JuCo17,0,0,0.26431065797805786,Control,Control
feature_neural,right,Fold_3,gru,JuPt05,1,0,0.27226129174232483,Patient,Control
feature_neural,right,Fold_3,gru,JuPt07,1,0,0.2845406234264374,Patient,Control
feature_neural,right,Fold_3,gru,SiCo06,0,0,0.27013617753982544,Control,Control
feature_neural,right,Fold_3,gru,SiCo11,0,0,0.30816414952278137,Control,Control
feature_neural,right,Fold_3,gru,SiCo23,0,0,0.2471974492073059,Control,Control
feature_neural,right,Fold_3,gru,SiPt33,1,0,0.3163106441497803,Patient,Control
feature_neural,right,Fold_3,gru,SiPt38,1,0,0.2521848678588867,Patient,Control
feature_neural,right,Fold_3,patchtst,GaCo03,0,0,0.12515616416931152,Control,Control
feature_neural,right,Fold_3,patchtst,GaCo08,0,1,0.6677820086479187,Control,Patient
feature_neural,right,Fold_3,patchtst,GaCo17,0,0,0.07309101521968842,Control,Control
feature_neural,right,Fold_3,patchtst,GaPt05,1,1,0.7787603139877319,Patient,Patient
feature_neural,right,Fold_3,patchtst,GaPt07,1,1,0.8512017726898193,Patient,Patient
feature_neural,right,Fold_3,patchtst,GaPt16,1,1,0.6994365453720093,Patient,Patient
feature_neural,right,Fold_3,patchtst,GaPt19,1,1,0.747646689414978,Patient,Patient
feature_neural,right,Fold_3,patchtst,GaPt27,1,1,0.8502949476242065,Patient,Patient
feature_neural,right,Fold_3,patchtst,GaPt28,1,1,0.872683048248291,Patient,Patient
feature_neural,right,Fold_3,patchtst,JuCo01,0,0,0.12656395137310028,Control,Control
feature_neural,right,Fold_3,patchtst,JuCo04,0,0,0.07209998369216919,Control,Control
feature_neural,right,Fold_3,patchtst,JuCo14,0,0,0.3188241720199585,Control,Control
feature_neural,right,Fold_3,patchtst,JuCo17,0,0,0.07501143962144852,Control,Control
feature_neural,right,Fold_3,patchtst,JuPt05,1,1,0.8408756852149963,Patient,Patient
feature_neural,right,Fold_3,patchtst,JuPt07,1,1,0.6554704904556274,Patient,Patient
feature_neural,right,Fold_3,patchtst,SiCo06,0,1,0.5256629586219788,Control,Patient
feature_neural,right,Fold_3,patchtst,SiCo11,0,0,0.0857563391327858,Control,Control
feature_neural,right,Fold_3,patchtst,SiCo23,0,1,0.8021900653839111,Control,Patient
feature_neural,right,Fold_3,patchtst,SiPt33,1,1,0.7891829013824463,Patient,Patient
feature_neural,right,Fold_3,patchtst,SiPt38,1,1,0.7245437502861023,Patient,Patient
feature_neural,combined,Fold_3,resnet1d,GaCo03,0,0,0.4083700180053711,Control,Control
feature_neural,combined,Fold_3,resnet1d,GaCo08,0,1,0.5303077101707458,Control,Patient
feature_neural,combined,Fold_3,resnet1d,GaCo17,0,0,0.4064546525478363,Control,Control
feature_neural,combined,Fold_3,resnet1d,GaPt05,1,1,0.553477942943573,Patient,Patient
feature_neural,combined,Fold_3,resnet1d,GaPt07,1,1,0.5754386782646179,Patient,Patient
feature_neural,combined,Fold_3,resnet1d,GaPt16,1,1,0.5232012271881104,Patient,Patient
feature_neural,combined,Fold_3,resnet1d,GaPt19,1,0,0.49103808403015137,Patient,Control
feature_neural,combined,Fold_3,resnet1d,GaPt27,1,1,0.5154004693031311,Patient,Patient
feature_neural,combined,Fold_3,resnet1d,GaPt28,1,1,0.5704341530799866,Patient,Patient
feature_neural,combined,Fold_3,resnet1d,JuCo01,0,0,0.43610692024230957,Control,Control
feature_neural,combined,Fold_3,resnet1d,JuCo04,0,0,0.4452974200248718,Control,Control
feature_neural,combined,Fold_3,resnet1d,JuCo14,0,0,0.493539959192276,Control,Control
feature_neural,combined,Fold_3,resnet1d,JuCo17,0,0,0.43416860699653625,Control,Control
feature_neural,combined,Fold_3,resnet1d,JuPt05,1,1,0.5489271879196167,Patient,Patient
feature_neural,combined,Fold_3,resnet1d,JuPt07,1,0,0.47971075773239136,Patient,Control
feature_neural,combined,Fold_3,resnet1d,SiCo06,0,1,0.5347201824188232,Control,Patient
feature_neural,combined,Fold_3,resnet1d,SiCo11,0,0,0.3031662404537201,Control,Control
feature_neural,combined,Fold_3,resnet1d,SiCo23,0,1,0.5496845245361328,Control,Patient
feature_neural,combined,Fold_3,resnet1d,SiPt33,1,1,0.5380858778953552,Patient,Patient
feature_neural,combined,Fold_3,resnet1d,SiPt38,1,1,0.5343049764633179,Patient,Patient
feature_neural,combined,Fold_3,lstm,GaCo03,0,1,0.5164045691490173,Control,Patient
feature_neural,combined,Fold_3,lstm,GaCo08,0,1,0.5466779470443726,Control,Patient
feature_neural,combined,Fold_3,lstm,GaCo17,0,0,0.31213435530662537,Control,Control
feature_neural,combined,Fold_3,lstm,GaPt05,1,0,0.4643777012825012,Patient,Control
feature_neural,combined,Fold_3,lstm,GaPt07,1,1,0.7908322811126709,Patient,Patient
feature_neural,combined,Fold_3,lstm,GaPt16,1,1,0.6650448441505432,Patient,Patient
feature_neural,combined,Fold_3,lstm,GaPt19,1,0,0.4534706175327301,Patient,Control
feature_neural,combined,Fold_3,lstm,GaPt27,1,1,0.6103060245513916,Patient,Patient
feature_neural,combined,Fold_3,lstm,GaPt28,1,1,0.6680282950401306,Patient,Patient
feature_neural,combined,Fold_3,lstm,JuCo01,0,0,0.3767436444759369,Control,Control
feature_neural,combined,Fold_3,lstm,JuCo04,0,0,0.35910919308662415,Control,Control
feature_neural,combined,Fold_3,lstm,JuCo14,0,1,0.5862817764282227,Control,Patient
feature_neural,combined,Fold_3,lstm,JuCo17,0,0,0.33297720551490784,Control,Control
feature_neural,combined,Fold_3,lstm,JuPt05,1,0,0.3880705237388611,Patient,Control
feature_neural,combined,Fold_3,lstm,JuPt07,1,0,0.4220135807991028,Patient,Control
feature_neural,combined,Fold_3,lstm,SiCo06,0,0,0.3822159171104431,Control,Control
feature_neural,combined,Fold_3,lstm,SiCo11,0,0,0.34166643023490906,Control,Control
feature_neural,combined,Fold_3,lstm,SiCo23,0,0,0.3436325490474701,Control,Control
feature_neural,combined,Fold_3,lstm,SiPt33,1,0,0.38092240691185,Patient,Control
feature_neural,combined,Fold_3,lstm,SiPt38,1,0,0.3287424147129059,Patient,Control
feature_neural,combined,Fold_3,gru,GaCo03,0,0,0.35861679911613464,Control,Control
feature_neural,combined,Fold_3,gru,GaCo08,0,1,0.5178024172782898,Control,Patient
feature_neural,combined,Fold_3,gru,GaCo17,0,0,0.3051024079322815,Control,Control
feature_neural,combined,Fold_3,gru,GaPt05,1,1,0.5392937660217285,Patient,Patient
feature_neural,combined,Fold_3,gru,GaPt07,1,1,0.7095335125923157,Patient,Patient
feature_neural,combined,Fold_3,gru,GaPt16,1,1,0.7093172669410706,Patient,Patient
feature_neural,combined,Fold_3,gru,GaPt19,1,0,0.4775368571281433,Patient,Control
feature_neural,combined,Fold_3,gru,GaPt27,1,1,0.7232884168624878,Patient,Patient
feature_neural,combined,Fold_3,gru,GaPt28,1,1,0.7157313823699951,Patient,Patient
feature_neural,combined,Fold_3,gru,JuCo01,0,0,0.36586371064186096,Control,Control
feature_neural,combined,Fold_3,gru,JuCo04,0,0,0.33375120162963867,Control,Control
feature_neural,combined,Fold_3,gru,JuCo14,0,1,0.6582517027854919,Control,Patient
feature_neural,combined,Fold_3,gru,JuCo17,0,0,0.35361719131469727,Control,Control
feature_neural,combined,Fold_3,gru,JuPt05,1,0,0.30274704098701477,Patient,Control
feature_neural,combined,Fold_3,gru,JuPt07,1,0,0.3041854202747345,Patient,Control
feature_neural,combined,Fold_3,gru,SiCo06,0,0,0.3211272954940796,Control,Control
feature_neural,combined,Fold_3,gru,SiCo11,0,0,0.31045812368392944,Control,Control
feature_neural,combined,Fold_3,gru,SiCo23,0,0,0.3115481734275818,Control,Control
feature_neural,combined,Fold_3,gru,SiPt33,1,0,0.3117777407169342,Patient,Control
feature_neural,combined,Fold_3,gru,SiPt38,1,0,0.3226609230041504,Patient,Control
feature_neural,combined,Fold_3,patchtst,GaCo03,0,0,0.07042688131332397,Control,Control
feature_neural,combined,Fold_3,patchtst,GaCo08,0,1,0.628341019153595,Control,Patient
feature_neural,combined,Fold_3,patchtst,GaCo17,0,0,0.09620099514722824,Control,Control
feature_neural,combined,Fold_3,patchtst,GaPt05,1,1,0.7570769786834717,Patient,Patient
feature_neural,combined,Fold_3,patchtst,GaPt07,1,1,0.8930419087409973,Patient,Patient
feature_neural,combined,Fold_3,patchtst,GaPt16,1,1,0.5118651986122131,Patient,Patient
feature_neural,combined,Fold_3,patchtst,GaPt19,1,0,0.2865958511829376,Patient,Control
feature_neural,combined,Fold_3,patchtst,GaPt27,1,1,0.6459370851516724,Patient,Patient
feature_neural,combined,Fold_3,patchtst,GaPt28,1,1,0.8850922584533691,Patient,Patient
feature_neural,combined,Fold_3,patchtst,JuCo01,0,0,0.05803199112415314,Control,Control
feature_neural,combined,Fold_3,patchtst,JuCo04,0,0,0.05021282657980919,Control,Control
feature_neural,combined,Fold_3,patchtst,JuCo14,0,0,0.4326917231082916,Control,Control
feature_neural,combined,Fold_3,patchtst,JuCo17,0,0,0.04614202305674553,Control,Control
feature_neural,combined,Fold_3,patchtst,JuPt05,1,1,0.5825377702713013,Patient,Patient
feature_neural,combined,Fold_3,patchtst,JuPt07,1,1,0.6124697923660278,Patient,Patient
feature_neural,combined,Fold_3,patchtst,SiCo06,0,0,0.232845276594162,Control,Control
feature_neural,combined,Fold_3,patchtst,SiCo11,0,0,0.08482757210731506,Control,Control
feature_neural,combined,Fold_3,patchtst,SiCo23,0,1,0.6371362209320068,Control,Patient
feature_neural,combined,Fold_3,patchtst,SiPt33,1,1,0.5754960775375366,Patient,Patient
feature_neural,combined,Fold_3,patchtst,SiPt38,1,0,0.20863379538059235,Patient,Control
feature_neural,enhanced,Fold_3,resnet1d,GaCo03,0,0,0.2580282688140869,Control,Control
feature_neural,enhanced,Fold_3,resnet1d,GaCo08,0,1,0.6242597699165344,Control,Patient
feature_neural,enhanced,Fold_3,resnet1d,GaCo17,0,0,0.26080965995788574,Control,Control
feature_neural,enhanced,Fold_3,resnet1d,GaPt05,1,1,0.6929525136947632,Patient,Patient
feature_neural,enhanced,Fold_3,resnet1d,GaPt07,1,1,0.8632546663284302,Patient,Patient
feature_neural,enhanced,Fold_3,resnet1d,GaPt16,1,1,0.5879858732223511,Patient,Patient
feature_neural,enhanced,Fold_3,resnet1d,GaPt19,1,1,0.5141937732696533,Patient,Patient
feature_neural,enhanced,Fold_3,resnet1d,GaPt27,1,1,0.5902413129806519,Patient,Patient
feature_neural,enhanced,Fold_3,resnet1d,GaPt28,1,1,0.7959470152854919,Patient,Patient
feature_neural,enhanced,Fold_3,resnet1d,JuCo01,0,0,0.3935627341270447,Control,Control
feature_neural,enhanced,Fold_3,resnet1d,JuCo04,0,0,0.40436121821403503,Control,Control
feature_neural,enhanced,Fold_3,resnet1d,JuCo14,0,1,0.5573036670684814,Control,Patient
feature_neural,enhanced,Fold_3,resnet1d,JuCo17,0,0,0.3521878719329834,Control,Control
feature_neural,enhanced,Fold_3,resnet1d,JuPt05,1,1,0.7028058767318726,Patient,Patient
feature_neural,enhanced,Fold_3,resnet1d,JuPt07,1,1,0.5167537331581116,Patient,Patient
feature_neural,enhanced,Fold_3,resnet1d,SiCo06,0,1,0.6131760478019714,Control,Patient
feature_neural,enhanced,Fold_3,resnet1d,SiCo11,0,0,0.0958925411105156,Control,Control
feature_neural,enhanced,Fold_3,resnet1d,SiCo23,0,1,0.6574172973632812,Control,Patient
feature_neural,enhanced,Fold_3,resnet1d,SiPt33,1,1,0.616558849811554,Patient,Patient
feature_neural,enhanced,Fold_3,resnet1d,SiPt38,1,1,0.6282559633255005,Patient,Patient
feature_neural,enhanced,Fold_3,lstm,GaCo03,0,1,0.7720857262611389,Control,Patient
feature_neural,enhanced,Fold_3,lstm,GaCo08,0,1,0.7499422430992126,Control,Patient
feature_neural,enhanced,Fold_3,lstm,GaCo17,0,0,0.24747906625270844,Control,Control
feature_neural,enhanced,Fold_3,lstm,GaPt05,1,1,0.5223840475082397,Patient,Patient
feature_neural,enhanced,Fold_3,lstm,GaPt07,1,1,0.8351536393165588,Patient,Patient
feature_neural,enhanced,Fold_3,lstm,GaPt16,1,1,0.6349073648452759,Patient,Patient
feature_neural,enhanced,Fold_3,lstm,GaPt19,1,1,0.7440499663352966,Patient,Patient
feature_neural,enhanced,Fold_3,lstm,GaPt27,1,1,0.5442006587982178,Patient,Patient
feature_neural,enhanced,Fold_3,lstm,GaPt28,1,1,0.7366330027580261,Patient,Patient
feature_neural,enhanced,Fold_3,lstm,JuCo01,0,1,0.7248462438583374,Control,Patient
feature_neural,enhanced,Fold_3,lstm,JuCo04,0,1,0.6125436425209045,Control,Patient
feature_neural,enhanced,Fold_3,lstm,JuCo14,0,0,0.28030896186828613,Control,Control
feature_neural,enhanced,Fold_3,lstm,JuCo17,0,0,0.21842430531978607,Control,Control
feature_neural,enhanced,Fold_3,lstm,JuPt05,1,0,0.2595745623111725,Patient,Control
feature_neural,enhanced,Fold_3,lstm,JuPt07,1,0,0.2867138981819153,Patient,Control
feature_neural,enhanced,Fold_3,lstm,SiCo06,0,0,0.21574346721172333,Control,Control
feature_neural,enhanced,Fold_3,lstm,SiCo11,0,0,0.2220643311738968,Control,Control
feature_neural,enhanced,Fold_3,lstm,SiCo23,0,1,0.5224197506904602,Control,Patient
feature_neural,enhanced,Fold_3,lstm,SiPt33,1,0,0.43527501821517944,Patient,Control
feature_neural,enhanced,Fold_3,lstm,SiPt38,1,1,0.6737277507781982,Patient,Patient
feature_neural,enhanced,Fold_3,gru,GaCo03,0,1,0.7782260775566101,Control,Patient
feature_neural,enhanced,Fold_3,gru,GaCo08,0,1,0.7599250078201294,Control,Patient
feature_neural,enhanced,Fold_3,gru,GaCo17,0,0,0.1886664628982544,Control,Control
feature_neural,enhanced,Fold_3,gru,GaPt05,1,1,0.6149421334266663,Patient,Patient
feature_neural,enhanced,Fold_3,gru,GaPt07,1,1,0.7956510782241821,Patient,Patient
feature_neural,enhanced,Fold_3,gru,GaPt16,1,1,0.5835532546043396,Patient,Patient
feature_neural,enhanced,Fold_3,gru,GaPt19,1,1,0.7790369987487793,Patient,Patient
feature_neural,enhanced,Fold_3,gru,GaPt27,1,1,0.553385853767395,Patient,Patient
feature_neural,enhanced,Fold_3,gru,GaPt28,1,1,0.7133984565734863,Patient,Patient
feature_neural,enhanced,Fold_3,gru,JuCo01,0,1,0.7614712715148926,Control,Patient
feature_neural,enhanced,Fold_3,gru,JuCo04,0,1,0.6026920676231384,Control,Patient
feature_neural,enhanced,Fold_3,gru,JuCo14,0,0,0.2328241914510727,Control,Control
feature_neural,enhanced,Fold_3,gru,JuCo17,0,0,0.1669633388519287,Control,Control
feature_neural,enhanced,Fold_3,gru,JuPt05,1,0,0.26193681359291077,Patient,Control
feature_neural,enhanced,Fold_3,gru,JuPt07,1,1,0.5376294851303101,Patient,Patient
feature_neural,enhanced,Fold_3,gru,SiCo06,0,0,0.18486690521240234,Control,Control
feature_neural,enhanced,Fold_3,gru,SiCo11,0,0,0.2888433635234833,Control,Control
feature_neural,enhanced,Fold_3,gru,SiCo23,0,1,0.5703595876693726,Control,Patient
feature_neural,enhanced,Fold_3,gru,SiPt33,1,1,0.5322999954223633,Patient,Patient
feature_neural,enhanced,Fold_3,gru,SiPt38,1,1,0.7033976912498474,Patient,Patient
feature_neural,enhanced,Fold_3,patchtst,GaCo03,0,0,0.16685175895690918,Control,Control
feature_neural,enhanced,Fold_3,patchtst,GaCo08,0,1,0.6616480350494385,Control,Patient
feature_neural,enhanced,Fold_3,patchtst,GaCo17,0,0,0.09927143901586533,Control,Control
feature_neural,enhanced,Fold_3,patchtst,GaPt05,1,1,0.691644012928009,Patient,Patient
feature_neural,enhanced,Fold_3,patchtst,GaPt07,1,1,0.8016509413719177,Patient,Patient
feature_neural,enhanced,Fold_3,patchtst,GaPt16,1,1,0.8336620926856995,Patient,Patient
feature_neural,enhanced,Fold_3,patchtst,GaPt19,1,1,0.6434645652770996,Patient,Patient
feature_neural,enhanced,Fold_3,patchtst,GaPt27,1,1,0.6911224722862244,Patient,Patient
feature_neural,enhanced,Fold_3,patchtst,GaPt28,1,1,0.7625556588172913,Patient,Patient
feature_neural,enhanced,Fold_3,patchtst,JuCo01,0,0,0.08896886557340622,Control,Control
feature_neural,enhanced,Fold_3,patchtst,JuCo04,0,0,0.09798188507556915,Control,Control
feature_neural,enhanced,Fold_3,patchtst,JuCo14,0,0,0.39023357629776,Control,Control
feature_neural,enhanced,Fold_3,patchtst,JuCo17,0,0,0.09368954598903656,Control,Control
feature_neural,enhanced,Fold_3,patchtst,JuPt05,1,1,0.6868880987167358,Patient,Patient
feature_neural,enhanced,Fold_3,patchtst,JuPt07,1,1,0.6399097442626953,Patient,Patient
feature_neural,enhanced,Fold_3,patchtst,SiCo06,0,1,0.5901182293891907,Control,Patient
feature_neural,enhanced,Fold_3,patchtst,SiCo11,0,0,0.12683865427970886,Control,Control
feature_neural,enhanced,Fold_3,patchtst,SiCo23,0,1,0.6513886451721191,Control,Patient
feature_neural,enhanced,Fold_3,patchtst,SiPt33,1,1,0.6720845103263855,Patient,Patient
feature_neural,enhanced,Fold_3,patchtst,SiPt38,1,1,0.584446132183075,Patient,Patient
feature_neural,left,Fold_4,resnet1d,GaCo02,0,0,0.311088502407074,Control,Control
feature_neural,left,Fold_4,resnet1d,GaCo09,0,0,0.47237080335617065,Control,Control
feature_neural,left,Fold_4,resnet1d,GaPt04,1,1,0.6138141751289368,Patient,Patient
feature_neural,left,Fold_4,resnet1d,GaPt09,1,1,0.5188224911689758,Patient,Patient
feature_neural,left,Fold_4,resnet1d,GaPt31,1,0,0.49045678973197937,Patient,Control
feature_neural,left,Fold_4,resnet1d,JuCo19,0,0,0.3660220801830292,Control,Control
feature_neural,left,Fold_4,resnet1d,JuCo20,0,0,0.42155784368515015,Control,Control
feature_neural,left,Fold_4,resnet1d,JuCo21,0,0,0.47505226731300354,Control,Control
feature_neural,left,Fold_4,resnet1d,JuPt03,1,1,0.5693832039833069,Patient,Patient
feature_neural,left,Fold_4,resnet1d,JuPt12,1,1,0.5674712657928467,Patient,Patient
feature_neural,left,Fold_4,resnet1d,JuPt13,1,1,0.706994354724884,Patient,Patient
feature_neural,left,Fold_4,resnet1d,JuPt14,1,1,0.6656366586685181,Patient,Patient
feature_neural,left,Fold_4,resnet1d,JuPt19,1,1,0.5483973622322083,Patient,Patient
feature_neural,left,Fold_4,resnet1d,SiCo01,0,1,0.5936782956123352,Control,Patient
feature_neural,left,Fold_4,resnet1d,SiCo05,0,0,0.2738528847694397,Control,Control
feature_neural,left,Fold_4,resnet1d,SiCo13,0,0,0.38016849756240845,Control,Control
feature_neural,left,Fold_4,resnet1d,SiCo25,0,0,0.428011417388916,Control,Control
feature_neural,left,Fold_4,resnet1d,SiCo26,0,1,0.548227071762085,Control,Patient
feature_neural,left,Fold_4,resnet1d,SiPt14,1,1,0.6515254378318787,Patient,Patient
feature_neural,left,Fold_4,resnet1d,SiPt39,1,0,0.4459734857082367,Patient,Control
feature_neural,left,Fold_4,lstm,GaCo02,0,0,0.30785071849823,Control,Control
feature_neural,left,Fold_4,lstm,GaCo09,0,0,0.44289320707321167,Control,Control
feature_neural,left,Fold_4,lstm,GaPt04,1,1,0.5677013397216797,Patient,Patient
feature_neural,left,Fold_4,lstm,GaPt09,1,1,0.5018243193626404,Patient,Patient
feature_neural,left,Fold_4,lstm,GaPt31,1,1,0.5322866439819336,Patient,Patient
feature_neural,left,Fold_4,lstm,JuCo19,0,0,0.34475064277648926,Control,Control
feature_neural,left,Fold_4,lstm,JuCo20,0,0,0.48101285099983215,Control,Control
feature_neural,left,Fold_4,lstm,JuCo21,0,0,0.41549038887023926,Control,Control
feature_neural,left,Fold_4,lstm,JuPt03,1,1,0.5053714513778687,Patient,Patient
feature_neural,left,Fold_4,lstm,JuPt12,1,0,0.49817800521850586,Patient,Control
feature_neural,left,Fold_4,lstm,JuPt13,1,1,0.6763508915901184,Patient,Patient
feature_neural,left,Fold_4,lstm,JuPt14,1,1,0.6350842118263245,Patient,Patient
feature_neural,left,Fold_4,lstm,JuPt19,1,1,0.5300853848457336,Patient,Patient
feature_neural,left,Fold_4,lstm,SiCo01,0,1,0.5028837323188782,Control,Patient
feature_neural,left,Fold_4,lstm,SiCo05,0,0,0.31778982281684875,Control,Control
feature_neural,left,Fold_4,lstm,SiCo13,0,0,0.38243451714515686,Control,Control
feature_neural,left,Fold_4,lstm,SiCo25,0,0,0.3620222508907318,Control,Control
feature_neural,left,Fold_4,lstm,SiCo26,0,0,0.48726364970207214,Control,Control
feature_neural,left,Fold_4,lstm,SiPt14,1,1,0.5942465662956238,Patient,Patient
feature_neural,left,Fold_4,lstm,SiPt39,1,1,0.5560780167579651,Patient,Patient
feature_neural,left,Fold_4,gru,GaCo02,0,0,0.4071144163608551,Control,Control
feature_neural,left,Fold_4,gru,GaCo09,0,0,0.49985459446907043,Control,Control
feature_neural,left,Fold_4,gru,GaPt04,1,1,0.6806096434593201,Patient,Patient
feature_neural,left,Fold_4,gru,GaPt09,1,1,0.5277841091156006,Patient,Patient
feature_neural,left,Fold_4,gru,GaPt31,1,1,0.6075161099433899,Patient,Patient
feature_neural,left,Fold_4,gru,JuCo19,0,0,0.3907175362110138,Control,Control
feature_neural,left,Fold_4,gru,JuCo20,0,0,0.44798141717910767,Control,Control
feature_neural,left,Fold_4,gru,JuCo21,0,1,0.5241499543190002,Control,Patient
feature_neural,left,Fold_4,gru,JuPt03,1,1,0.5310885906219482,Patient,Patient
feature_neural,left,Fold_4,gru,JuPt12,1,0,0.4033350646495819,Patient,Control
feature_neural,left,Fold_4,gru,JuPt13,1,1,0.6372851133346558,Patient,Patient
feature_neural,left,Fold_4,gru,JuPt14,1,1,0.5066561698913574,Patient,Patient
feature_neural,left,Fold_4,gru,JuPt19,1,0,0.47210803627967834,Patient,Control
feature_neural,left,Fold_4,gru,SiCo01,0,1,0.5019012093544006,Control,Patient
feature_neural,left,Fold_4,gru,SiCo05,0,0,0.4825228750705719,Control,Control
feature_neural,left,Fold_4,gru,SiCo13,0,1,0.5484610199928284,Control,Patient
feature_neural,left,Fold_4,gru,SiCo25,0,0,0.4943212568759918,Control,Control
feature_neural,left,Fold_4,gru,SiCo26,0,1,0.5143081545829773,Control,Patient
feature_neural,left,Fold_4,gru,SiPt14,1,0,0.4972039461135864,Patient,Control
feature_neural,left,Fold_4,gru,SiPt39,1,1,0.5354341864585876,Patient,Patient
feature_neural,left,Fold_4,patchtst,GaCo02,0,0,0.05147475749254227,Control,Control
feature_neural,left,Fold_4,patchtst,GaCo09,0,0,0.421884149312973,Control,Control
feature_neural,left,Fold_4,patchtst,GaPt04,1,1,0.7794166207313538,Patient,Patient
feature_neural,left,Fold_4,patchtst,GaPt09,1,1,0.657994270324707,Patient,Patient
feature_neural,left,Fold_4,patchtst,GaPt31,1,0,0.46770453453063965,Patient,Control
feature_neural,left,Fold_4,patchtst,JuCo19,0,0,0.09225482493638992,Control,Control
feature_neural,left,Fold_4,patchtst,JuCo20,0,0,0.21561077237129211,Control,Control
feature_neural,left,Fold_4,patchtst,JuCo21,0,1,0.5178298950195312,Control,Patient
feature_neural,left,Fold_4,patchtst,JuPt03,1,1,0.7438203692436218,Patient,Patient
feature_neural,left,Fold_4,patchtst,JuPt12,1,1,0.7323891520500183,Patient,Patient
feature_neural,left,Fold_4,patchtst,JuPt13,1,1,0.8207717537879944,Patient,Patient
feature_neural,left,Fold_4,patchtst,JuPt14,1,1,0.8141187429428101,Patient,Patient
feature_neural,left,Fold_4,patchtst,JuPt19,1,1,0.7778053283691406,Patient,Patient
feature_neural,left,Fold_4,patchtst,SiCo01,0,1,0.7500103116035461,Control,Patient
feature_neural,left,Fold_4,patchtst,SiCo05,0,0,0.06989822536706924,Control,Control
feature_neural,left,Fold_4,patchtst,SiCo13,0,0,0.11301641166210175,Control,Control
feature_neural,left,Fold_4,patchtst,SiCo25,0,0,0.08928152918815613,Control,Control
feature_neural,left,Fold_4,patchtst,SiCo26,0,1,0.68589848279953,Control,Patient
feature_neural,left,Fold_4,patchtst,SiPt14,1,1,0.8091409206390381,Patient,Patient
feature_neural,left,Fold_4,patchtst,SiPt39,1,0,0.41303524374961853,Patient,Control
feature_neural,right,Fold_4,resnet1d,GaCo02,0,0,0.311088502407074,Control,Control
feature_neural,right,Fold_4,resnet1d,GaCo09,0,0,0.47237080335617065,Control,Control
feature_neural,right,Fold_4,resnet1d,GaPt04,1,1,0.6138141751289368,Patient,Patient
feature_neural,right,Fold_4,resnet1d,GaPt09,1,1,0.5188224911689758,Patient,Patient
feature_neural,right,Fold_4,resnet1d,GaPt31,1,0,0.49045678973197937,Patient,Control
feature_neural,right,Fold_4,resnet1d,JuCo19,0,0,0.3660220801830292,Control,Control
feature_neural,right,Fold_4,resnet1d,JuCo20,0,0,0.42155784368515015,Control,Control
feature_neural,right,Fold_4,resnet1d,JuCo21,0,0,0.47505226731300354,Control,Control
feature_neural,right,Fold_4,resnet1d,JuPt03,1,1,0.5693832039833069,Patient,Patient
feature_neural,right,Fold_4,resnet1d,JuPt12,1,1,0.5674712657928467,Patient,Patient
feature_neural,right,Fold_4,resnet1d,JuPt13,1,1,0.706994354724884,Patient,Patient
feature_neural,right,Fold_4,resnet1d,JuPt14,1,1,0.6656366586685181,Patient,Patient
feature_neural,right,Fold_4,resnet1d,JuPt19,1,1,0.5483973622322083,Patient,Patient
feature_neural,right,Fold_4,resnet1d,SiCo01,0,1,0.5936782956123352,Control,Patient
feature_neural,right,Fold_4,resnet1d,SiCo05,0,0,0.2738528847694397,Control,Control
feature_neural,right,Fold_4,resnet1d,SiCo13,0,0,0.38016849756240845,Control,Control
feature_neural,right,Fold_4,resnet1d,SiCo25,0,0,0.428011417388916,Control,Control
feature_neural,right,Fold_4,resnet1d,SiCo26,0,1,0.548227071762085,Control,Patient
feature_neural,right,Fold_4,resnet1d,SiPt14,1,1,0.6515254378318787,Patient,Patient
feature_neural,right,Fold_4,resnet1d,SiPt39,1,0,0.4459734857082367,Patient,Control
feature_neural,right,Fold_4,lstm,GaCo02,0,0,0.30785071849823,Control,Control
feature_neural,right,Fold_4,lstm,GaCo09,0,0,0.44289320707321167,Control,Control
feature_neural,right,Fold_4,lstm,GaPt04,1,1,0.5677013397216797,Patient,Patient
feature_neural,right,Fold_4,lstm,GaPt09,1,1,0.5018243193626404,Patient,Patient
feature_neural,right,Fold_4,lstm,GaPt31,1,1,0.5322866439819336,Patient,Patient
feature_neural,right,Fold_4,lstm,JuCo19,0,0,0.34475064277648926,Control,Control
feature_neural,right,Fold_4,lstm,JuCo20,0,0,0.48101285099983215,Control,Control
feature_neural,right,Fold_4,lstm,JuCo21,0,0,0.41549038887023926,Control,Control
feature_neural,right,Fold_4,lstm,JuPt03,1,1,0.5053714513778687,Patient,Patient
feature_neural,right,Fold_4,lstm,JuPt12,1,0,0.49817800521850586,Patient,Control
feature_neural,right,Fold_4,lstm,JuPt13,1,1,0.6763508915901184,Patient,Patient
feature_neural,right,Fold_4,lstm,JuPt14,1,1,0.6350842118263245,Patient,Patient
feature_neural,right,Fold_4,lstm,JuPt19,1,1,0.5300853848457336,Patient,Patient
feature_neural,right,Fold_4,lstm,SiCo01,0,1,0.5028837323188782,Control,Patient
feature_neural,right,Fold_4,lstm,SiCo05,0,0,0.31778982281684875,Control,Control
feature_neural,right,Fold_4,lstm,SiCo13,0,0,0.3824344873428345,Control,Control
feature_neural,right,Fold_4,lstm,SiCo25,0,0,0.3620222806930542,Control,Control
feature_neural,right,Fold_4,lstm,SiCo26,0,0,0.48726364970207214,Control,Control
feature_neural,right,Fold_4,lstm,SiPt14,1,1,0.594246506690979,Patient,Patient
feature_neural,right,Fold_4,lstm,SiPt39,1,1,0.5560780763626099,Patient,Patient
feature_neural,right,Fold_4,gru,GaCo02,0,0,0.30681613087654114,Control,Control
feature_neural,right,Fold_4,gru,GaCo09,0,0,0.4481954872608185,Control,Control
feature_neural,right,Fold_4,gru,GaPt04,1,1,0.5234934091567993,Patient,Patient
feature_neural,right,Fold_4,gru,GaPt09,1,1,0.5213238000869751,Patient,Patient
feature_neural,right,Fold_4,gru,GaPt31,1,1,0.6481020450592041,Patient,Patient
feature_neural,right,Fold_4,gru,JuCo19,0,0,0.36046403646469116,Control,Control
feature_neural,right,Fold_4,gru,JuCo20,0,0,0.48906517028808594,Control,Control
feature_neural,right,Fold_4,gru,JuCo21,0,0,0.4238857328891754,Control,Control
feature_neural,right,Fold_4,gru,JuPt03,1,0,0.46160006523132324,Patient,Control
feature_neural,right,Fold_4,gru,JuPt12,1,0,0.4386122226715088,Patient,Control
feature_neural,right,Fold_4,gru,JuPt13,1,1,0.7225468158721924,Patient,Patient
feature_neural,right,Fold_4,gru,JuPt14,1,1,0.6290225386619568,Patient,Patient
feature_neural,right,Fold_4,gru,JuPt19,1,1,0.5495321750640869,Patient,Patient
feature_neural,right,Fold_4,gru,SiCo01,0,0,0.4706595242023468,Control,Control
feature_neural,right,Fold_4,gru,SiCo05,0,0,0.3301072418689728,Control,Control
feature_neural,right,Fold_4,gru,SiCo13,0,0,0.36648112535476685,Control,Control
feature_neural,right,Fold_4,gru,SiCo25,0,0,0.3592470586299896,Control,Control
feature_neural,right,Fold_4,gru,SiCo26,0,0,0.4264986217021942,Control,Control
feature_neural,right,Fold_4,gru,SiPt14,1,1,0.5107610821723938,Patient,Patient
feature_neural,right,Fold_4,gru,SiPt39,1,1,0.6471396684646606,Patient,Patient
feature_neural,right,Fold_4,patchtst,GaCo02,0,0,0.21741463243961334,Control,Control
feature_neural,right,Fold_4,patchtst,GaCo09,0,0,0.4827233552932739,Control,Control
feature_neural,right,Fold_4,patchtst,GaPt04,1,1,0.749389111995697,Patient,Patient
feature_neural,right,Fold_4,patchtst,GaPt09,1,0,0.4556442201137543,Patient,Control
feature_neural,right,Fold_4,patchtst,GaPt31,1,0,0.2817333936691284,Patient,Control
feature_neural,right,Fold_4,patchtst,JuCo19,0,0,0.2230675369501114,Control,Control
feature_neural,right,Fold_4,patchtst,JuCo20,0,0,0.24300271272659302,Control,Control
feature_neural,right,Fold_4,patchtst,JuCo21,0,0,0.28326505422592163,Control,Control
feature_neural,right,Fold_4,patchtst,JuPt03,1,1,0.7445856332778931,Patient,Patient
feature_neural,right,Fold_4,patchtst,JuPt12,1,1,0.7462434768676758,Patient,Patient
feature_neural,right,Fold_4,patchtst,JuPt13,1,1,0.7675763368606567,Patient,Patient
feature_neural,right,Fold_4,patchtst,JuPt14,1,1,0.7576886415481567,Patient,Patient
feature_neural,right,Fold_4,patchtst,JuPt19,1,1,0.6302316784858704,Patient,Patient
feature_neural,right,Fold_4,patchtst,SiCo01,0,1,0.6933693885803223,Control,Patient
feature_neural,right,Fold_4,patchtst,SiCo05,0,0,0.2505960762500763,Control,Control
feature_neural,right,Fold_4,patchtst,SiCo13,0,0,0.24544629454612732,Control,Control
feature_neural,right,Fold_4,patchtst,SiCo25,0,0,0.2346753180027008,Control,Control
feature_neural,right,Fold_4,patchtst,SiCo26,0,1,0.6496023535728455,Control,Patient
feature_neural,right,Fold_4,patchtst,SiPt14,1,1,0.7615677714347839,Patient,Patient
feature_neural,right,Fold_4,patchtst,SiPt39,1,0,0.34830766916275024,Patient,Control
feature_neural,combined,Fold_4,resnet1d,GaCo02,0,0,0.07786346971988678,Control,Control
feature_neural,combined,Fold_4,resnet1d,GaCo09,0,1,0.5227670669555664,Control,Patient
feature_neural,combined,Fold_4,resnet1d,GaPt04,1,1,0.8368709087371826,Patient,Patient
feature_neural,combined,Fold_4,resnet1d,GaPt09,1,1,0.6332269310951233,Patient,Patient
feature_neural,combined,Fold_4,resnet1d,GaPt31,1,1,0.6340384483337402,Patient,Patient
feature_neural,combined,Fold_4,resnet1d,JuCo19,0,0,0.21343214809894562,Control,Control
feature_neural,combined,Fold_4,resnet1d,JuCo20,0,0,0.2516378164291382,Control,Control
feature_neural,combined,Fold_4,resnet1d,JuCo21,0,1,0.6128907203674316,Control,Patient
feature_neural,combined,Fold_4,resnet1d,JuPt03,1,1,0.7045578956604004,Patient,Patient
feature_neural,combined,Fold_4,resnet1d,JuPt12,1,1,0.6968997716903687,Patient,Patient
feature_neural,combined,Fold_4,resnet1d,JuPt13,1,1,0.974757730960846,Patient,Patient
feature_neural,combined,Fold_4,resnet1d,JuPt14,1,1,0.9312661290168762,Patient,Patient
feature_neural,combined,Fold_4,resnet1d,JuPt19,1,1,0.7206127047538757,Patient,Patient
feature_neural,combined,Fold_4,resnet1d,SiCo01,0,1,0.7920569181442261,Control,Patient
feature_neural,combined,Fold_4,resnet1d,SiCo05,0,0,0.04225493222475052,Control,Control
feature_neural,combined,Fold_4,resnet1d,SiCo13,0,0,0.2068537473678589,Control,Control
feature_neural,combined,Fold_4,resnet1d,SiCo25,0,0,0.37841901183128357,Control,Control
feature_neural,combined,Fold_4,resnet1d,SiCo26,0,1,0.7242777943611145,Control,Patient
feature_neural,combined,Fold_4,resnet1d,SiPt14,1,1,0.9008499979972839,Patient,Patient
feature_neural,combined,Fold_4,resnet1d,SiPt39,1,0,0.31828930974006653,Patient,Control
feature_neural,combined,Fold_4,lstm,GaCo02,0,0,0.30785071849823,Control,Control
feature_neural,combined,Fold_4,lstm,GaCo09,0,0,0.44289320707321167,Control,Control
feature_neural,combined,Fold_4,lstm,GaPt04,1,1,0.5677013397216797,Patient,Patient
feature_neural,combined,Fold_4,lstm,GaPt09,1,1,0.5018243193626404,Patient,Patient
feature_neural,combined,Fold_4,lstm,GaPt31,1,1,0.5322866439819336,Patient,Patient
feature_neural,combined,Fold_4,lstm,JuCo19,0,0,0.34475064277648926,Control,Control
feature_neural,combined,Fold_4,lstm,JuCo20,0,0,0.48101285099983215,Control,Control
feature_neural,combined,Fold_4,lstm,JuCo21,0,0,0.41549038887023926,Control,Control
feature_neural,combined,Fold_4,lstm,JuPt03,1,1,0.5053714513778687,Patient,Patient
feature_neural,combined,Fold_4,lstm,JuPt12,1,0,0.49817800521850586,Patient,Control
feature_neural,combined,Fold_4,lstm,JuPt13,1,1,0.6763508319854736,Patient,Patient
feature_neural,combined,Fold_4,lstm,JuPt14,1,1,0.6350842118263245,Patient,Patient
feature_neural,combined,Fold_4,lstm,JuPt19,1,1,0.5300853848457336,Patient,Patient
feature_neural,combined,Fold_4,lstm,SiCo01,0,1,0.5028837323188782,Control,Patient
feature_neural,combined,Fold_4,lstm,SiCo05,0,0,0.31778985261917114,Control,Control
feature_neural,combined,Fold_4,lstm,SiCo13,0,0,0.38243451714515686,Control,Control
feature_neural,combined,Fold_4,lstm,SiCo25,0,0,0.3620222508907318,Control,Control
feature_neural,combined,Fold_4,lstm,SiCo26,0,0,0.48726364970207214,Control,Control
feature_neural,combined,Fold_4,lstm,SiPt14,1,1,0.5942465662956238,Patient,Patient
feature_neural,combined,Fold_4,lstm,SiPt39,1,1,0.5560780763626099,Patient,Patient
feature_neural,combined,Fold_4,gru,GaCo02,0,0,0.3068161606788635,Control,Control
feature_neural,combined,Fold_4,gru,GaCo09,0,0,0.4481954872608185,Control,Control
feature_neural,combined,Fold_4,gru,GaPt04,1,1,0.5234934091567993,Patient,Patient
feature_neural,combined,Fold_4,gru,GaPt09,1,1,0.5213238000869751,Patient,Patient
feature_neural,combined,Fold_4,gru,GaPt31,1,1,0.6481019854545593,Patient,Patient
feature_neural,combined,Fold_4,gru,JuCo19,0,0,0.36046403646469116,Control,Control
feature_neural,combined,Fold_4,gru,JuCo20,0,0,0.48906517028808594,Control,Control
feature_neural,combined,Fold_4,gru,JuCo21,0,0,0.4238857328891754,Control,Control
feature_neural,combined,Fold_4,gru,JuPt03,1,0,0.46160006523132324,Patient,Control
feature_neural,combined,Fold_4,gru,JuPt12,1,0,0.4386122226715088,Patient,Control
feature_neural,combined,Fold_4,gru,JuPt13,1,1,0.7225468754768372,Patient,Patient
feature_neural,combined,Fold_4,gru,JuPt14,1,1,0.6290225386619568,Patient,Patient
feature_neural,combined,Fold_4,gru,JuPt19,1,1,0.5495322346687317,Patient,Patient
feature_neural,combined,Fold_4,gru,SiCo01,0,0,0.4706595242023468,Control,Control
feature_neural,combined,Fold_4,gru,SiCo05,0,0,0.3301072120666504,Control,Control
feature_neural,combined,Fold_4,gru,SiCo13,0,0,0.36648112535476685,Control,Control
feature_neural,combined,Fold_4,gru,SiCo25,0,0,0.3592470586299896,Control,Control
feature_neural,combined,Fold_4,gru,SiCo26,0,0,0.426498681306839,Control,Control
feature_neural,combined,Fold_4,gru,SiPt14,1,1,0.5107610821723938,Patient,Patient
feature_neural,combined,Fold_4,gru,SiPt39,1,1,0.6471397280693054,Patient,Patient
feature_neural,combined,Fold_4,patchtst,GaCo02,0,0,0.05367858707904816,Control,Control
feature_neural,combined,Fold_4,patchtst,GaCo09,0,0,0.39701738953590393,Control,Control
feature_neural,combined,Fold_4,patchtst,GaPt04,1,1,0.8322324156761169,Patient,Patient
feature_neural,combined,Fold_4,patchtst,GaPt09,1,1,0.7404427528381348,Patient,Patient
feature_neural,combined,Fold_4,patchtst,GaPt31,1,1,0.6608991622924805,Patient,Patient
feature_neural,combined,Fold_4,patchtst,JuCo19,0,0,0.08507861196994781,Control,Control
feature_neural,combined,Fold_4,patchtst,JuCo20,0,0,0.3037537932395935,Control,Control
feature_neural,combined,Fold_4,patchtst,JuCo21,0,1,0.5624244809150696,Control,Patient
feature_neural,combined,Fold_4,patchtst,JuPt03,1,1,0.7817696928977966,Patient,Patient
feature_neural,combined,Fold_4,patchtst,JuPt12,1,1,0.7823233604431152,Patient,Patient
feature_neural,combined,Fold_4,patchtst,JuPt13,1,1,0.8274863958358765,Patient,Patient
feature_neural,combined,Fold_4,patchtst,JuPt14,1,1,0.8116378784179688,Patient,Patient
feature_neural,combined,Fold_4,patchtst,JuPt19,1,1,0.7988142967224121,Patient,Patient
feature_neural,combined,Fold_4,patchtst,SiCo01,0,1,0.7794350385665894,Control,Patient
feature_neural,combined,Fold_4,patchtst,SiCo05,0,0,0.07082176953554153,Control,Control
feature_neural,combined,Fold_4,patchtst,SiCo13,0,0,0.1034015342593193,Control,Control
feature_neural,combined,Fold_4,patchtst,SiCo25,0,0,0.11739733815193176,Control,Control
feature_neural,combined,Fold_4,patchtst,SiCo26,0,1,0.7310490608215332,Control,Patient
feature_neural,combined,Fold_4,patchtst,SiPt14,1,1,0.8070586323738098,Patient,Patient
feature_neural,combined,Fold_4,patchtst,SiPt39,1,0,0.4575199782848358,Patient,Control
feature_neural,enhanced,Fold_4,resnet1d,GaCo02,0,0,0.10321280360221863,Control,Control
feature_neural,enhanced,Fold_4,resnet1d,GaCo09,0,1,0.5223076939582825,Control,Patient
feature_neural,enhanced,Fold_4,resnet1d,GaPt04,1,1,0.8273294568061829,Patient,Patient
feature_neural,enhanced,Fold_4,resnet1d,GaPt09,1,1,0.6419460773468018,Patient,Patient
feature_neural,enhanced,Fold_4,resnet1d,GaPt31,1,1,0.6496676206588745,Patient,Patient
feature_neural,enhanced,Fold_4,resnet1d,JuCo19,0,0,0.22791266441345215,Control,Control
feature_neural,enhanced,Fold_4,resnet1d,JuCo20,0,0,0.26253741979599,Control,Control
feature_neural,enhanced,Fold_4,resnet1d,JuCo21,0,1,0.6066761612892151,Control,Patient
feature_neural,enhanced,Fold_4,resnet1d,JuPt03,1,1,0.7050796747207642,Patient,Patient
feature_neural,enhanced,Fold_4,resnet1d,JuPt12,1,1,0.698829710483551,Patient,Patient
feature_neural,enhanced,Fold_4,resnet1d,JuPt13,1,1,0.9756667613983154,Patient,Patient
feature_neural,enhanced,Fold_4,resnet1d,JuPt14,1,1,0.9243180751800537,Patient,Patient
feature_neural,enhanced,Fold_4,resnet1d,JuPt19,1,1,0.7305312752723694,Patient,Patient
feature_neural,enhanced,Fold_4,resnet1d,SiCo01,0,1,0.7883129119873047,Control,Patient
feature_neural,enhanced,Fold_4,resnet1d,SiCo05,0,0,0.058437325060367584,Control,Control
feature_neural,enhanced,Fold_4,resnet1d,SiCo13,0,0,0.23017100989818573,Control,Control
feature_neural,enhanced,Fold_4,resnet1d,SiCo25,0,0,0.4035811126232147,Control,Control
feature_neural,enhanced,Fold_4,resnet1d,SiCo26,0,1,0.7270287275314331,Control,Patient
feature_neural,enhanced,Fold_4,resnet1d,SiPt14,1,1,0.893482506275177,Patient,Patient
feature_neural,enhanced,Fold_4,resnet1d,SiPt39,1,0,0.32856041193008423,Patient,Control
feature_neural,enhanced,Fold_4,lstm,GaCo02,0,0,0.4802713096141815,Control,Control
feature_neural,enhanced,Fold_4,lstm,GaCo09,0,0,0.4689764976501465,Control,Control
feature_neural,enhanced,Fold_4,lstm,GaPt04,1,1,0.6769760847091675,Patient,Patient
feature_neural,enhanced,Fold_4,lstm,GaPt09,1,1,0.506341814994812,Patient,Patient
feature_neural,enhanced,Fold_4,lstm,GaPt31,1,1,0.586279571056366,Patient,Patient
feature_neural,enhanced,Fold_4,lstm,JuCo19,0,0,0.41556334495544434,Control,Control
feature_neural,enhanced,Fold_4,lstm,JuCo20,0,1,0.5274544358253479,Control,Patient
feature_neural,enhanced,Fold_4,lstm,JuCo21,0,1,0.5463038682937622,Control,Patient
feature_neural,enhanced,Fold_4,lstm,JuPt03,1,1,0.5310444235801697,Patient,Patient
feature_neural,enhanced,Fold_4,lstm,JuPt12,1,0,0.4702448844909668,Patient,Control
feature_neural,enhanced,Fold_4,lstm,JuPt13,1,1,0.6988995671272278,Patient,Patient
feature_neural,enhanced,Fold_4,lstm,JuPt14,1,1,0.5108873248100281,Patient,Patient
feature_neural,enhanced,Fold_4,lstm,JuPt19,1,1,0.6042258739471436,Patient,Patient
feature_neural,enhanced,Fold_4,lstm,SiCo01,0,0,0.4428861737251282,Control,Control
feature_neural,enhanced,Fold_4,lstm,SiCo05,0,1,0.5290899276733398,Control,Patient
feature_neural,enhanced,Fold_4,lstm,SiCo13,0,0,0.41146978735923767,Control,Control
feature_neural,enhanced,Fold_4,lstm,SiCo25,0,0,0.40535637736320496,Control,Control
feature_neural,enhanced,Fold_4,lstm,SiCo26,0,0,0.4318893253803253,Control,Control
feature_neural,enhanced,Fold_4,lstm,SiPt14,1,0,0.47436875104904175,Patient,Control
feature_neural,enhanced,Fold_4,lstm,SiPt39,1,1,0.6434527039527893,Patient,Patient
feature_neural,enhanced,Fold_4,gru,GaCo02,0,0,0.2982098460197449,Control,Control
feature_neural,enhanced,Fold_4,gru,GaCo09,0,1,0.5216161012649536,Control,Patient
feature_neural,enhanced,Fold_4,gru,GaPt04,1,1,0.6146559715270996,Patient,Patient
feature_neural,enhanced,Fold_4,gru,GaPt09,1,0,0.4890420734882355,Patient,Control
feature_neural,enhanced,Fold_4,gru,GaPt31,1,1,0.5012372732162476,Patient,Patient
feature_neural,enhanced,Fold_4,gru,JuCo19,0,0,0.35833168029785156,Control,Control
feature_neural,enhanced,Fold_4,gru,JuCo20,0,0,0.42706531286239624,Control,Control
feature_neural,enhanced,Fold_4,gru,JuCo21,0,0,0.48714518547058105,Control,Control
feature_neural,enhanced,Fold_4,gru,JuPt03,1,1,0.5305315852165222,Patient,Patient
feature_neural,enhanced,Fold_4,gru,JuPt12,1,1,0.6511030197143555,Patient,Patient
feature_neural,enhanced,Fold_4,gru,JuPt13,1,1,0.7787134647369385,Patient,Patient
feature_neural,enhanced,Fold_4,gru,JuPt14,1,1,0.6196039319038391,Patient,Patient
feature_neural,enhanced,Fold_4,gru,JuPt19,1,1,0.5910999178886414,Patient,Patient
feature_neural,enhanced,Fold_4,gru,SiCo01,0,0,0.41872352361679077,Control,Control
feature_neural,enhanced,Fold_4,gru,SiCo05,0,0,0.3580056428909302,Control,Control
feature_neural,enhanced,Fold_4,gru,SiCo13,0,0,0.3775536119937897,Control,Control
feature_neural,enhanced,Fold_4,gru,SiCo25,0,0,0.3703776001930237,Control,Control
feature_neural,enhanced,Fold_4,gru,SiCo26,0,0,0.4123924970626831,Control,Control
feature_neural,enhanced,Fold_4,gru,SiPt14,1,1,0.6285201907157898,Patient,Patient
feature_neural,enhanced,Fold_4,gru,SiPt39,1,1,0.5483871698379517,Patient,Patient
feature_neural,enhanced,Fold_4,patchtst,GaCo02,0,0,0.05718784034252167,Control,Control
feature_neural,enhanced,Fold_4,patchtst,GaCo09,0,1,0.6004299521446228,Control,Patient
feature_neural,enhanced,Fold_4,patchtst,GaPt04,1,1,0.8291103839874268,Patient,Patient
feature_neural,enhanced,Fold_4,patchtst,GaPt09,1,1,0.6863781213760376,Patient,Patient
feature_neural,enhanced,Fold_4,patchtst,GaPt31,1,0,0.35949909687042236,Patient,Control
feature_neural,enhanced,Fold_4,patchtst,JuCo19,0,0,0.07239548861980438,Control,Control
feature_neural,enhanced,Fold_4,patchtst,JuCo20,0,0,0.11594180017709732,Control,Control
feature_neural,enhanced,Fold_4,patchtst,JuCo21,0,0,0.35841232538223267,Control,Control
feature_neural,enhanced,Fold_4,patchtst,JuPt03,1,1,0.8232942223548889,Patient,Patient
feature_neural,enhanced,Fold_4,patchtst,JuPt12,1,1,0.8121256828308105,Patient,Patient
feature_neural,enhanced,Fold_4,patchtst,JuPt13,1,1,0.8467438220977783,Patient,Patient
feature_neural,enhanced,Fold_4,patchtst,JuPt14,1,1,0.8402725458145142,Patient,Patient
feature_neural,enhanced,Fold_4,patchtst,JuPt19,1,1,0.7918230295181274,Patient,Patient
feature_neural,enhanced,Fold_4,patchtst,SiCo01,0,1,0.8009939193725586,Control,Patient
feature_neural,enhanced,Fold_4,patchtst,SiCo05,0,0,0.05890098214149475,Control,Control
feature_neural,enhanced,Fold_4,patchtst,SiCo13,0,0,0.0820438340306282,Control,Control
feature_neural,enhanced,Fold_4,patchtst,SiCo25,0,0,0.12008943408727646,Control,Control
feature_neural,enhanced,Fold_4,patchtst,SiCo26,0,1,0.7613744139671326,Control,Patient
feature_neural,enhanced,Fold_4,patchtst,SiPt14,1,1,0.8392788171768188,Patient,Patient
feature_neural,enhanced,Fold_4,patchtst,SiPt39,1,0,0.4487892985343933,Patient,Control
feature_neural,left,Fold_5,resnet1d,GaCo10,0,0,0.35435938835144043,Control,Control
feature_neural,left,Fold_5,resnet1d,GaCo12,0,0,0.47757622599601746,Control,Control
feature_neural,left,Fold_5,resnet1d,GaCo13,0,0,0.40616661310195923,Control,Control
feature_neural,left,Fold_5,resnet1d,GaPt08,1,1,0.6330238580703735,Patient,Patient
feature_neural,left,Fold_5,resnet1d,GaPt21,1,1,0.6015222072601318,Patient,Patient
feature_neural,left,Fold_5,resnet1d,GaPt22,1,1,0.6392606496810913,Patient,Patient
feature_neural,left,Fold_5,resnet1d,GaPt23,1,1,0.7111055850982666,Patient,Patient
feature_neural,left,Fold_5,resnet1d,GaPt26,1,1,0.5545677542686462,Patient,Patient
feature_neural,left,Fold_5,resnet1d,JuCo15,0,1,0.5112510323524475,Control,Patient
feature_neural,left,Fold_5,resnet1d,JuCo18,0,0,0.2576075494289398,Control,Control
feature_neural,left,Fold_5,resnet1d,JuPt09,1,0,0.4602434039115906,Patient,Control
feature_neural,left,Fold_5,resnet1d,JuPt11,1,0,0.46740832924842834,Patient,Control
feature_neural,left,Fold_5,resnet1d,JuPt15,1,0,0.4784418046474457,Patient,Control
feature_neural,left,Fold_5,resnet1d,JuPt29,1,1,0.6499168276786804,Patient,Patient
feature_neural,left,Fold_5,resnet1d,SiCo09,0,0,0.21858298778533936,Control,Control
feature_neural,left,Fold_5,resnet1d,SiCo15,0,1,0.608392059803009,Control,Patient
feature_neural,left,Fold_5,resnet1d,SiCo20,0,1,0.5609399676322937,Control,Patient
feature_neural,left,Fold_5,resnet1d,SiCo21,0,0,0.46216291189193726,Control,Control
feature_neural,left,Fold_5,resnet1d,SiCo22,0,0,0.2030678689479828,Control,Control
feature_neural,left,Fold_5,resnet1d,SiPt27,1,0,0.466059148311615,Patient,Control
feature_neural,left,Fold_5,lstm,GaCo10,0,0,0.25135621428489685,Control,Control
feature_neural,left,Fold_5,lstm,GaCo12,0,0,0.3514065444469452,Control,Control
feature_neural,left,Fold_5,lstm,GaCo13,0,0,0.41317376494407654,Control,Control
feature_neural,left,Fold_5,lstm,GaPt08,1,1,0.6097344160079956,Patient,Patient
feature_neural,left,Fold_5,lstm,GaPt21,1,1,0.6581156253814697,Patient,Patient
feature_neural,left,Fold_5,lstm,GaPt22,1,1,0.6535945534706116,Patient,Patient
feature_neural,left,Fold_5,lstm,GaPt23,1,1,0.7570258378982544,Patient,Patient
feature_neural,left,Fold_5,lstm,GaPt26,1,1,0.7030594944953918,Patient,Patient
feature_neural,left,Fold_5,lstm,JuCo15,0,1,0.5950718522071838,Control,Patient
feature_neural,left,Fold_5,lstm,JuCo18,0,0,0.4775400459766388,Control,Control
feature_neural,left,Fold_5,lstm,JuPt09,1,0,0.4482346773147583,Patient,Control
feature_neural,left,Fold_5,lstm,JuPt11,1,1,0.6553453803062439,Patient,Patient
feature_neural,left,Fold_5,lstm,JuPt15,1,1,0.5960084795951843,Patient,Patient
feature_neural,left,Fold_5,lstm,JuPt29,1,1,0.5575909614562988,Patient,Patient
feature_neural,left,Fold_5,lstm,SiCo09,0,1,0.5594668388366699,Control,Patient
feature_neural,left,Fold_5,lstm,SiCo15,0,1,0.5546344518661499,Control,Patient
feature_neural,left,Fold_5,lstm,SiCo20,0,1,0.7389064431190491,Control,Patient
feature_neural,left,Fold_5,lstm,SiCo21,0,0,0.4223387837409973,Control,Control
feature_neural,left,Fold_5,lstm,SiCo22,0,1,0.6418254971504211,Control,Patient
feature_neural,left,Fold_5,lstm,SiPt27,1,1,0.7722954154014587,Patient,Patient
feature_neural,left,Fold_5,gru,GaCo10,0,0,0.2886996567249298,Control,Control
feature_neural,left,Fold_5,gru,GaCo12,0,0,0.4928973317146301,Control,Control
feature_neural,left,Fold_5,gru,GaCo13,0,0,0.4709480106830597,Control,Control
feature_neural,left,Fold_5,gru,GaPt08,1,1,0.6236333847045898,Patient,Patient
feature_neural,left,Fold_5,gru,GaPt21,1,1,0.5937372446060181,Patient,Patient
feature_neural,left,Fold_5,gru,GaPt22,1,1,0.5876331925392151,Patient,Patient
feature_neural,left,Fold_5,gru,GaPt23,1,1,0.6721087694168091,Patient,Patient
feature_neural,left,Fold_5,gru,GaPt26,1,1,0.6593931913375854,Patient,Patient
feature_neural,left,Fold_5,gru,JuCo15,0,1,0.5373865365982056,Control,Patient
feature_neural,left,Fold_5,gru,JuCo18,0,1,0.5408942103385925,Control,Patient
feature_neural,left,Fold_5,gru,JuPt09,1,1,0.5144197344779968,Patient,Patient
feature_neural,left,Fold_5,gru,JuPt11,1,1,0.6066703200340271,Patient,Patient
feature_neural,left,Fold_5,gru,JuPt15,1,1,0.517469048500061,Patient,Patient
feature_neural,left,Fold_5,gru,JuPt29,1,1,0.632756769657135,Patient,Patient
feature_neural,left,Fold_5,gru,SiCo09,0,1,0.5351547598838806,Control,Patient
feature_neural,left,Fold_5,gru,SiCo15,0,1,0.5417950749397278,Control,Patient
feature_neural,left,Fold_5,gru,SiCo20,0,1,0.6120313405990601,Control,Patient
feature_neural,left,Fold_5,gru,SiCo21,0,0,0.48165592551231384,Control,Control
feature_neural,left,Fold_5,gru,SiCo22,0,1,0.5609777569770813,Control,Patient
feature_neural,left,Fold_5,gru,SiPt27,1,1,0.670862078666687,Patient,Patient
feature_neural,left,Fold_5,patchtst,GaCo10,0,0,0.04568598419427872,Control,Control
feature_neural,left,Fold_5,patchtst,GaCo12,0,0,0.3209400773048401,Control,Control
feature_neural,left,Fold_5,patchtst,GaCo13,0,0,0.06455124169588089,Control,Control
feature_neural,left,Fold_5,patchtst,GaPt08,1,1,0.8763728737831116,Patient,Patient
feature_neural,left,Fold_5,patchtst,GaPt21,1,1,0.8724373579025269,Patient,Patient
feature_neural,left,Fold_5,patchtst,GaPt22,1,1,0.8746335506439209,Patient,Patient
feature_neural,left,Fold_5,patchtst,GaPt23,1,1,0.8863784074783325,Patient,Patient
feature_neural,left,Fold_5,patchtst,GaPt26,1,1,0.795531153678894,Patient,Patient
feature_neural,left,Fold_5,patchtst,JuCo15,0,0,0.361286461353302,Control,Control
feature_neural,left,Fold_5,patchtst,JuCo18,0,0,0.05527573078870773,Control,Control
feature_neural,left,Fold_5,patchtst,JuPt09,1,1,0.5385157465934753,Patient,Patient
feature_neural,left,Fold_5,patchtst,JuPt11,1,1,0.7156554460525513,Patient,Patient
feature_neural,left,Fold_5,patchtst,JuPt15,1,0,0.32949909567832947,Patient,Control
feature_neural,left,Fold_5,patchtst,JuPt29,1,1,0.8569049835205078,Patient,Patient
feature_neural,left,Fold_5,patchtst,SiCo09,0,0,0.049782197922468185,Control,Control
feature_neural,left,Fold_5,patchtst,SiCo15,0,1,0.8113000392913818,Control,Patient
feature_neural,left,Fold_5,patchtst,SiCo20,0,1,0.8219780325889587,Control,Patient
feature_neural,left,Fold_5,patchtst,SiCo21,0,0,0.24517357349395752,Control,Control
feature_neural,left,Fold_5,patchtst,SiCo22,0,0,0.04891452565789223,Control,Control
feature_neural,left,Fold_5,patchtst,SiPt27,1,1,0.5814968347549438,Patient,Patient
feature_neural,right,Fold_5,resnet1d,GaCo10,0,0,0.42944541573524475,Control,Control
feature_neural,right,Fold_5,resnet1d,GaCo12,0,0,0.3959847688674927,Control,Control
feature_neural,right,Fold_5,resnet1d,GaCo13,0,0,0.32153812050819397,Control,Control
feature_neural,right,Fold_5,resnet1d,GaPt08,1,1,0.7029098868370056,Patient,Patient
feature_neural,right,Fold_5,resnet1d,GaPt21,1,1,0.6982151865959167,Patient,Patient
feature_neural,right,Fold_5,resnet1d,GaPt22,1,1,0.6960713863372803,Patient,Patient
feature_neural,right,Fold_5,resnet1d,GaPt23,1,1,0.8199598789215088,Patient,Patient
feature_neural,right,Fold_5,resnet1d,GaPt26,1,1,0.6382003426551819,Patient,Patient
feature_neural,right,Fold_5,resnet1d,JuCo15,0,0,0.45905613899230957,Control,Control
feature_neural,right,Fold_5,resnet1d,JuCo18,0,0,0.12111165374517441,Control,Control
feature_neural,right,Fold_5,resnet1d,JuPt09,1,0,0.4356772005558014,Patient,Control
feature_neural,right,Fold_5,resnet1d,JuPt11,1,0,0.39367571473121643,Patient,Control
feature_neural,right,Fold_5,resnet1d,JuPt15,1,0,0.46035003662109375,Patient,Control
feature_neural,right,Fold_5,resnet1d,JuPt29,1,1,0.745159387588501,Patient,Patient
feature_neural,right,Fold_5,resnet1d,SiCo09,0,0,0.06960398703813553,Control,Control
feature_neural,right,Fold_5,resnet1d,SiCo15,0,1,0.7163631916046143,Control,Patient
feature_neural,right,Fold_5,resnet1d,SiCo20,0,1,0.6536474227905273,Control,Patient
feature_neural,right,Fold_5,resnet1d,SiCo21,0,1,0.5974224805831909,Control,Patient
feature_neural,right,Fold_5,resnet1d,SiCo22,0,0,0.1450101137161255,Control,Control
feature_neural,right,Fold_5,resnet1d,SiPt27,1,0,0.4149799048900604,Patient,Control
feature_neural,right,Fold_5,lstm,GaCo10,0,0,0.24830731749534607,Control,Control
feature_neural,right,Fold_5,lstm,GaCo12,0,0,0.3420802056789398,Control,Control
feature_neural,right,Fold_5,lstm,GaCo13,0,0,0.44360607862472534,Control,Control
feature_neural,right,Fold_5,lstm,GaPt08,1,1,0.5713509917259216,Patient,Patient
feature_neural,right,Fold_5,lstm,GaPt21,1,1,0.6965047717094421,Patient,Patient
feature_neural,right,Fold_5,lstm,GaPt22,1,1,0.6924334764480591,Patient,Patient
feature_neural,right,Fold_5,lstm,GaPt23,1,1,0.7295730710029602,Patient,Patient
feature_neural,right,Fold_5,lstm,GaPt26,1,1,0.6940918564796448,Patient,Patient
feature_neural,right,Fold_5,lstm,JuCo15,0,1,0.6056070923805237,Control,Patient
feature_neural,right,Fold_5,lstm,JuCo18,0,1,0.5202799439430237,Control,Patient
feature_neural,right,Fold_5,lstm,JuPt09,1,1,0.5382174849510193,Patient,Patient
feature_neural,right,Fold_5,lstm,JuPt11,1,1,0.6522709131240845,Patient,Patient
feature_neural,right,Fold_5,lstm,JuPt15,1,1,0.6497988104820251,Patient,Patient
feature_neural,right,Fold_5,lstm,JuPt29,1,1,0.5108165740966797,Patient,Patient
feature_neural,right,Fold_5,lstm,SiCo09,0,1,0.5850163698196411,Control,Patient
feature_neural,right,Fold_5,lstm,SiCo15,0,1,0.6139220595359802,Control,Patient
feature_neural,right,Fold_5,lstm,SiCo20,0,1,0.7689526677131653,Control,Patient
feature_neural,right,Fold_5,lstm,SiCo21,0,0,0.48606935143470764,Control,Control
feature_neural,right,Fold_5,lstm,SiCo22,0,1,0.6676574349403381,Control,Patient
feature_neural,right,Fold_5,lstm,SiPt27,1,1,0.7747007012367249,Patient,Patient
feature_neural,right,Fold_5,gru,GaCo10,0,0,0.3834071159362793,Control,Control
feature_neural,right,Fold_5,gru,GaCo12,0,0,0.4596014618873596,Control,Control
feature_neural,right,Fold_5,gru,GaCo13,0,1,0.5697821378707886,Control,Patient
feature_neural,right,Fold_5,gru,GaPt08,1,1,0.59264075756073,Patient,Patient
feature_neural,right,Fold_5,gru,GaPt21,1,1,0.6042762994766235,Patient,Patient
feature_neural,right,Fold_5,gru,GaPt22,1,1,0.6089338660240173,Patient,Patient
feature_neural,right,Fold_5,gru,GaPt23,1,1,0.5843261480331421,Patient,Patient
feature_neural,right,Fold_5,gru,GaPt26,1,1,0.5754345655441284,Patient,Patient
feature_neural,right,Fold_5,gru,JuCo15,0,1,0.5781391859054565,Control,Patient
feature_neural,right,Fold_5,gru,JuCo18,0,1,0.5367003083229065,Control,Patient
feature_neural,right,Fold_5,gru,JuPt09,1,1,0.5556387901306152,Patient,Patient
feature_neural,right,Fold_5,gru,JuPt11,1,1,0.5627171993255615,Patient,Patient
feature_neural,right,Fold_5,gru,JuPt15,1,1,0.580710232257843,Patient,Patient
feature_neural,right,Fold_5,gru,JuPt29,1,1,0.5442734360694885,Patient,Patient
feature_neural,right,Fold_5,gru,SiCo09,0,1,0.5653724670410156,Control,Patient
feature_neural,right,Fold_5,gru,SiCo15,0,1,0.5530725121498108,Control,Patient
feature_neural,right,Fold_5,gru,SiCo20,0,1,0.5909087657928467,Control,Patient
feature_neural,right,Fold_5,gru,SiCo21,0,0,0.48901861906051636,Control,Control
feature_neural,right,Fold_5,gru,SiCo22,0,1,0.5911291241645813,Control,Patient
feature_neural,right,Fold_5,gru,SiPt27,1,1,0.5827221274375916,Patient,Patient
feature_neural,right,Fold_5,patchtst,GaCo10,0,0,0.04568598419427872,Control,Control
feature_neural,right,Fold_5,patchtst,GaCo12,0,0,0.3209400773048401,Control,Control
feature_neural,right,Fold_5,patchtst,GaCo13,0,0,0.06455124169588089,Control,Control
feature_neural,right,Fold_5,patchtst,GaPt08,1,1,0.8763728737831116,Patient,Patient
feature_neural,right,Fold_5,patchtst,GaPt21,1,1,0.8724373579025269,Patient,Patient
feature_neural,right,Fold_5,patchtst,GaPt22,1,1,0.8746335506439209,Patient,Patient
feature_neural,right,Fold_5,patchtst,GaPt23,1,1,0.8863784074783325,Patient,Patient
feature_neural,right,Fold_5,patchtst,GaPt26,1,1,0.795531153678894,Patient,Patient
feature_neural,right,Fold_5,patchtst,JuCo15,0,0,0.361286461353302,Control,Control
feature_neural,right,Fold_5,patchtst,JuCo18,0,0,0.05527573078870773,Control,Control
feature_neural,right,Fold_5,patchtst,JuPt09,1,1,0.5385157465934753,Patient,Patient
feature_neural,right,Fold_5,patchtst,JuPt11,1,1,0.7156554460525513,Patient,Patient
feature_neural,right,Fold_5,patchtst,JuPt15,1,0,0.32949909567832947,Patient,Control
feature_neural,right,Fold_5,patchtst,JuPt29,1,1,0.8569049835205078,Patient,Patient
feature_neural,right,Fold_5,patchtst,SiCo09,0,0,0.049782197922468185,Control,Control
feature_neural,right,Fold_5,patchtst,SiCo15,0,1,0.8113000392913818,Control,Patient
feature_neural,right,Fold_5,patchtst,SiCo20,0,1,0.8219780325889587,Control,Patient
feature_neural,right,Fold_5,patchtst,SiCo21,0,0,0.24517357349395752,Control,Control
feature_neural,right,Fold_5,patchtst,SiCo22,0,0,0.04891452565789223,Control,Control
feature_neural,right,Fold_5,patchtst,SiPt27,1,1,0.5814968347549438,Patient,Patient
feature_neural,combined,Fold_5,resnet1d,GaCo10,0,0,0.35052889585494995,Control,Control
feature_neural,combined,Fold_5,resnet1d,GaCo12,0,0,0.47567886114120483,Control,Control
feature_neural,combined,Fold_5,resnet1d,GaCo13,0,0,0.4040379226207733,Control,Control
feature_neural,combined,Fold_5,resnet1d,GaPt08,1,1,0.6334471106529236,Patient,Patient
feature_neural,combined,Fold_5,resnet1d,GaPt21,1,1,0.6028565764427185,Patient,Patient
feature_neural,combined,Fold_5,resnet1d,GaPt22,1,1,0.6404901146888733,Patient,Patient
feature_neural,combined,Fold_5,resnet1d,GaPt23,1,1,0.7068577408790588,Patient,Patient
feature_neural,combined,Fold_5,resnet1d,GaPt26,1,1,0.5555559992790222,Patient,Patient
feature_neural,combined,Fold_5,resnet1d,JuCo15,0,1,0.5079088807106018,Control,Patient
feature_neural,combined,Fold_5,resnet1d,JuCo18,0,0,0.25439003109931946,Control,Control
feature_neural,combined,Fold_5,resnet1d,JuPt09,1,0,0.4570041000843048,Patient,Control
feature_neural,combined,Fold_5,resnet1d,JuPt11,1,0,0.46652984619140625,Patient,Control
feature_neural,combined,Fold_5,resnet1d,JuPt15,1,0,0.4767290949821472,Patient,Control
feature_neural,combined,Fold_5,resnet1d,JuPt29,1,1,0.6507294774055481,Patient,Patient
feature_neural,combined,Fold_5,resnet1d,SiCo09,0,0,0.21608924865722656,Control,Control
feature_neural,combined,Fold_5,resnet1d,SiCo15,0,1,0.6113375425338745,Control,Patient
feature_neural,combined,Fold_5,resnet1d,SiCo20,0,1,0.5599497556686401,Control,Patient
feature_neural,combined,Fold_5,resnet1d,SiCo21,0,0,0.4571140706539154,Control,Control
feature_neural,combined,Fold_5,resnet1d,SiCo22,0,0,0.2020849585533142,Control,Control
feature_neural,combined,Fold_5,resnet1d,SiPt27,1,0,0.4618687033653259,Patient,Control
feature_neural,combined,Fold_5,lstm,GaCo10,0,0,0.40770596265792847,Control,Control
feature_neural,combined,Fold_5,lstm,GaCo12,0,0,0.4489964544773102,Control,Control
feature_neural,combined,Fold_5,lstm,GaCo13,0,0,0.42586201429367065,Control,Control
feature_neural,combined,Fold_5,lstm,GaPt08,1,0,0.46014463901519775,Patient,Control
feature_neural,combined,Fold_5,lstm,GaPt21,1,0,0.4657791554927826,Patient,Control
feature_neural,combined,Fold_5,lstm,GaPt22,1,0,0.48316821455955505,Patient,Control
feature_neural,combined,Fold_5,lstm,GaPt23,1,1,0.524815022945404,Patient,Patient
feature_neural,combined,Fold_5,lstm,GaPt26,1,0,0.49144360423088074,Patient,Control
feature_neural,combined,Fold_5,lstm,JuCo15,0,0,0.45686087012290955,Control,Control
feature_neural,combined,Fold_5,lstm,JuCo18,0,0,0.4017159044742584,Control,Control
feature_neural,combined,Fold_5,lstm,JuPt09,1,1,0.5048795342445374,Patient,Patient
feature_neural,combined,Fold_5,lstm,JuPt11,1,1,0.5049634575843811,Patient,Patient
feature_neural,combined,Fold_5,lstm,JuPt15,1,0,0.48992112278938293,Patient,Control
feature_neural,combined,Fold_5,lstm,JuPt29,1,0,0.470522940158844,Patient,Control
feature_neural,combined,Fold_5,lstm,SiCo09,0,0,0.3939063847064972,Control,Control
feature_neural,combined,Fold_5,lstm,SiCo15,0,0,0.4781569838523865,Control,Control
feature_neural,combined,Fold_5,lstm,SiCo20,0,0,0.48519307374954224,Control,Control
feature_neural,combined,Fold_5,lstm,SiCo21,0,0,0.4799940288066864,Control,Control
feature_neural,combined,Fold_5,lstm,SiCo22,0,0,0.41232383251190186,Control,Control
feature_neural,combined,Fold_5,lstm,SiPt27,1,1,0.5162276029586792,Patient,Patient
feature_neural,combined,Fold_5,gru,GaCo10,0,0,0.3834070861339569,Control,Control
feature_neural,combined,Fold_5,gru,GaCo12,0,0,0.45960140228271484,Control,Control
feature_neural,combined,Fold_5,gru,GaCo13,0,1,0.5697821378707886,Control,Patient
feature_neural,combined,Fold_5,gru,GaPt08,1,1,0.5926408171653748,Patient,Patient
feature_neural,combined,Fold_5,gru,GaPt21,1,1,0.6042762994766235,Patient,Patient
feature_neural,combined,Fold_5,gru,GaPt22,1,1,0.6089338660240173,Patient,Patient
feature_neural,combined,Fold_5,gru,GaPt23,1,1,0.5843261480331421,Patient,Patient
feature_neural,combined,Fold_5,gru,GaPt26,1,1,0.5754345655441284,Patient,Patient
feature_neural,combined,Fold_5,gru,JuCo15,0,1,0.5781391859054565,Control,Patient
feature_neural,combined,Fold_5,gru,JuCo18,0,1,0.5367003083229065,Control,Patient
feature_neural,combined,Fold_5,gru,JuPt09,1,1,0.5556387901306152,Patient,Patient
feature_neural,combined,Fold_5,gru,JuPt11,1,1,0.5627171993255615,Patient,Patient
feature_neural,combined,Fold_5,gru,JuPt15,1,1,0.580710232257843,Patient,Patient
feature_neural,combined,Fold_5,gru,JuPt29,1,1,0.5442734360694885,Patient,Patient
feature_neural,combined,Fold_5,gru,SiCo09,0,1,0.5653724670410156,Control,Patient
feature_neural,combined,Fold_5,gru,SiCo15,0,1,0.5530725121498108,Control,Patient
feature_neural,combined,Fold_5,gru,SiCo20,0,1,0.5909087657928467,Control,Patient
feature_neural,combined,Fold_5,gru,SiCo21,0,0,0.48901861906051636,Control,Control
feature_neural,combined,Fold_5,gru,SiCo22,0,1,0.5911291241645813,Control,Patient
feature_neural,combined,Fold_5,gru,SiPt27,1,1,0.5827221274375916,Patient,Patient
feature_neural,combined,Fold_5,patchtst,GaCo10,0,0,0.05042726546525955,Control,Control
feature_neural,combined,Fold_5,patchtst,GaCo12,0,0,0.28214532136917114,Control,Control
feature_neural,combined,Fold_5,patchtst,GaCo13,0,0,0.06182648614048958,Control,Control
feature_neural,combined,Fold_5,patchtst,GaPt08,1,1,0.8634442687034607,Patient,Patient
feature_neural,combined,Fold_5,patchtst,GaPt21,1,1,0.8633944392204285,Patient,Patient
feature_neural,combined,Fold_5,patchtst,GaPt22,1,1,0.8697056770324707,Patient,Patient
feature_neural,combined,Fold_5,patchtst,GaPt23,1,1,0.8808050751686096,Patient,Patient
feature_neural,combined,Fold_5,patchtst,GaPt26,1,1,0.8138914108276367,Patient,Patient
feature_neural,combined,Fold_5,patchtst,JuCo15,0,0,0.2645956575870514,Control,Control
feature_neural,combined,Fold_5,patchtst,JuCo18,0,0,0.05873219668865204,Control,Control
feature_neural,combined,Fold_5,patchtst,JuPt09,1,0,0.3722510039806366,Patient,Control
feature_neural,combined,Fold_5,patchtst,JuPt11,1,1,0.5502793192863464,Patient,Patient
feature_neural,combined,Fold_5,patchtst,JuPt15,1,0,0.22281569242477417,Patient,Control
feature_neural,combined,Fold_5,patchtst,JuPt29,1,1,0.8638674020767212,Patient,Patient
feature_neural,combined,Fold_5,patchtst,SiCo09,0,0,0.054365403950214386,Control,Control
feature_neural,combined,Fold_5,patchtst,SiCo15,0,1,0.8452741503715515,Control,Patient
feature_neural,combined,Fold_5,patchtst,SiCo20,0,1,0.8076759576797485,Control,Patient
feature_neural,combined,Fold_5,patchtst,SiCo21,0,0,0.12058893591165543,Control,Control
feature_neural,combined,Fold_5,patchtst,SiCo22,0,0,0.052809227257966995,Control,Control
feature_neural,combined,Fold_5,patchtst,SiPt27,1,0,0.34021010994911194,Patient,Control
feature_neural,enhanced,Fold_5,resnet1d,GaCo10,0,0,0.34341102838516235,Control,Control
feature_neural,enhanced,Fold_5,resnet1d,GaCo12,0,0,0.46677547693252563,Control,Control
feature_neural,enhanced,Fold_5,resnet1d,GaCo13,0,0,0.39925792813301086,Control,Control
feature_neural,enhanced,Fold_5,resnet1d,GaPt08,1,1,0.6372696757316589,Patient,Patient
feature_neural,enhanced,Fold_5,resnet1d,GaPt21,1,1,0.6059156060218811,Patient,Patient
feature_neural,enhanced,Fold_5,resnet1d,GaPt22,1,1,0.6448380351066589,Patient,Patient
feature_neural,enhanced,Fold_5,resnet1d,GaPt23,1,1,0.7090299129486084,Patient,Patient
feature_neural,enhanced,Fold_5,resnet1d,GaPt26,1,1,0.5518378615379333,Patient,Patient
feature_neural,enhanced,Fold_5,resnet1d,JuCo15,0,1,0.5057312846183777,Control,Patient
feature_neural,enhanced,Fold_5,resnet1d,JuCo18,0,0,0.24769239127635956,Control,Control
feature_neural,enhanced,Fold_5,resnet1d,JuPt09,1,0,0.4515610337257385,Patient,Control
feature_neural,enhanced,Fold_5,resnet1d,JuPt11,1,0,0.4654228389263153,Patient,Control
feature_neural,enhanced,Fold_5,resnet1d,JuPt15,1,0,0.47179725766181946,Patient,Control
feature_neural,enhanced,Fold_5,resnet1d,JuPt29,1,1,0.6541258096694946,Patient,Patient
feature_neural,enhanced,Fold_5,resnet1d,SiCo09,0,0,0.20994651317596436,Control,Control
feature_neural,enhanced,Fold_5,resnet1d,SiCo15,0,1,0.6176566481590271,Control,Patient
feature_neural,enhanced,Fold_5,resnet1d,SiCo20,0,1,0.5581268668174744,Control,Patient
feature_neural,enhanced,Fold_5,resnet1d,SiCo21,0,0,0.451128214597702,Control,Control
feature_neural,enhanced,Fold_5,resnet1d,SiCo22,0,0,0.19812865555286407,Control,Control
feature_neural,enhanced,Fold_5,resnet1d,SiPt27,1,0,0.45560556650161743,Patient,Control
feature_neural,enhanced,Fold_5,lstm,GaCo10,0,0,0.4844191074371338,Control,Control
feature_neural,enhanced,Fold_5,lstm,GaCo12,0,0,0.47224149107933044,Control,Control
feature_neural,enhanced,Fold_5,lstm,GaCo13,0,1,0.5126308798789978,Control,Patient
feature_neural,enhanced,Fold_5,lstm,GaPt08,1,1,0.5278266668319702,Patient,Patient
feature_neural,enhanced,Fold_5,lstm,GaPt21,1,1,0.5773606300354004,Patient,Patient
feature_neural,enhanced,Fold_5,lstm,GaPt22,1,1,0.5480080246925354,Patient,Patient
feature_neural,enhanced,Fold_5,lstm,GaPt23,1,1,0.5757604241371155,Patient,Patient
feature_neural,enhanced,Fold_5,lstm,GaPt26,1,1,0.5679176449775696,Patient,Patient
feature_neural,enhanced,Fold_5,lstm,JuCo15,0,1,0.501302182674408,Control,Patient
feature_neural,enhanced,Fold_5,lstm,JuCo18,0,0,0.4532196521759033,Control,Control
feature_neural,enhanced,Fold_5,lstm,JuPt09,1,1,0.5499706864356995,Patient,Patient
feature_neural,enhanced,Fold_5,lstm,JuPt11,1,1,0.628915011882782,Patient,Patient
feature_neural,enhanced,Fold_5,lstm,JuPt15,1,0,0.4648122489452362,Patient,Control
feature_neural,enhanced,Fold_5,lstm,JuPt29,1,1,0.5518070459365845,Patient,Patient
feature_neural,enhanced,Fold_5,lstm,SiCo09,0,0,0.49585142731666565,Control,Control
feature_neural,enhanced,Fold_5,lstm,SiCo15,0,1,0.5683616995811462,Control,Patient
feature_neural,enhanced,Fold_5,lstm,SiCo20,0,1,0.574802815914154,Control,Patient
feature_neural,enhanced,Fold_5,lstm,SiCo21,0,0,0.49826914072036743,Control,Control
feature_neural,enhanced,Fold_5,lstm,SiCo22,0,1,0.5405926704406738,Control,Patient
feature_neural,enhanced,Fold_5,lstm,SiPt27,1,1,0.5507275462150574,Patient,Patient
feature_neural,enhanced,Fold_5,gru,GaCo10,0,0,0.3878682553768158,Control,Control
feature_neural,enhanced,Fold_5,gru,GaCo12,0,1,0.5355173349380493,Control,Patient
feature_neural,enhanced,Fold_5,gru,GaCo13,0,0,0.36851489543914795,Control,Control
feature_neural,enhanced,Fold_5,gru,GaPt08,1,1,0.6750390529632568,Patient,Patient
feature_neural,enhanced,Fold_5,gru,GaPt21,1,1,0.5275462865829468,Patient,Patient
feature_neural,enhanced,Fold_5,gru,GaPt22,1,0,0.41231557726860046,Patient,Control
feature_neural,enhanced,Fold_5,gru,GaPt23,1,0,0.48398712277412415,Patient,Control
feature_neural,enhanced,Fold_5,gru,GaPt26,1,0,0.4226452112197876,Patient,Control
feature_neural,enhanced,Fold_5,gru,JuCo15,0,0,0.347093790769577,Control,Control
feature_neural,enhanced,Fold_5,gru,JuCo18,0,0,0.38685357570648193,Control,Control
feature_neural,enhanced,Fold_5,gru,JuPt09,1,1,0.6020223498344421,Patient,Patient
feature_neural,enhanced,Fold_5,gru,JuPt11,1,1,0.5733434557914734,Patient,Patient
feature_neural,enhanced,Fold_5,gru,JuPt15,1,0,0.4952428638935089,Patient,Control
feature_neural,enhanced,Fold_5,gru,JuPt29,1,1,0.6070032715797424,Patient,Patient
feature_neural,enhanced,Fold_5,gru,SiCo09,0,0,0.4387598931789398,Control,Control
feature_neural,enhanced,Fold_5,gru,SiCo15,0,0,0.3146968483924866,Control,Control
feature_neural,enhanced,Fold_5,gru,SiCo20,0,0,0.41795411705970764,Control,Control
feature_neural,enhanced,Fold_5,gru,SiCo21,0,0,0.42678502202033997,Control,Control
feature_neural,enhanced,Fold_5,gru,SiCo22,0,0,0.36207816004753113,Control,Control
feature_neural,enhanced,Fold_5,gru,SiPt27,1,1,0.6356093287467957,Patient,Patient
feature_neural,enhanced,Fold_5,patchtst,GaCo10,0,0,0.16698148846626282,Control,Control
feature_neural,enhanced,Fold_5,patchtst,GaCo12,0,0,0.47149181365966797,Control,Control
feature_neural,enhanced,Fold_5,patchtst,GaCo13,0,0,0.20920556783676147,Control,Control
feature_neural,enhanced,Fold_5,patchtst,GaPt08,1,1,0.7797557711601257,Patient,Patient
feature_neural,enhanced,Fold_5,patchtst,GaPt21,1,1,0.7929232120513916,Patient,Patient
feature_neural,enhanced,Fold_5,patchtst,GaPt22,1,1,0.8065800070762634,Patient,Patient
feature_neural,enhanced,Fold_5,patchtst,GaPt23,1,1,0.8171218633651733,Patient,Patient
feature_neural,enhanced,Fold_5,patchtst,GaPt26,1,1,0.7524405717849731,Patient,Patient
feature_neural,enhanced,Fold_5,patchtst,JuCo15,0,0,0.32399067282676697,Control,Control
feature_neural,enhanced,Fold_5,patchtst,JuCo18,0,0,0.14697524905204773,Control,Control
feature_neural,enhanced,Fold_5,patchtst,JuPt09,1,0,0.4023703932762146,Patient,Control
feature_neural,enhanced,Fold_5,patchtst,JuPt11,1,0,0.4389302134513855,Patient,Control
feature_neural,enhanced,Fold_5,patchtst,JuPt15,1,0,0.3011857569217682,Patient,Control
feature_neural,enhanced,Fold_5,patchtst,JuPt29,1,1,0.7790380120277405,Patient,Patient
feature_neural,enhanced,Fold_5,patchtst,SiCo09,0,0,0.15655378997325897,Control,Control
feature_neural,enhanced,Fold_5,patchtst,SiCo15,0,1,0.7798424959182739,Control,Patient
feature_neural,enhanced,Fold_5,patchtst,SiCo20,0,1,0.7029038667678833,Control,Patient
feature_neural,enhanced,Fold_5,patchtst,SiCo21,0,0,0.18445110321044922,Control,Control
feature_neural,enhanced,Fold_5,patchtst,SiCo22,0,0,0.15550531446933746,Control,Control
feature_neural,enhanced,Fold_5,patchtst,SiPt27,1,0,0.32580113410949707,Patient,Control
