subject_id,gait__left_threshold,gait__left_contact_fraction,gait__left_contact_count,gait__left_cadence_per_min,gait__left_force_mean,gait__left_force_std,gait__left_force_cv,gait__left_force_min,gait__left_force_max,gait__left_force_median,gait__left_force_iqr,gait__left_force_p10,gait__left_force_p90,gait__left_active_force_mean,gait__left_active_force_std,gait__left_active_force_cv,gait__left_active_force_min,gait__left_active_force_max,gait__left_active_force_median,gait__left_active_force_iqr,gait__left_active_force_p10,gait__left_active_force_p90,gait__left_contact_duration_mean,gait__left_contact_duration_std,gait__left_contact_duration_cv,gait__left_contact_duration_min,gait__left_contact_duration_max,gait__left_contact_duration_median,gait__left_contact_duration_iqr,gait__left_contact_duration_p10,gait__left_contact_duration_p90,gait__left_swing_duration_mean,gait__left_swing_duration_std,gait__left_swing_duration_cv,gait__left_swing_duration_min,gait__left_swing_duration_max,gait__left_swing_duration_median,gait__left_swing_duration_iqr,gait__left_swing_duration_p10,gait__left_swing_duration_p90,gait__left_stride_interval_mean,gait__left_stride_interval_std,gait__left_stride_interval_cv,gait__left_stride_interval_min,gait__left_stride_interval_max,gait__left_stride_interval_median,gait__left_stride_interval_iqr,gait__left_stride_interval_p10,gait__left_stride_interval_p90,gait__left_contact_peak_mean,gait__left_contact_peak_std,gait__left_contact_peak_cv,gait__left_contact_peak_min,gait__left_contact_peak_max,gait__left_contact_peak_median,gait__left_contact_peak_iqr,gait__left_contact_peak_p10,gait__left_contact_peak_p90,gait__left_contact_impulse_mean,gait__left_contact_impulse_std,gait__left_contact_impulse_cv,gait__left_contact_impulse_min,gait__left_contact_impulse_max,gait__left_contact_impulse_median,gait__left_contact_impulse_iqr,gait__left_contact_impulse_p10,gait__left_contact_impulse_p90,gait__right_threshold,gait__right_contact_fraction,gait__right_contact_count,gait__right_cadence_per_min,gait__right_force_mean,gait__right_force_std,gait__right_force_cv,gait__right_force_min,gait__right_force_max,gait__right_force_median,gait__right_force_iqr,gait__right_force_p10,gait__right_force_p90,gait__right_active_force_mean,gait__right_active_force_std,gait__right_active_force_cv,gait__right_active_force_min,gait__right_active_force_max,gait__right_active_force_median,gait__right_active_force_iqr,gait__right_active_force_p10,gait__right_active_force_p90,gait__right_contact_duration_mean,gait__right_contact_duration_std,gait__right_contact_duration_cv,gait__right_contact_duration_min,gait__right_contact_duration_max,gait__right_contact_duration_median,gait__right_contact_duration_iqr,gait__right_contact_duration_p10,gait__right_contact_duration_p90,gait__right_swing_duration_mean,gait__right_swing_duration_std,gait__right_swing_duration_cv,gait__right_swing_duration_min,gait__right_swing_duration_max,gait__right_swing_duration_median,gait__right_swing_duration_iqr,gait__right_swing_duration_p10,gait__right_swing_duration_p90,gait__right_stride_interval_mean,gait__right_stride_interval_std,gait__right_stride_interval_cv,gait__right_stride_interval_min,gait__right_stride_interval_max,gait__right_stride_interval_median,gait__right_stride_interval_iqr,gait__right_stride_interval_p10,gait__right_stride_interval_p90,gait__right_contact_peak_mean,gait__right_contact_peak_std,gait__right_contact_peak_cv,gait__right_contact_peak_min,gait__right_contact_peak_max,gait__right_contact_peak_median,gait__right_contact_peak_iqr,gait__right_contact_peak_p10,gait__right_contact_peak_p90,gait__right_contact_impulse_mean,gait__right_contact_impulse_std,gait__right_contact_impulse_cv,gait__right_contact_impulse_min,gait__right_contact_impulse_max,gait__right_contact_impulse_median,gait__right_contact_impulse_iqr,gait__right_contact_impulse_p10,gait__right_contact_impulse_p90,gait__left_cop_x_mean,gait__left_cop_x_std,gait__left_cop_x_cv,gait__left_cop_x_min,gait__left_cop_x_max,gait__left_cop_x_median,gait__left_cop_x_iqr,gait__left_cop_x_p10,gait__left_cop_x_p90,gait__left_cop_y_mean,gait__left_cop_y_std,gait__left_cop_y_cv,gait__left_cop_y_min,gait__left_cop_y_max,gait__left_cop_y_median,gait__left_cop_y_iqr,gait__left_cop_y_p10,gait__left_cop_y_p90,gait__left_cop_speed_mean,gait__left_cop_speed_std,gait__left_cop_speed_cv,gait__left_cop_speed_min,gait__left_cop_speed_max,gait__left_cop_speed_median,gait__left_cop_speed_iqr,gait__left_cop_speed_p10,gait__left_cop_speed_p90,gait__right_cop_x_mean,gait__right_cop_x_std,gait__right_cop_x_cv,gait__right_cop_x_min,gait__right_cop_x_max,gait__right_cop_x_median,gait__right_cop_x_iqr,gait__right_cop_x_p10,gait__right_cop_x_p90,gait__right_cop_y_mean,gait__right_cop_y_std,gait__right_cop_y_cv,gait__right_cop_y_min,gait__right_cop_y_max,gait__right_cop_y_median,gait__right_cop_y_iqr,gait__right_cop_y_p10,gait__right_cop_y_p90,gait__right_cop_speed_mean,gait__right_cop_speed_std,gait__right_cop_speed_cv,gait__right_cop_speed_min,gait__right_cop_speed_max,gait__right_cop_speed_median,gait__right_cop_speed_iqr,gait__right_cop_speed_p10,gait__right_cop_speed_p90,gait__force_symmetry_index_mean,gait__force_symmetry_index_std,gait__force_symmetry_index_cv,gait__force_symmetry_index_min,gait__force_symmetry_index_max,gait__force_symmetry_index_median,gait__force_symmetry_index_iqr,gait__force_symmetry_index_p10,gait__force_symmetry_index_p90,gait__double_support_fraction,gait__no_support_fraction,gait__left_only_fraction,gait__right_only_fraction,gait__contact_fraction_absdiff,gait__cadence_absdiff,gait__step_interval_mean,gait__step_interval_std,gait__step_interval_cv,gait__step_interval_min,gait__step_interval_max,gait__step_interval_median,gait__step_interval_iqr,gait__step_interval_p10,gait__step_interval_p90,gait__left_right_corr_max,gait__left_right_corr_lag_seconds
GaCo02,74.1752,0.6373774620019786,98.0,52.88245345804479,440.2353934706358,373.3945277372427,0.848170168220017,0.0,1046.43,538.34,792.825,0.0,879.3620000000001,688.6663073232678,220.157918102145,0.31968736637856265,74.58,1046.43,757.02,255.86,313.39,914.43,0.7231632653061224,0.2679651094360086,0.37054579777642666,0.16,2.51,0.68,0.019999999999999907,0.66,0.71,0.4156701030927835,0.0409904996912434,0.09861305705568311,0.07,0.46,0.42,0.020000000000000018,0.41,0.43400000000000005,1.144639175257732,0.2588438284708834,0.22613574114870322,0.78,2.94,1.1,0.020000000000000018,1.08,1.134,949.880306122449,40.34469806741881,0.042473454610370144,738.54,1046.43,952.875,41.63499999999999,906.6750000000001,989.615,498.0181755102041,148.09626263185262,0.29737120031781017,114.89939999999999,1437.7418,476.0888,18.526475000000005,461.21416,498.53957999999994,75.152,0.6241568486374673,99.0,53.42207033006566,449.49941361633245,387.35485116088097,0.8617471779187762,0.0,1086.25,519.31,830.39,0.0,891.66,717.6211858789626,221.44035983851106,0.3085755607493334,76.23,1086.25,815.21,269.7750000000001,354.596,926.6510000000001,0.7010101010101011,0.09401799687481877,0.13411789160416981,0.64,1.29,0.68,0.019999999999999907,0.66,0.71,0.42367346938775513,0.04250780852881659,0.10033153241790788,0.33,0.78,0.42,0.020000000000000018,0.41,0.43299999999999994,1.1251020408163264,0.12205924371151454,0.10848726531014578,1.0,1.78,1.1,0.02750000000000008,1.0770000000000002,1.13,957.7555555555555,53.978889312008114,0.056359776770640364,684.86,1086.25,963.49,55.495000000000005,904.97,1005.4879999999999,503.0597000000001,48.40234081839433,0.09621589806994697,467.4681,834.5304000000001,493.4171,16.323450000000037,479.50320000000005,516.0144000000001,-544.8609611661562,36.200444509007944,0.06643978388809933,-642.3088923547833,-414.58966565063145,-538.841681573692,53.018373261491206,-596.5822575617543,-504.80514328296766,-147.6769696578638,396.3383247914322,2.6838194588294995,-799.9999999971469,608.2595870124932,-296.6494143281535,689.1858378243428,-586.6593170098764,473.21444824429403,3881.1254875099407,15410.869485641118,3.9707217752251758,0.0,140826.110086276,1995.459225218462,1937.0822250585975,384.28792344023464,4068.7007557726065,531.3393742935738,31.953429899293617,0.06013751557884488,338.6284114744028,627.142857142103,530.1645969259962,47.601211668086535,493.0879280694597,571.205925868147,-62.79940700939337,403.7507299355229,6.429212458466395,-799.9999999968448,637.4407582869728,-106.96683837913992,719.3687359427696,-615.83979039754,473.7410895929419,3911.8780471390164,15605.112310993081,3.9891612476012686,0.0,140631.60805818948,1878.4615447839453,1386.241797761013,880.0424144981413,3589.85933803579,0.006182259785149482,0.8803878464227345,142.40548514833435,-0.9999999999990503,0.9999999999989992,0.005530520278569257,1.9999999999974127,-0.9999999999988275,0.9999999999987849,0.261534310639446,0.0,0.3758431513625326,0.3626225379980214,0.013220613364511302,0.539616872020865,0.5664795918367347,0.1284338732094789,0.22672285962911093,0.24,1.77,0.55,0.020000000000000018,0.53,0.57,0.9639918399391051,-0.55
GaCo03,93.93208000000001,0.6362082921126001,88.0,47.48628473783614,602.0590952423779,499.1513214042056,0.8290736330499706,0.0,1304.93,800.91,1078.66,0.0,1140.92,941.2907746677975,274.09782186665285,0.2911935708316029,94.38,1304.93,1062.6,260.645,478.20300000000003,1163.8,0.8038636363636364,0.23071249236274877,0.28700451374986563,0.11,2.62,0.76,0.04249999999999998,0.737,0.83,0.4648275862068965,0.03416868462665971,0.0735082976291833,0.23,0.56,0.47,0.019999999999999962,0.446,0.49,1.2694252873563219,0.23144402427378388,0.1823218951100796,0.57,3.1,1.23,0.05500000000000016,1.19,1.32,1183.6225,48.95690445432595,0.041361924477005624,868.01,1304.93,1187.725,40.94750000000022,1144.033,1227.336,756.669425,201.38289717693726,0.266143827836933,57.08559999999999,2350.1049000000003,731.3630499999999,44.815924999999766,692.6295200000001,793.87187,94.3624,0.6136343196330605,89.0,48.025901609857,590.5007356776688,513.2132333445521,0.8691153157577538,0.0,1271.49,739.42,1113.31,0.0,1155.2420000000002,958.1526381357174,281.50712136317037,0.29380195822515964,95.37,1271.49,1100.44,270.7650000000001,471.152,1173.37,0.7666292134831462,0.11333497947914709,0.14783545596492356,0.15,1.25,0.75,0.040000000000000036,0.71,0.8160000000000002,0.4881818181818181,0.02830617723080049,0.05798285826834153,0.44,0.65,0.48,0.020000000000000018,0.47,0.51,1.2618181818181817,0.11415246437973621,0.09046665037334042,1.15,1.78,1.2349999999999999,0.050000000000000044,1.19,1.313,1196.6455056179777,48.89371145914337,0.04085897722387932,936.87,1271.49,1203.51,42.79000000000019,1156.1660000000002,1242.1200000000001,734.5478033707865,83.24406494484697,0.11332695375676392,112.44529999999999,975.5020000000003,734.3819999999998,41.24450000000013,694.7494399999999,778.0777400000001,-510.9884394086127,30.96606557736541,0.06060032515244977,-642.0398728674265,-372.23065250122613,-509.5769453101622,41.86501000902706,-553.1750147559402,-477.6380791846691,1.4512740238731858,354.4864482389147,244.2587975554032,-781.8181818136317,568.8829787199656,17.18236160198706,601.4613909606451,-521.2749392172888,458.20614620150786,3195.5668298020814,13257.772623292949,4.148801552089563,0.0,130372.17282820743,1557.5829829522324,1066.1347281494322,761.6435920346393,3160.3520235308624,516.9649750557975,20.962471046336834,0.04054911272090289,381.1594202859921,595.2380952375422,519.8935631012764,23.53992347601445,493.20441654718314,538.6900100530969,-90.71551072493885,369.6057823704605,4.074339431181494,-799.999999997052,591.0320284659268,-114.37561455250346,653.2305769016889,-581.8836253967878,373.5214712111385,3441.624771131663,14555.574147232497,4.229273995619852,0.0,136640.6510478615,1633.1434988090991,1282.308612371738,733.430290931829,3190.8835886913007,0.020656846333488132,0.8817615661845702,42.6861636700529,-0.9999999999991815,0.9999999999992337,0.0320135363789989,1.9849961991040326,-0.9999999999991142,0.9999999999990826,0.24984261174566058,0.0,0.38636568036693947,0.36379170788739995,0.022573972479539628,0.539616872020865,0.6309090909090909,0.10808389380094315,0.17131452880776873,0.0,1.66,0.62,0.030000000000000027,0.59,0.66,0.9551773995434859,0.63
GaCo06,79.14808000000001,0.606259555715442,95.0,51.2636028419822,466.33687292022665,407.410344638522,0.8736395689374139,0.0,1071.62,640.31,843.9749999999999,0.0,942.92,767.1438347426198,209.51344589535,0.27310842687717046,79.2,1071.62,814.22,192.16999999999996,469.04,979.11,0.7095789473684209,0.047148495303861844,0.06644573575959845,0.63,0.9,0.7,0.039999999999999925,0.67,0.7560000000000001,0.4588297872340425,0.03780848669164341,0.08240198797284243,0.32,0.53,0.47,0.02749999999999997,0.406,0.49,1.1681914893617023,0.055331933874503615,0.04736546562017107,1.02,1.37,1.16,0.050000000000000044,1.1130000000000002,1.22,1013.6442105263156,41.36474022462144,0.04080794799104389,842.49,1071.62,1022.12,42.184999999999945,956.318,1057.7160000000001,544.3491147368421,35.9594478359896,0.06605953213188862,454.4507,692.9406,541.8314,39.52024999999992,506.6467999999999,581.6254399999999,85.3688,0.6044608328087058,96.0,51.80321971400306,496.49932997571733,435.4843313678923,0.8771096053408849,0.0,1163.91,670.67,889.24,0.0,1017.72,819.0739934533552,224.89004349955277,0.274566211718069,85.8,1163.91,859.87,211.52999999999997,503.8,1057.54,0.7001041666666667,0.060181925437007705,0.0859613871998281,0.32,0.92,0.7,0.029999999999999916,0.67,0.76,0.4629473684210525,0.03946680641835954,0.08525117329798308,0.28,0.54,0.47,0.019999999999999962,0.444,0.49,1.1647368421052633,0.07260335073118955,0.06233455321772457,0.76,1.34,1.17,0.040000000000000036,1.124,1.23,1094.3716666666667,48.57678823837117,0.04438783433263238,904.31,1163.91,1104.7849999999999,51.12250000000017,1038.1799999999998,1140.59,573.437115625,47.28252089346003,0.08245458761741199,278.7092,780.2376999999999,573.2144,29.30289999999991,544.3724,607.93755,-497.9771489635988,31.758347025123978,0.06377470751651233,-615.2219873090984,-305.2063492045876,-496.6651508254486,43.484524504316994,-539.1371707776307,-460.19012288381833,8.350636947940975,310.1451074599882,37.14029353165937,-707.1748878851695,676.1557177578183,26.804411559368468,491.7441799024482,-378.27315541547273,420.0194995118917,3439.3886681863496,13081.882371691574,3.803548721519187,8.820022156510339,125905.24646482484,1572.158327107994,1282.42508107062,597.4872125312438,4209.993761104297,502.86792381160296,32.579125163194156,0.06478664400820877,299.9999999965781,614.666666665848,505.3282587989563,41.047376035456125,463.0988989183404,541.2577608642258,39.1267924534648,310.23482119453587,7.928961249649654,-761.382113814104,689.8954703808471,65.68563615046267,497.34762381367557,-338.5264341952928,436.139630389601,3621.7270728528138,14081.35889089848,3.888023202091478,0.0,136308.1852917783,1572.741635147278,1224.1785758094568,618.3699896055235,4081.3475631218776,-0.005222626553670681,0.9037726132588384,173.0494093195731,-0.9999999999991408,0.9999999999990669,-0.03981303730904251,1.9999999999975615,-0.9999999999989954,0.9999999999989267,0.21072038852414784,0.0,0.39553916719129417,0.39374044428455796,0.0017987229067362165,0.539616872020865,0.5823684210526315,0.04316639839201904,0.07412214803796123,0.23,0.72,0.58,0.030000000000000027,0.56,0.62,0.9645312796365714,-0.58
GaCo08,85.00887999999999,0.6201097220973109,92.0,49.644752225919596,496.6467056389963,434.29276632328236,0.8744501098897607,0.0,1117.05,627.0,909.5350000000001,0.0,1020.2060000000002,797.7217389412618,255.7568570362885,0.3206091103589693,85.25,1117.05,880.11,248.21500000000003,336.09400000000005,1052.546,0.7494565217391305,0.11608059541275605,0.15488636350578697,0.28,1.38,0.725,0.040000000000000036,0.691,0.83,0.4641758241758241,0.044427145796926824,0.09571189059684089,0.23,0.56,0.47,0.019999999999999962,0.44,0.5,1.215934065934066,0.10346712619063844,0.08509271103122151,0.76,1.65,1.2,0.04500000000000015,1.15,1.31,1078.2785869565216,53.87948810280866,0.049968059047555975,629.97,1117.05,1086.855,27.389999999999873,1061.302,1109.6470000000002,597.8577597826087,83.52393657562439,0.1397053650451161,231.8107,991.4498000000001,592.10085,30.778275000000008,557.81583,653.20013,77.59048000000001,0.6165122762838384,90.0,48.56551848187787,457.37605270258115,400.85042711900724,0.8764132375308085,0.0,1052.26,566.06,842.5450000000001,0.0,924.33,739.2338905908097,231.02338337496434,0.31251730516577586,77.88,1052.26,816.09,224.17999999999984,324.214,958.056,0.7616666666666666,0.1442701940419049,0.18941382125053532,0.67,1.83,0.72,0.0475000000000001,0.69,0.8430000000000002,0.47269662921348315,0.03827059319169929,0.08096227209069631,0.28,0.63,0.47,0.019999999999999962,0.45,0.5,1.2346067415730337,0.14523174955272936,0.11763401619697382,1.14,2.27,1.19,0.050000000000000044,1.15,1.372,996.1208888888888,32.01230286570199,0.03213696572649691,878.68,1052.26,1003.53,40.48000000000002,956.89,1029.941,563.0498133333332,104.41201151263223,0.1854400961334365,444.9093000000001,1388.7973000000002,537.4413,35.807199999999966,518.85438,614.5975000000001,-504.4240485420956,26.965584039509118,0.05345816504465351,-589.5574197273128,-346.6019417455334,-504.1293734739033,33.1378046859835,-536.2646286476157,-474.5314330200669,94.74585317235167,355.34049696580615,3.750459625031374,-799.9999999915038,658.3783783743344,139.16358870472237,613.5871364888998,-364.7656170281097,533.5312186770102,3488.646854581519,13763.401667730097,3.9451977346606903,0.0,133568.81741855838,1553.188284644855,1124.03560331568,746.2403930284769,3438.2581257858405,504.5000932656616,32.73053408794224,0.06487716161955592,423.29986017492706,615.6284849441458,501.6575230530454,41.6187289163513,465.2609287184099,544.535237868551,53.45263739560125,352.8942879419772,6.601999548190971,-799.999999993518,667.1266633779868,52.98117154805418,595.5976114298741,-367.08479649606016,539.6139335960876,3576.948554708126,14459.15758684268,4.042316339106109,21.787359962621075,141657.8631202909,1690.7838969886598,1090.2367652256426,636.8985198210497,3428.3971320673336,0.011565007827876771,0.8944286641100831,77.33921153212748,-0.9999999999990496,0.9999999999991048,0.06174151829209314,1.999999999997607,-0.9999999999989125,0.9999999999990012,0.2366219983811494,0.0,0.3834877237161615,0.3798902779026891,0.003597445813472433,1.07923374404173,0.6113259668508287,0.07366797875385518,0.12050523391447213,0.16,1.07,0.6,0.030000000000000027,0.57,0.67,0.9415720472764069,0.59
GaCo09,83.24799999999999,0.6145336810864286,105.0,56.65977156219085,462.5338150912852,407.4982187943907,0.8810128157075094,0.0,1140.04,611.05,819.39,0.0,977.9,750.0902414751939,235.77491350272336,0.31432873068540823,84.59,1140.04,785.62,228.47000000000003,348.744,1028.588,0.6507619047619048,0.1021361858183217,0.15694862424182898,0.19,1.33,0.64,0.030000000000000027,0.61,0.69,0.4121153846153846,0.03896924519420304,0.09455906417085799,0.09,0.47,0.42,0.020000000000000018,0.39,0.43700000000000006,1.0660576923076923,0.09487256908034758,0.08899384121133569,0.61,1.68,1.0550000000000002,0.040000000000000036,1.02,1.1070000000000002,1058.8191428571429,59.11332034425447,0.05582947828529605,771.32,1140.04,1075.25,46.309999999999945,986.634,1108.5800000000002,488.13015428571435,73.99375524792812,0.1515861181656608,147.1932,995.6605999999999,484.32230000000004,25.24830000000003,455.5927200000001,525.7703,71.896,0.6126450220343556,104.0,56.12015469016998,421.9979890277903,373.25706905346647,0.8844996392340663,0.0,968.44,529.98,781.99,0.0,861.41,686.4745390487375,216.22098659789907,0.3149730606137355,72.27,968.44,750.97,182.1875000000001,280.852,889.13,0.655,0.054384669785632674,0.08303003008030937,0.6,0.92,0.64,0.032500000000000084,0.62,0.69,0.41504854368932054,0.04998783903388119,0.12043853586162787,0.12,0.74,0.42,0.020000000000000018,0.382,0.44,1.0703883495145632,0.07327196751479716,0.06845362945100573,0.89,1.55,1.06,0.03500000000000014,1.03,1.108,916.45125,32.54885368676009,0.035516186689389724,813.78,968.44,924.605,38.52750000000003,870.2099999999999,951.17,449.6408230769231,33.80165456875206,0.0751747902634148,403.11699999999996,667.1808000000002,441.7589,20.456699999999955,428.13627999999994,466.63914000000005,-499.23103285753217,24.683797576266333,0.049443636215741854,-686.4734299441536,-428.67518156676755,-496.14147909912066,31.259035107059162,-532.4389844463618,-470.985971732795,134.39005656887036,378.03476289163785,2.8129667665932923,-799.9999999960129,733.6467427759103,154.5454545452656,542.4940801124258,-384.5897058245532,632.9292773351152,4401.871640616315,17048.173052668826,3.8729373422342688,0.0,153364.73309540853,1950.713238891447,1376.815271314084,751.5830489714889,4825.163319826395,497.5747952064547,21.124315700988728,0.04245455337459634,299.9999999960127,655.3606237787731,494.4942511101044,25.072433079023597,475.61749821716523,524.7436243443424,15.370590152030374,398.4546432685912,25.92318442568285,-799.9999999968786,758.5996955755002,-3.9375300679251435,643.8801724950864,-461.7432914424315,602.2261169558437,4459.372575750456,17341.512490690904,3.88877856606737,0.0,155489.11554301623,2255.810787860361,1694.1267452337477,475.27256389677603,4260.23946244591,0.013734982792807908,0.8998841910572333,65.51767403820618,-0.9999999999989674,0.9999999999991228,0.08236443575957514,1.9999999999972946,-0.9999999999988229,0.9999999999989624,0.22717870312078425,0.0,0.3873549779656444,0.38546631891357136,0.0018886590520730273,0.539616872020865,0.5330288461538462,0.05855601472271744,0.10985524523744328,0.1,1.03,0.53,0.020000000000000018,0.5,0.56,0.9522617064713841,0.53
GaCo10,69.49448000000001,0.6042809605180322,104.0,56.12015469016998,406.2647144527386,362.184757359394,0.8914994201413374,0.0,957.77,520.85,751.08,0.0,824.45,669.5616669147195,204.44349328372638,0.30533930388440317,69.74,957.77,727.21,147.89499999999998,305.976,857.8019999999999,0.6460576923076923,0.06207034268334921,0.09607554143587531,0.24,0.85,0.64,0.032500000000000084,0.61,0.697,0.42339805825242716,0.022100977356513257,0.052199052106039055,0.32,0.51,0.42,0.020000000000000018,0.4,0.45,1.0683495145631068,0.06668425946900362,0.062418018165015604,0.64,1.27,1.06,0.040000000000000036,1.02,1.128,895.8495192307693,27.87121158733118,0.031111488022265148,810.15,957.77,900.185,33.6875,859.122,926.398,432.5754653846154,37.70860763738873,0.08717232172142204,168.0085,556.9685,427.3423,18.48302499999994,413.49242000000004,458.81175999999994,76.9736,0.61336451119705,104.0,56.12015469016998,419.4327205683964,376.41739268616084,0.8974440338730832,0.0,1067.44,490.6,751.0250000000001,0.0,896.9620000000001,681.3292580645161,231.3056852335995,0.3394917838848443,77.0,1067.44,727.54,216.91999999999996,273.57,947.98,0.6557692307692307,0.041036857441074284,0.06257819893495005,0.52,0.8,0.65,0.030000000000000027,0.613,0.69,0.416116504854369,0.02005976554222904,0.048207089264681764,0.34,0.49,0.41,0.010000000000000009,0.4,0.43,1.0732038834951456,0.05291894502160845,0.04930931185224183,0.99,1.27,1.06,0.050000000000000044,1.022,1.12,991.9239423076923,36.280546053749106,0.03657593541830085,860.31,1067.44,998.36,31.0474999999999,956.428,1023.561,446.7947634615385,28.37762163730109,0.06351377401423017,334.4209,561.3113000000001,444.61890000000005,29.908725000000004,419.10297,472.17885000000007,-528.6668161219384,33.48224869104466,0.0633333654958562,-699.9999999943333,-399.248120295294,-527.7351247595013,43.92704511065563,-572.0138064818428,-491.6583610572601,-10.502687713280045,383.70985449564716,36.534443842782615,-799.9999999950794,710.9933774748825,-59.963244946108546,605.3674052064565,-454.0519185331996,530.321239622164,4396.806699335701,16709.40691763764,3.8003505862921854,4.90545104446479e-07,151100.90745135705,2142.0231676503226,1266.1685495347247,850.1507951374846,3984.723185465563,496.936773238067,36.17815013160603,0.07280232029478205,362.4733475444614,631.960132889411,499.9999999935065,47.998506439154994,447.37970433602004,540.4520425365114,-22.155509772146672,382.9256184636291,17.28353905572282,-799.9999999968448,670.1298701267054,-26.98141938881077,575.7371269861303,-527.0376612778853,476.4380549486746,4396.116005838256,16804.036900354113,3.822473492062928,7.683336757708976e-08,146030.95111095067,1904.1706719557542,1271.528648925273,736.7459824952225,4612.206469883529,-0.005639579145841675,0.9071164990235436,160.8482325927051,-0.9999999999990632,0.999999999998956,-0.0009066183136889978,1.999999999997164,-0.999999999998778,0.9999999999987566,0.21764547171508228,0.0,0.3866354888029499,0.3957190394819678,0.009083550679017893,0.0,0.5346376811594203,0.042149253211816215,0.07883704164205917,0.13,0.71,0.53,0.030000000000000027,0.51,0.56,0.9700855909435097,-0.52
GaCo11,86.15288000000001,0.61336451119705,110.0,59.35785592229517,501.0589135713643,440.7663699578541,0.8796697514377168,0.0,1222.87,626.23,914.2099999999999,0.0,1027.62,811.4117096774193,259.76125617943046,0.320134961180656,86.35,1222.87,876.315,244.5300000000001,380.259,1061.39,0.6199999999999998,0.07506360938927367,0.12107033752936026,0.28,1.09,0.61,0.020000000000000018,0.59,0.6720000000000002,0.3944036697247706,0.02428542782990952,0.06157505528607716,0.27,0.45,0.4,0.019999999999999962,0.38,0.41,1.0172477064220182,0.07217297722505626,0.07094926505950273,0.66,1.45,1.01,0.030000000000000027,0.978,1.09,1130.876,54.718818737249805,0.048386223367726806,852.28,1222.87,1134.045,61.902500000000146,1071.3670000000002,1189.881,503.07526000000007,60.91264385135813,0.12108057917862437,204.5747,849.2923999999999,495.34925,25.304950000000076,473.77968,549.2773,85.03968000000003,0.609587193092904,109.0,58.81823905027431,472.81362622538006,424.9429251070997,0.8987535501010283,0.0,1363.56,563.75,876.3149999999999,0.0,997.15,770.3213499557392,263.3991931578447,0.34193417224206113,85.47,1363.56,829.51,275.275,316.283,1045.253,0.6218348623853209,0.05524200531829532,0.08883709899691572,0.56,0.95,0.61,0.030000000000000027,0.58,0.652,0.3983333333333334,0.027971546389275785,0.07022145519427864,0.28,0.52,0.4,0.019999999999999962,0.38,0.41,1.0203703703703704,0.06041409459545639,0.05920800553461728,0.92,1.37,1.01,0.040000000000000036,0.97,1.08,1113.2413761467888,49.83736506700385,0.044767798012915104,960.19,1363.56,1114.96,47.41000000000008,1061.39,1157.618,479.0126706422018,32.03317073180106,0.06687332652137994,293.3612,578.2843,476.74989999999997,24.81929999999994,451.97328,511.48966,-540.745466177998,31.274518656297996,0.057835933192910916,-662.6492942388446,-371.94928684448956,-547.6364400904436,31.716584901487522,-571.4304554520234,-494.32044177328805,-124.11987474629504,364.29184947692556,2.935000137718594,-799.9999999912692,454.48504982931155,-164.0639231389134,697.9587112977331,-575.7474751941913,370.6758760202741,3911.789710182604,14221.525815294917,3.635554789223937,6.906459707603768,122798.10239905525,2009.427491256168,1830.6452451902173,445.6445120200178,3870.913710391469,511.98715112195123,29.86339433311225,0.058328405835209526,361.69732171641755,690.6925207721446,516.1017263742046,24.268081094890988,470.9706909436564,539.1080641902837,-96.72703382185885,344.96245762378715,3.566350005682325,-799.9999999957888,543.1906614737957,-159.89676718262405,625.818637924129,-482.4144367026159,377.08896232991975,4071.1031332938337,14912.975601888562,3.66312891459941,0.0,134352.04500789265,1977.0626168326241,1666.797563191588,438.95657003665843,4159.8617315755355,0.00834573777144774,0.9003313684752656,107.87916961353497,-0.9999999999992666,0.9999999999991268,0.04031848212770063,1.9756636164638839,-0.9999999999988494,0.9999999999989142,0.22295170428995414,0.0,0.39041280690709596,0.3866354888029499,0.0037773181041460546,0.539616872020865,0.5086238532110091,0.042078299445620825,0.08272970112833934,0.18,0.8,0.5,0.030000000000000027,0.48,0.54,0.958766972215257,0.51
GaCo12,71.51144000000001,0.5857541145786491,111.0,59.89747279431604,372.2699460383128,341.68683778862965,0.9178469587027757,0.0,996.05,434.5,669.46,0.0,812.042,631.4784001228313,192.32999592735035,0.3045709811921278,71.61,996.05,648.12,169.06999999999994,340.45,883.08,0.5854054054054054,0.04326294596192121,0.07390253914389155,0.36,0.75,0.58,0.030000000000000027,0.56,0.62,0.420090909090909,0.05035321520014125,0.11986266303463851,0.27,0.81,0.42,0.020000000000000018,0.4,0.44,1.0075454545454545,0.06758410737923476,0.06707797351202062,0.81,1.43,1.0,0.040000000000000036,0.96,1.04,925.3626126126128,53.58991109016448,0.05791233659073826,603.9,996.05,931.81,43.504999999999995,899.03,967.67,370.41619009009014,24.577740447038128,0.06635169062398202,248.8497,472.19810000000007,371.1686,16.47305,354.8567,388.9633,77.02112000000002,0.6028419821926432,110.0,59.35785592229517,427.872507419732,384.64667687142486,0.8989749754900642,0.0,1052.92,499.62,794.86,0.0,896.8520000000001,706.9246083843055,221.8975735380577,0.31389142619450816,77.88,1052.92,758.01,241.89,346.28000000000003,949.85,0.6093636363636363,0.05778136334851597,0.09482246692385926,0.57,1.05,0.6,0.030000000000000027,0.579,0.6310000000000001,0.3997247706422018,0.020873525464433825,0.05221974454742563,0.26,0.51,0.4,0.019999999999999962,0.39,0.41,1.0090825688073395,0.07067877047060235,0.07004260363361225,0.91,1.5,1.0,0.030000000000000027,0.96,1.04,990.026,63.537380053005016,0.06417748630131011,628.65,1052.92,1000.2850000000001,37.262500000000045,956.7470000000001,1036.2,430.77415,36.283009304997016,0.08422745261040568,330.0363,653.1525,429.89760000000007,24.441724999999963,402.71506,454.70358999999996,-541.5234489369375,33.04979265988937,0.06103113858634978,-680.7633587691773,-342.51357641341065,-543.2482887360084,32.18695787303773,-579.29380860579,-502.6116597030466,-10.616767717576074,364.78863264809604,34.35966975238878,-799.9999999919904,714.8233134435528,15.850192275515115,651.3639588127528,-482.57808490034887,456.98575435907634,4581.973431098941,15043.733558745711,3.283243297884933,54.83925586209958,147693.7778962272,1999.4100276268907,1682.3244088219906,978.3021157549865,4470.604602590771,531.4911622310776,28.953036744537357,0.054475104765514246,392.5669436741531,667.5422138779844,531.7888563042765,28.128803910019087,494.97279850415515,562.0812657892529,70.5220244358019,363.96021507206854,5.160943945933236,-749.1215741367496,621.1920529738993,121.71234986124017,664.5293850371688,-395.62576197971754,500.06765789470353,4099.494543497397,15500.803456530657,3.7811499178878507,0.0,134986.05743488486,1736.9718767032105,1651.8082124593845,696.4813018294108,4212.874069391617,-0.015202826661186102,0.9111183493699851,59.930847713030055,-0.9999999999990433,0.999999999998996,-0.06732931014073934,1.9999999999969862,-0.9999999999988118,0.9999999999986098,0.18859609677129238,0.0,0.39715801780735677,0.4142458854213508,0.017087867613994057,0.539616872020865,0.5037727272727274,0.04369151344491787,0.08672861985745406,0.34,0.91,0.5,0.020000000000000018,0.48,0.52,0.9675130346630187,-0.49
GaCo13,65.96568,0.6223581257307311,110.0,59.35785592229517,401.94202806007735,343.4185819698682,0.8543982912821544,0.0,912.12,513.7,720.775,0.0,794.86,641.458387283237,193.68254429331245,0.30194093355503926,66.0,912.12,704.22,173.90999999999997,317.22900000000004,816.53,0.6290909090909091,0.03920912357986119,0.06232664142960694,0.57,0.79,0.62,0.030000000000000027,0.6,0.66,0.3789908256880734,0.023770498797452848,0.06272051227513493,0.19,0.42,0.38,0.010000000000000009,0.368,0.39,1.008165137614679,0.0366527252854767,0.03635587453047747,0.91,1.17,1.0,0.030000000000000027,0.97,1.05,847.814,25.67501283349241,0.030283780208232143,782.21,912.12,846.12,35.72249999999997,818.532,878.504,403.53564,22.824945839637827,0.05656240385503809,368.1139,504.49629999999996,398.72909999999996,18.08317500000004,384.06269,426.4448100000001,64.19688000000001,0.6278442305962767,111.0,59.89747279431604,385.71037503372605,331.5611226789731,0.8596116260785627,0.0,875.16,491.59,697.0699999999999,0.0,778.36,610.5830081650194,197.82365287531442,0.3239914151386368,64.24,875.16,666.05,175.34000000000003,268.29,795.96,0.6289189189189189,0.04289839979693381,0.06820974602332576,0.42,0.81,0.62,0.030000000000000027,0.6,0.66,0.3761818181818181,0.020225178645432763,0.05376437035001265,0.27,0.43,0.38,0.010000000000000009,0.36,0.39,1.007,0.04372538268453568,0.043421432612824475,0.85,1.21,1.0,0.030000000000000027,0.97,1.0510000000000002,817.4218918918921,23.08344617711437,0.028239329538459472,758.34,875.16,813.89,30.63499999999999,788.26,848.54,384.0072054054053,27.535916119362792,0.07170676938267548,275.9658,502.7979000000001,382.55250000000007,19.715850000000046,365.79509999999993,400.6761,-535.2079180133962,38.7540302978258,0.07240929925252597,-656.5331582363963,-323.81679388863546,-542.2105826841802,42.23783151235159,-574.9592787825959,-487.0000462801281,-42.050824201467854,373.2535077685536,8.876247133026428,-776.5306122388953,598.3372921582902,-82.25659883656951,673.2815649369151,-529.699366977111,479.17857700790114,3986.548053975046,14291.385701393061,3.584902403757387,12.861265100362228,127205.2327089337,2048.6601896180673,1351.9713429406065,1035.8420253625322,3718.5926162817273,526.2913914751194,38.29935408684789,0.07277214620483818,322.2684703403437,648.5421994854754,536.7577756825511,42.94797323049363,468.22429906409457,561.8485742354436,-50.94374167768546,366.4733303496042,7.193686962788099,-780.0981079137409,555.653128427524,-77.92636618776483,638.8816648742834,-533.8772845945083,464.00502986349636,3952.0185367855684,14689.453104491437,3.716949444380795,0.0,129656.77955516067,1959.962712459236,1467.6804368050264,833.1916233561639,3769.737643241195,0.003987379334567811,0.8854003395931922,222.05063608238916,-0.9999999999988236,0.9999999999988559,0.01817360875943505,1.9733195139145796,-0.9999999999983322,0.9999999999986102,0.2502023563270078,0.0,0.37215576940372336,0.3776418742692688,0.005486104865545571,0.539616872020865,0.5035000000000001,0.026042360596815067,0.05172266245301371,0.36,0.65,0.5,0.020000000000000018,0.48,0.53,0.9742561538508164,0.5
GaCo14,56.822480000000006,0.5906106664268369,101.0,54.50130407410739,332.36045417753394,301.38142090004374,0.9067908564661872,0.0,816.97,425.04,632.83,0.0,691.46,560.5998324958124,162.74746546376633,0.29030951496884677,56.87,816.97,607.86,162.58000000000004,294.42600000000004,706.6840000000001,0.6501980198019802,0.12124747785899684,0.1864777713556331,0.26,1.37,0.62,0.030000000000000027,0.6,0.76,0.45519999999999994,0.05928709809056268,0.1302440640604539,0.1,0.65,0.46,0.019999999999999962,0.44,0.48,1.1093000000000002,0.13578847521052734,0.1224091545011432,0.66,1.91,1.08,0.03249999999999997,1.05,1.1840000000000004,722.869900990099,53.03548596248861,0.07336795444072813,276.65,816.97,720.06,30.030000000000086,698.5,766.37,364.50090099009907,72.2195891433903,0.19813281379283576,70.2218,806.9676999999999,351.0771,13.123000000000047,341.89099999999996,418.8470000000001,55.7216,0.6037413436460113,99.0,53.42207033006566,325.83233654105584,289.22917923970067,0.8876626006773557,0.0,773.85,454.74,598.62,0.0,674.63,538.0022329807836,157.8181700968735,0.2933411060809057,55.77,773.85,573.21,154.33000000000004,277.222,692.45,0.6780808080808083,0.13347474900358205,0.19684195042257213,0.61,1.36,0.64,0.020000000000000018,0.62,0.8,0.444795918367347,0.02635044792388271,0.05924165842474931,0.29,0.52,0.44,0.010000000000000009,0.43,0.47,1.1215306122448983,0.13663859705715511,0.12183224910983201,1.02,1.85,1.08,0.030000000000000027,1.0570000000000002,1.2329999999999999,710.1822222222222,20.075789054800303,0.028268504091743016,656.15,773.85,710.71,18.095000000000027,686.18,728.42,364.8089888888889,61.330839628552376,0.16811767663724975,314.0401,695.7896,347.4460000000001,14.741649999999993,334.5441,425.15396000000004,-498.5069936910366,61.020563677642194,0.12240663511200198,-660.8755129876772,-299.9999999959536,-496.5309200594808,111.18412444517912,-578.6589591008974,-421.3940327421056,33.568479038241556,365.4564945399832,10.88689464043827,-799.9999999969132,671.0310965530274,156.81288408530926,618.7042163104388,-494.20814928725434,422.9270705894694,4134.535009499003,14948.91879133778,3.6156227379836796,0.0,133381.1796173411,1897.42948579767,2038.1524250119255,723.1866409858767,4948.837443772237,507.4426428797996,38.52632952481072,0.07592253048757022,358.76106194113015,686.4314789603253,511.0658374427093,54.526236055173,455.44263623688454,552.3070089256657,-14.091308641275129,411.2089889714023,29.18174595493141,-799.9999999975118,701.3986013874539,-4.636561217087145,771.9114533806271,-544.3080365692937,494.1333732773067,4150.0132018116465,15285.69754142918,3.6832888952624723,0.0,143877.49918483943,2089.0590746905327,2078.7706649836864,738.6354174987518,4641.7879350547155,-0.007914438041454792,0.9169331093197051,115.85572957438043,-0.9999999999987009,0.9999999999987579,-0.044158878504625985,1.9999999999963571,-0.999999999998478,0.9999999999985271,0.19435201007284827,0.0,0.39625865635398866,0.40938933357316304,0.01313067721917438,1.07923374404173,0.5574371859296483,0.0786760090249951,0.14113878813564773,0.33,1.06,0.54,0.030000000000000027,0.52,0.6020000000000002,0.9270839619911438,-0.54
GaCo15,75.69056,0.597715621908445,105.0,56.65977156219085,431.47273945498694,385.70110518881836,0.8939176682983988,0.0,1053.91,593.01,793.595,0.0,905.7620000000001,719.3040520613904,206.9850727385676,0.28775741238367764,77.22,1053.91,755.15,232.26499999999987,415.91,937.4749999999999,0.6329523809523809,0.05019815609445677,0.07930795037000642,0.46,0.78,0.62,0.030000000000000027,0.594,0.72,0.42759615384615385,0.06613644393204349,0.15467034299183285,0.38,0.85,0.41,0.019999999999999962,0.4,0.44,1.0622115384615385,0.10014371145402481,0.09427850078223604,0.98,1.63,1.03,0.050000000000000044,1.0030000000000001,1.164,987.8104761904763,26.80380063246015,0.02713455797290464,899.91,1053.91,988.9,31.680000000000064,954.822,1018.468,455.2852123809524,34.64691566126759,0.0760993652308682,333.2736,577.7937,445.6639,22.207900000000052,431.32451999999995,507.4577200000003,77.37048000000001,0.6046407050993794,105.0,56.65977156219085,453.4441487543844,402.55484984944246,0.8877716273423681,0.0,1099.67,635.14,841.335,0.0,938.19,748.0676721701622,219.94863151100827,0.29402237216405575,77.44,1099.67,798.71,215.43499999999995,384.362,961.0480000000001,0.6402857142857142,0.1000805118069318,0.15630601998089705,0.36,1.22,0.62,0.030000000000000027,0.6,0.6920000000000002,0.41923076923076924,0.021108342667711142,0.05035017505058579,0.38,0.52,0.41,0.020000000000000018,0.4,0.44,1.0598076923076922,0.11160525188592473,0.10530707843571253,0.77,1.66,1.03,0.040000000000000036,1.0,1.13,982.0380952380951,23.446175364630896,0.02387501613053259,906.95,1099.67,982.52,23.980000000000018,959.244,1003.6179999999999,478.9770438095237,86.84646949925889,0.1813165591577163,271.0257,1037.8489000000002,457.4174,18.020200000000102,445.26922,515.7094800000001,-504.92096425998204,30.36085130485553,0.06012990834970105,-640.132450323418,-316.39784945849954,-507.5948210357059,45.10891529151564,-538.2220358180139,-467.40795338191674,-74.37487791365898,337.70510680252323,4.540580317859762,-799.9999999966236,683.8071693371861,-84.13569915002336,496.38412758984816,-476.7659090904594,392.8892995013653,4469.793572477452,16384.11407872399,3.6655191818263715,0.0,138980.2460085828,1860.5094135353277,1330.5900765196147,808.559954342166,5586.097197271159,498.19356337783717,22.60281254000745,0.04536953947520149,316.7499039558665,680.6451612820058,499.99999999641534,27.004063270146958,471.1211710161247,521.8807114640165,-14.328122458292569,359.395527366168,25.0832255508174,-799.9999999971734,712.4788637110325,-28.106463878288135,526.3642467965466,-401.88945015467755,505.9648195743764,4581.797217066232,17216.223028871813,3.757526187484081,0.0,147987.76324875327,1881.3923063859932,1499.9290040614237,619.4727631649183,4903.741344963785,-0.004403016413593934,0.9125271506991139,207.25040693270154,-0.9999999999990906,0.9999999999990512,-0.028796050827291163,1.9999999999972244,-0.9999999999989077,0.9999999999988749,0.20235632700782444,0.0,0.39535929490062055,0.402284378091555,0.0069250831909344335,0.0,0.5298086124401913,0.06450371245937078,0.12174908225921556,0.26,1.02,0.52,0.020000000000000018,0.5,0.5720000000000002,0.9364414930394621,-0.52
GaCo16,54.12088000000001,0.6144437449410918,104.0,56.12015469016998,305.682372515514,264.99165537540983,0.8668856276987124,0.0,741.18,410.3,537.9549999999999,0.0,632.7860000000003,495.19246779859486,145.22175605451253,0.2932632572135245,54.23,741.18,516.78,153.11999999999995,293.46900000000005,668.03,0.6569230769230768,0.10771291011720535,0.16396578798502512,0.25,1.23,0.63,0.0525000000000001,0.6,0.747,0.41621359223300963,0.042997324478839145,0.10330591114252213,0.32,0.64,0.4,0.019999999999999962,0.39,0.46,1.0742718446601942,0.13575107102688633,0.12636566021467355,0.64,1.71,1.03,0.08000000000000007,1.0,1.2,694.2131730769231,34.0443966716885,0.049040263123712194,548.68,741.18,702.6800000000001,24.007499999999936,657.382,722.216,325.30335961538464,51.88427743539818,0.1594950556200309,140.60090000000002,657.3907999999999,313.46315000000004,15.946150000000046,301.27317,360.58748,51.488800000000005,0.6051803219714003,105.0,56.65977156219085,290.2690664628114,260.6737287370282,0.8980417097580293,0.0,720.5,359.37,538.175,0.0,609.0920000000001,476.80543765789866,155.22542256317965,0.3255529620747031,52.14,720.5,515.24,148.17000000000007,204.24800000000002,636.8119999999999,0.6408571428571428,0.1018038663847516,0.15885578769087624,0.26,1.05,0.61,0.050000000000000044,0.59,0.7560000000000001,0.41778846153846155,0.04235737904039386,0.10138475050994125,0.19,0.52,0.42,0.020000000000000018,0.4,0.46,1.0575961538461538,0.12003601376500184,0.11349891280803985,0.54,1.54,1.03,0.0625,1.0,1.15,655.0384761904762,72.10393207402178,0.11007587293688206,124.08,720.5,666.27,30.469999999999914,630.432,693.484,305.5641704761905,52.93976513902052,0.17325252845039413,24.0702,467.2206,296.98130000000003,17.474599999999953,282.76490000000007,358.72848,-497.25808323837845,27.485266119738586,0.0552736436996385,-644.1054091525992,-398.9598811238827,-497.5780977657146,30.447552918942847,-525.5041048698644,-463.2306265517594,69.21967916566074,404.69275579725394,5.846498577707536,-766.0252156556313,683.3333333220795,199.44492255721258,705.7123797445452,-547.1861659909694,542.459984745229,3905.6347176291442,14537.67609176078,3.7222313766664623,0.0,132597.32342302706,1769.5605221942965,1901.8379010247895,699.8574083824054,4285.063781978532,510.087971848643,40.633750601992425,0.07966027988201593,324.28884025935656,648.367952516425,509.5185795342061,60.07777453296245,463.08793725853263,556.638614241846,105.16180248284236,391.19024303519154,3.7198891022745273,-783.0882352810313,631.2373225035731,251.2138484267925,634.4830644455686,-536.1239854019985,544.701583428804,3976.281190061884,14838.424183696387,3.7317341190002007,0.0,137527.281305314,1775.3139179168488,2127.860517301423,640.560407791162,4331.516985496528,0.024577179456442482,0.9001962965742649,36.627321761731785,-0.9999999999986121,0.9999999999986509,0.1723059425644631,1.9931274648104886,-0.9999999999983024,0.9999999999983535,0.21962406691249214,0.0,0.3948196780285997,0.38555625505890817,0.009263422969691515,0.539616872020865,0.5319711538461539,0.06798231624286982,0.12779323770389453,0.17,0.88,0.52,0.06000000000000005,0.48,0.61,0.9017926274990153,0.53
GaCo17,76.20008000000001,0.5837755193812393,100.0,53.96168720208652,390.9689171688102,363.1908814714461,0.9289507823295856,0.0,1133.77,462.11,709.83,0.0,826.4740000000002,667.4997766137728,205.31670154027466,0.30759066704342425,76.67,1133.77,692.12,158.29000000000008,364.32,933.79,0.6491,0.09246723744116074,0.142454532889703,0.42,1.01,0.62,0.030000000000000027,0.6,0.72,0.46696969696969703,0.02388755415153497,0.05115439878731724,0.44,0.59,0.46,0.019999999999999962,0.45,0.5,1.1161616161616161,0.10807504940761638,0.09682741974450775,0.87,1.55,1.08,0.050000000000000044,1.058,1.2,1010.2685999999999,64.11269506143068,0.06346103903592296,762.96,1133.77,1019.645,69.79500000000007,933.207,1081.234,433.27410499999996,56.04540819510083,0.12935323747301142,257.3241,682.3135000000002,415.7532500000001,29.541324999999915,400.62131999999997,478.38856999999996,74.75864000000001,0.5833258386545552,100.0,53.96168720208652,388.154889828222,361.04502942900086,0.9301571070967346,0.0,1084.6,456.83,715.22,0.0,835.4720000000001,663.2430157261795,204.3875399544296,0.30816387825861863,75.57,1084.6,689.48,194.6724999999999,364.87,920.26,0.6486,0.10747111239770436,0.16569705863707573,0.13,1.15,0.625,0.020000000000000018,0.61,0.6910000000000001,0.46454545454545465,0.04744529496896798,0.10213272867616197,0.37,0.77,0.45,0.010000000000000009,0.44,0.502,1.1183838383838385,0.12048477057629467,0.1077311441147741,1.03,1.68,1.08,0.04499999999999993,1.05,1.222,980.5983,55.83753307686504,0.05694231070644126,804.21,1084.6,984.61,69.1350000000001,928.466,1046.463,430.17942000000005,65.29377288378427,0.151782651256614,95.0037,749.7094000000001,416.51005,20.52682500000003,403.14703,462.4721200000001,-531.5276844355857,36.51625120902552,0.06870056307176624,-670.1435406688847,-367.16049382303976,-539.3591293825721,46.7558696027059,-566.0918800662532,-476.15571776085517,-17.408530236601756,399.0343518367309,22.921771475849926,-799.9999999913728,589.2969569723429,-31.649616368240455,755.9666479045975,-558.4937238486642,488.7565152610252,4102.816014632439,15016.190874212045,3.659971790266507,0.0,134767.87442904437,1971.8144784754222,1799.0559403921814,657.3821099138969,4449.418702700943,539.6165808050029,30.028226581317757,0.0556473385907932,437.5634517716017,676.9911504382885,547.4487391078965,40.46680337181192,496.66375559146945,569.9632105493286,14.739025610306046,401.85664202106454,27.264803835662477,-799.9999999976179,707.6252723241471,23.224148890568145,723.7985625369394,-516.7863916244245,523.2837713587642,4239.11501824369,16236.539017191975,3.830171851273597,9.0709600524648e-07,148016.00128284018,1935.176923775741,1625.0778860702162,910.3875624468684,4328.391413178782,0.0022109985471618935,0.926441260594766,419.01467677095377,-0.999999999999078,0.9999999999991172,0.010687790770766068,1.9999999999970002,-0.9999999999987043,0.999999999998671,0.1671013580357946,0.0,0.4166741613454447,0.41622448061876066,0.0004496807266840541,0.0,0.5580904522613065,0.0741136697208683,0.13279866962025805,0.34,1.04,0.54,0.020000000000000018,0.52,0.6,0.9371098690643261,0.54
GaPt03,56.0824,0.6875618310999191,71.0,38.31279791348143,345.3157415235183,281.3087098901576,0.8146420103764195,0.0,744.37,378.4,633.9300000000001,0.0,687.9620000000001,499.5549928057554,197.18602070774162,0.39472335087644655,56.87,744.37,574.53,314.04999999999995,171.66600000000005,695.64,1.076760563380282,0.2595379135802669,0.2410358645792727,0.78,2.64,1.04,0.09000000000000008,0.93,1.13,0.49214285714285716,0.09770060472313008,0.1985208219658243,0.16,0.64,0.52,0.10750000000000004,0.369,0.58,1.5678571428571426,0.24490168789678415,0.1562015320441074,1.13,3.03,1.56,0.13750000000000018,1.379,1.661,698.3171830985917,21.350642315310658,0.030574419235314305,624.25,744.37,703.34,28.9849999999999,667.26,719.73,537.9011154929576,91.12528878325405,0.16940899759907208,338.93640000000005,1036.9535,536.3369,57.04325000000006,468.6297000000002,579.7703999999999,59.7608,0.6872920226639087,74.0,39.93164852954403,364.1214875438439,301.26495518963964,0.8273748336605291,0.0,785.4,392.15,683.21,0.0,734.03,527.0935147867051,216.8800367071334,0.41146405831702393,60.28,785.4,605.11,348.12249999999995,167.101,741.9390000000001,1.0327027027027025,0.16580106361359115,0.1605506241235933,0.3,1.69,1.03,0.10000000000000009,0.93,1.137,0.47630136986301375,0.10129986476231446,0.21268018729143806,0.14,0.72,0.5,0.07,0.342,0.568,1.5190410958904108,0.14802965626199907,0.09744940842287064,0.97,1.87,1.53,0.14000000000000012,1.384,1.658,740.3995945945946,40.60620377443306,0.054843633182446734,519.09,785.4,748.55,26.152499999999918,712.58,776.138,544.3308972972973,94.71847369198603,0.17400899739865333,111.4817,812.7603,550.1243,68.77282499999978,467.70030999999994,631.93251,-496.6322725158384,33.54349487781538,0.06754191528436783,-597.5810786587649,-369.0600522171312,-493.6190783098654,42.73398705867078,-541.6056009336673,-456.65121735397213,24.98267630967272,302.95573371273224,12.126632469048486,-799.9999999897567,799.999999986014,-58.00296798801626,349.1431067354373,-281.20898996527455,541.2242203314283,2472.3752992306963,11676.570631519959,4.722814790759523,0.0,155702.66187241286,901.4557984232154,1553.930496666791,185.86086736770926,3078.7637878969817,481.93203838973886,40.74714212482493,0.08454956068263744,308.53199497766013,607.6018808766606,480.5618701362322,50.09901220885206,430.19741185528983,538.0754185230793,-42.78359207060239,323.4756306474205,7.5607403442434995,-799.9999999918191,799.9999999888283,-113.4856369545544,387.66329723338526,-374.082809563312,453.6684416956177,2793.916684618417,13710.234123427206,4.907173574252374,0.0,157257.91139303416,914.4533825047637,1533.2335958923413,248.65232654852082,3384.1542464255276,-0.00278882465355608,0.8309755017381795,297.9660993431369,-0.9999999999987268,0.9999999999986566,-0.007874015748021265,1.9538112934153689,-0.9999999999986265,0.9999999999985408,0.3748538537638277,0.0,0.3127079773360914,0.3124381689000809,0.0002698084360104325,1.6188506160625948,0.7700694444444445,0.11181269387150312,0.145198195478293,0.26,1.36,0.77,0.07000000000000006,0.67,0.85,0.9180814149622764,-0.77
GaPt04,75.7856,0.6682255598525048,85.0,45.86743412177354,465.148746290134,390.13618084917954,0.8387342413796285,0.0,987.58,523.82,876.81,0.0,932.58,693.4056971736205,265.76783797286754,0.38327899389315107,75.9,987.58,804.87,390.05999999999995,235.29,941.93,0.8741176470588234,0.16823858491228222,0.19246675237125593,0.73,1.91,0.84,0.06999999999999995,0.78,0.93,0.43523809523809526,0.04521051791016351,0.10387536913917406,0.12,0.53,0.43,0.040000000000000036,0.41,0.48,1.3097619047619047,0.15340559521735486,0.11712479538646905,1.16,2.34,1.27,0.07000000000000006,1.23,1.397,949.0554117647059,19.432550651688775,0.020475675509330646,900.13,987.58,952.05,25.74000000000001,921.228,971.894,606.1181564705882,84.62329401124722,0.13961517751566305,491.49870000000004,1123.7919000000002,590.5185,69.24830000000009,541.8082999999999,672.8279799999999,77.2904,0.684773810594478,86.0,46.40705099379441,489.3503885241479,395.8813663191031,0.8089936691625997,0.0,1008.7,565.07,899.47,0.0,953.37,711.5330929866036,268.63487117747286,0.37754374859716194,78.1,1008.7,827.4749999999999,399.68499999999995,249.15000000000006,961.51,0.8853488372093024,0.18326938917963306,0.207002461933888,0.25,2.32,0.875,0.06000000000000005,0.825,0.955,0.41235294117647064,0.040457590251972986,0.09811398468125576,0.26,0.54,0.41,0.03999999999999998,0.38,0.46,1.3024705882352943,0.19705422294893077,0.15129264689548583,0.62,2.86,1.28,0.06000000000000005,1.22,1.366,969.5527906976745,19.899400110811026,0.020524308012636647,894.19,1008.7,971.685,26.399999999999977,947.65,991.98,629.954996511628,114.91263820617132,0.1824140436099673,148.4461,1460.9990999999998,627.0274999999999,47.30439999999999,571.71235,683.6665,-491.9967687716483,34.01569143679421,0.06913803828763122,-576.9193213712626,-327.03296702969993,-492.098720928576,44.358855517064626,-535.6889806797808,-450.9863528419084,8.16738298093623,332.1647532443565,40.66966787023506,-735.153583612045,689.2541087152136,-46.04318375474508,508.3329146781749,-358.51310027115727,505.25083418655396,3004.5269895668794,13504.016488469117,4.494556559271017,0.0,137975.50113524875,1265.5556973891921,1077.0089267575026,523.368601809219,2692.1097228551657,515.3981464224194,27.256215031643773,0.052883804920112666,405.3132434546514,656.3559321970689,511.430150975871,34.26263581095452,483.0593290322362,553.1011564853897,43.9570304541283,319.55580196894465,7.269731341273152,-733.8842975114715,692.455418372709,-0.6745657665821778,484.1714336463252,-304.314275133715,523.1258615785786,2913.658569137971,13311.36379787444,4.568607982715059,0.0,137850.08384766293,1186.6981427986198,1055.395149518004,420.1121883146111,2658.7652058358444,-0.021092793354266424,0.8421427985512119,39.9256155636331,-0.9999999999990087,0.9999999999989875,-0.05051889563339932,1.9798028957271971,-0.9999999999989497,0.9999999999989213,0.35299937044698265,0.0,0.3152261894055221,0.3317744401474953,0.01654825074197319,0.539616872020865,0.6512352941176471,0.10538558301431196,0.1618241268622792,0.06,1.56,0.64,0.050000000000000044,0.6,0.71,0.9597390557979767,-0.63
GaPt05,65.5688,0.6125550858890187,103.0,55.58053781814912,408.8757774979764,362.40944945298446,0.8863558796996521,0.0,899.03,477.4,780.89,0.0,806.96,664.4579312876231,213.78820772099832,0.32174829685061634,66.11,899.03,771.32,188.04500000000007,267.08,815.87,0.66126213592233,0.05918015299117767,0.08949575317682042,0.35,0.88,0.66,0.050000000000000044,0.61,0.71,0.419313725490196,0.05200414395104977,0.12402204045725576,0.1,0.51,0.43,0.030000000000000027,0.39,0.46,1.083627450980392,0.058874895873289944,0.05433130709792618,0.9,1.29,1.08,0.06750000000000012,1.0210000000000001,1.15,829.7577669902912,20.020262402479965,0.024127839712876215,787.6,899.03,826.21,19.855000000000018,808.984,858.286,439.38087087378653,35.44144398719939,0.08066223710794954,235.20640000000006,579.7165,438.3489,34.52460000000002,406.9208000000001,469.85004000000004,62.735200000000006,0.6280241028869503,103.0,55.58053781814912,393.5828887489882,339.842554408121,0.8634586617509072,0.0,844.14,461.34,737.22,0.0,768.152,622.6778333094658,206.59491795257662,0.3317846033705987,62.81,844.14,723.69,203.66499999999996,252.252,780.01,0.677961165048544,0.051583831727878074,0.0760867057158028,0.44,0.86,0.67,0.04499999999999993,0.64,0.74,0.4033333333333333,0.03679123226044256,0.0912179309980776,0.26,0.49,0.41,0.02999999999999997,0.37,0.44,1.0802941176470586,0.05890264287743754,0.0545246353383893,0.84,1.3,1.08,0.06000000000000005,1.01,1.139,797.2810679611649,20.904066260852208,0.026219193081158443,741.62,844.14,795.96,25.024999999999864,773.19,825.308,422.1513893203883,34.87150687327683,0.0826042688840443,270.8134,508.97659999999996,421.1702,33.785400000000095,385.47102,465.64562,-485.6816853199988,18.863307744111612,0.03883882862835233,-573.5877862515811,-398.8668555189432,-487.3219771007498,24.216001678817292,-508.049454162223,-459.85977212787884,75.15173546460912,365.4406249150687,4.862703737324887,-799.9999999958981,704.1942604785853,45.315782103289216,564.6480755259431,-315.8071278819977,524.9401001949963,4361.389238048032,16549.60538548315,3.794571977456944,0.0,148499.39528367034,1639.3679209911634,1930.1756566372642,491.771224578595,5312.202098591021,481.77595319483447,19.062093372383092,0.039566303062524684,369.8275862044813,559.8449140937981,480.7059527364089,23.311195834455816,461.7408693130029,504.25469897984715,23.070552390963677,378.0506876757342,16.38672023334054,-799.9999999961964,717.9894179851011,-27.08423952439522,587.900604057757,-432.6917548680303,532.900925474334,4335.058396923356,16755.75767271208,3.865174615548427,0.0,149841.29516030595,1885.411737010846,1752.8774365885895,465.1005742481411,5141.860443896064,-0.006880556552977304,0.8950814207056873,130.0885013770976,-0.9999999999988154,0.9999999999988877,0.012667753668617204,1.9999999999972977,-0.9999999999986876,0.9999999999987496,0.24057918877596907,0.0,0.37197589711304974,0.3874449141109812,0.015469016997931573,0.0,0.5406829268292683,0.03967578300786676,0.07338086883408163,0.31,0.67,0.54,0.040000000000000036,0.5,0.58,0.9660743359831554,0.54
GaPt07,54.8328,0.7042000179872291,75.0,40.47126540156489,322.5546452019067,252.83922281128298,0.7838647701143215,0.0,740.19,367.18,516.01,0.0,652.74,454.4300753512133,178.59673822734757,0.39301258414492773,54.89,740.19,490.16,252.34000000000003,160.43500000000006,673.431,1.0408,0.5768784042875356,0.5542644155777009,0.67,5.84,0.96,0.15000000000000002,0.834,1.1940000000000004,0.4460810810810811,0.10398567426758995,0.2331093571206169,0.06,0.62,0.48,0.08000000000000002,0.29,0.53,1.4845945945945944,0.5624852891510338,0.37888140696467576,1.21,6.15,1.395,0.11499999999999999,1.2730000000000001,1.631,693.9944000000002,39.48739725498926,0.05689872606310995,532.18,740.19,701.8,28.160000000000082,667.018,728.596,474.21224400000006,235.16027016815988,0.4958966647172104,339.80869999999993,2443.2859000000003,441.71490000000006,63.370999999999924,390.46281999999997,515.29786,57.8424,0.673801600863387,75.0,40.47126540156489,347.47143088407233,280.22549508406723,0.8064706049941499,0.0,790.57,424.49,601.425,0.0,691.68,512.7477776294716,180.90507307469696,0.35281493351507437,58.08,790.57,558.25,233.83250000000004,209.792,712.019,0.9987999999999999,0.4630679143854963,0.46362426303751714,0.35,4.28,0.9,0.12,0.84,1.1380000000000003,0.483108108108108,0.09573225155773073,0.19815906575128123,0.1,0.64,0.5,0.07000000000000006,0.4,0.57,1.4906756756756756,0.45121556866793416,0.30269197769039907,1.22,4.72,1.41,0.11499999999999999,1.29,1.6020000000000003,731.8886666666667,40.57426042319057,0.055437749306773164,541.64,790.57,738.76,35.860000000000014,691.636,768.438,512.1916066666665,177.84285596314393,0.3472193875260759,160.65609999999998,1726.8218,481.5459,45.92830000000009,442.40856,562.0478600000002,-489.9785143748239,32.09751379674844,0.06550800260627136,-607.8809106733341,-329.76406533031246,-486.71347137191253,44.5447555084192,-531.1012172045566,-453.1297143360387,54.09128027978418,249.42483845391976,4.611183857345811,-713.6116152332353,711.0307413987995,67.62773509502736,292.843131038928,-234.09853213908528,364.6106861970289,2338.1945956636027,10911.132399950839,4.66647746948944,0.0,137103.58634281182,798.0062259083256,980.9464272624241,216.3048139578232,3485.0593926989504,518.1004404956993,30.657079296819294,0.05917207726638596,386.75799086356614,640.4312668385147,518.8434849207306,40.796874450774055,481.01084316212626,553.4875525040293,107.48703977281903,259.59620980958994,2.4151396331673896,-496.93430656274796,670.7317073077782,108.58388040737753,388.043193617032,-208.176942317529,499.9916177682803,2282.438139780958,10286.635889081843,4.506862950539605,0.0,114535.09891565634,998.0712521485517,923.297001101079,316.7319010299106,2360.903293197745,-0.0010570259051093454,0.8224761691940328,778.1033436504162,-0.9999999999987214,0.9999999999986482,-0.08263111558285104,1.9068809823319108,-0.9999999999983452,0.9999999999982583,0.37800161885061606,0.0,0.326198399136613,0.2957999820127709,0.03039841712384206,0.0,0.7438926174496644,0.3545139624088357,0.4765660440987747,0.46,4.72,0.7,0.13,0.6,0.8420000000000002,0.9125189428691761,-0.7
GaPt08,69.5992,0.6122852774530083,96.0,51.80321971400306,414.5544941091825,364.5706694646945,0.8794276136053587,0.0,956.56,514.47,756.58,0.0,832.6120000000001,674.4433974735606,206.83262525237438,0.30667158434177705,70.51,956.56,745.91,137.96749999999997,316.151,863.5,0.7089583333333334,0.048872264771431334,0.06893531312723505,0.65,0.95,0.69,0.04999999999999993,0.67,0.76,0.4447368421052633,0.025540148178408616,0.057427551988004734,0.31,0.5,0.45,0.020000000000000018,0.43,0.4660000000000001,1.1540000000000001,0.051817493489930054,0.044902507318048124,1.05,1.38,1.14,0.05999999999999983,1.11,1.216,887.4834374999999,43.11726234516666,0.04858373747974094,536.47,956.56,889.9,30.8275000000001,865.48,920.095,478.2369510416667,30.127655128376215,0.06299733858433772,267.3352,555.9466,474.94755,21.710974999999962,458.6571,504.32085,67.32000000000001,0.62577569925353,96.0,51.80321971400306,424.0357837935067,361.2274051834599,0.8518795323144601,0.0,896.94,564.19,772.97,0.0,809.5120000000001,673.6368381718884,204.78029477334027,0.30399212627499383,67.43,896.94,762.96,142.89,291.06,833.14,0.7247916666666666,0.14444562966928265,0.19929261898705153,0.56,2.01,0.7,0.04999999999999993,0.67,0.76,0.438,0.036580121147392265,0.08351625813670321,0.23,0.52,0.44,0.020000000000000018,0.42,0.46,1.1641052631578945,0.14698008985711103,0.12626013676128797,0.98,2.48,1.13,0.054999999999999716,1.11,1.21,858.3804166666667,18.56737410288242,0.021630705619966425,777.92,896.94,861.19,19.909999999999968,838.42,877.855,488.2463666666667,86.29951205973211,0.17675402819428118,387.31660000000005,1278.585,475.54925000000003,24.84349999999995,458.9398,509.15755,-477.37448144330216,36.63001730082922,0.07673224842267369,-653.5796766675039,-342.5037257814863,-477.02659585006074,60.84261467327565,-521.7560947481377,-428.54388935726934,39.16791934518833,313.89602190283887,8.014110198921916,-788.84462150823,620.9059233400308,139.05183335059132,498.5768748912214,-387.4179832635508,395.6602314606379,3640.3860999576846,14448.009825379011,3.968812490945118,31.00613837687842,133370.38068988782,1472.1711702052128,1773.8151223136695,462.2129205284924,4074.323040038697,484.08989285966726,23.357100055334534,0.04824950985303317,363.02083332903624,598.7012986924632,483.7108147291883,29.467114277519727,454.98192080364066,512.1087273658701,153.99529893196154,315.7587317515137,2.0504439677017174,-799.999999990132,702.6279391336273,243.74704907333845,517.9375586035658,-238.0759115671482,506.2645495884968,3661.5130134675373,14879.922722714782,4.063872685411839,0.0,142313.96015057134,1351.52380741276,1525.229009486287,532.4739420062975,3748.540938476358,-0.01350317199474905,0.8941444139206998,66.21735604427225,-0.9999999999988851,0.9999999999989507,-0.047987428985804895,1.999999999997312,-0.999999999998745,0.9999999999987192,0.23806097670653836,0.0,0.37422430074647,0.38771472254699163,0.013490421800521735,0.0,0.5790052356020943,0.054172064184720675,0.0935605772801481,0.42,1.15,0.57,0.029999999999999916,0.55,0.61,0.9701442671765146,-0.57
GaPt09,72.2568,0.6248763378001618,112.0,60.4370896663369,402.6285907006026,350.9307392232489,0.8715991544756736,0.0,994.95,478.17,707.74,0.0,861.542,639.665103626943,217.17629309596666,0.33951561819493253,72.38,994.95,673.53,258.9675,301.29,892.639,0.6203571428571429,0.11568837893413562,0.186486736035358,0.27,1.64,0.6,0.030000000000000027,0.57,0.65,0.37297297297297294,0.04827837063677286,0.12944200788197402,0.14,0.47,0.38,0.040000000000000036,0.35,0.41,0.9934234234234236,0.12140688416813647,0.12221061149086576,0.68,2.06,0.98,0.040000000000000036,0.93,1.03,928.4667857142857,31.939584100697214,0.034400351840363504,736.12,994.95,930.655,36.82249999999988,893.7389999999999,962.687,396.82081607142857,63.931376414457574,0.16110892832494123,150.612,898.2699,388.85164999999995,26.369199999999978,362.2441899999999,430.3560800000001,77.1848,0.6252360823815092,112.0,60.4370896663369,464.66622627934163,401.00687215917196,0.8629998254214353,0.0,1052.37,549.45,854.2050000000002,0.0,931.7,739.235,236.48608060370867,0.31990649874990873,78.87,1052.37,835.12,266.64,324.75300000000004,954.239,0.6207142857142858,0.09058061017003313,0.14592963640246823,0.42,1.44,0.6,0.040000000000000036,0.58,0.65,0.37405405405405406,0.029081382496177345,0.07774647033829063,0.22,0.45,0.38,0.030000000000000027,0.34,0.4,0.9965765765765766,0.09835123210590013,0.09868908653770048,0.89,1.89,0.98,0.04499999999999993,0.94,1.03,983.0641071428571,28.089938385274543,0.028573862254909883,913.44,1052.37,988.9549999999999,40.782499999999914,949.08,1015.289,458.853725,53.71953548886618,0.11707333418454674,343.3749,922.6403999999999,448.3479,33.289024999999924,425.92209,490.59582,-519.7111410128515,37.33111980964971,0.07183051673055196,-608.7635053955172,-399.35004642413173,-529.6690318435328,47.23498374287749,-559.3088589960029,-462.6648718971441,30.778809174399235,348.00583169890274,11.306669784257133,-767.878787868211,587.2222222148079,54.555282486087776,595.2726851151547,-438.4378266782753,468.07347041205645,4104.640672425299,15436.59221500357,3.7607657885139125,0.0,134537.16505645233,1923.8588702794054,1275.3149895328786,865.1223093682711,4079.891526634858,551.3601667282442,40.77393678302116,0.07395154609172915,376.8479776824088,616.201877294844,564.5327438589841,39.66086340841616,476.8132157309722,589.2199615654214,67.97561298809407,319.50523745976835,4.700292110804935,-770.4822777414269,615.3179190711028,92.09127712321691,494.140391749319,-326.1739338299985,488.4819215179411,4158.895336531144,15564.022514075303,3.7423453236150004,39.66761237544327,138332.31509396882,1774.672836435837,1008.6806880676736,951.4310214827727,4187.268933982655,-0.012989317304367125,0.8833118615613416,68.00294217629298,-0.9999999999990052,0.9999999999989295,-0.07489878542502468,1.980514349214071,-0.9999999999988546,0.9999999999985967,0.250112420181671,0.0,0.37476391761849087,0.3751236621998381,0.0003597445813473543,0.0,0.4967264573991031,0.07754386329674073,0.15610979037971204,0.15,1.46,0.49,0.030000000000000027,0.46,0.52,0.9624685017429153,-0.48
GaPt12,95.92,0.6142638726504182,112.0,60.4370896663369,583.7810999190574,510.43064392579214,0.8743528079201094,0.0,1344.75,793.32,1072.17,0.0,1171.7420000000002,946.4709385065886,288.0239598407147,0.30431358018754995,96.03,1344.75,1044.23,246.125,430.72700000000015,1193.39,0.6098214285714286,0.058263290066625624,0.09554155895697533,0.42,1.1,0.6,0.030000000000000027,0.58,0.63,0.3840540540540541,0.0350129545749734,0.09116673581286745,0.13,0.45,0.39,0.020000000000000018,0.37,0.4,0.9939639639639639,0.06752082467259393,0.06793085770975801,0.66,1.46,0.99,0.030000000000000027,0.96,1.02,1209.6140178571427,35.80101386383146,0.0295970560321582,1128.38,1344.75,1203.4,38.11500000000001,1169.047,1253.087,577.1782598214286,53.292052001780114,0.09233205009865696,425.91119999999995,1042.3434999999997,572.4521,23.359050000000025,551.42285,601.3513,81.79688000000002,0.625326018526846,112.0,60.4370896663369,506.8518643762929,436.7406093670666,0.861673084508896,0.0,1182.72,720.83,919.05,0.0,994.4,807.2655414928809,253.04884134916088,0.3134641928118011,82.06,1182.72,892.76,154.32999999999993,331.2760000000001,1015.08,0.6208035714285715,0.04669694072376888,0.07522015464745371,0.36,0.8,0.61,0.030000000000000027,0.6,0.6490000000000001,0.37243243243243246,0.03409621299983503,0.09155006368697703,0.22,0.58,0.38,0.020000000000000018,0.36,0.39,0.9955855855855857,0.0558260600563379,0.05607359207338103,0.8,1.38,0.99,0.030000000000000027,0.97,1.02,1039.3124107142855,28.237898332279812,0.02716978844969787,966.02,1182.72,1037.135,36.079999999999814,1010.394,1066.175,501.15333125,35.386279888791115,0.0706096870601626,313.4758,648.164,499.08925,18.30730000000011,482.39653,523.76357,-474.4831665517293,20.64095319416408,0.043501971511712735,-588.4974093208808,-339.9612027128122,-474.3808551436806,28.22870440011161,-499.99999999600226,-448.81003433240545,160.49191657258277,348.98791186138186,2.1744890291803385,-799.9999999973735,701.3100436611621,246.9819917580711,530.6459236670171,-292.3520253673181,557.2627783108937,4625.243173253798,16913.629942083993,3.6568088008617754,2.3524449506639548e-07,144699.4786467523,1823.3124183840591,1546.2113374839475,814.995816764532,4466.206554170122,472.66381480637494,24.65741987523323,0.05216692943859451,299.9999999976489,634.9867139009986,472.1407624601964,29.756591089240203,441.9926847491796,499.99999999794545,6.754696954576442,359.0816343477159,53.160287827756754,-799.9999999977259,646.2929475569995,74.63447350762195,572.9888047662294,-448.86445904018933,437.6228524052868,4443.637112435911,15987.19382850884,3.5977721456515126,1.32856844510605e-07,141220.15464724315,1856.7851042364234,1539.6763671805832,840.651207586577,5277.073885349952,0.005214763259357581,0.8981489693136031,172.23194082108864,-0.9999999999990883,0.9999999999992405,0.04088678902413486,1.999999999997843,-0.9999999999989493,0.9999999999991247,0.23958989117726415,0.0,0.37467398147315406,0.3857361273495818,0.011062145876427842,0.0,0.4969955156950673,0.03885623701259428,0.07818226866709264,0.26,0.83,0.5,0.020000000000000018,0.48,0.51,0.9679658328329415,-0.49
GaPt15,64.97216,0.6361183559672633,101.0,54.50130407410739,378.23765626405253,320.4773311889076,0.8472909185021256,0.0,910.91,474.87,673.8050000000001,0.0,757.4820000000001,591.6414930015552,190.30807576247204,0.3216611377215393,65.34,910.91,635.14,200.42000000000007,287.65000000000003,793.716,0.7002970297029701,0.17571046980501223,0.25090848897164547,0.21,1.96,0.67,0.04999999999999993,0.63,0.75,0.40460000000000007,0.03842967603298263,0.09498189801779715,0.23,0.49,0.41,0.03999999999999998,0.369,0.44,1.1098000000000001,0.16107749687650352,0.14514101345410207,0.88,2.41,1.09,0.050000000000000044,1.03,1.151,847.7166336633662,47.23064792610051,0.0557151364624519,705.65,910.91,862.18,50.819999999999936,774.84,891.66,414.32478019801977,95.7575091357941,0.2311170215061654,113.663,1048.8247000000001,406.45439999999996,23.219900000000052,377.1889,433.68600000000015,80.7136,0.6127349581796924,101.0,54.50130407410739,465.3428761579279,413.82962794507665,0.8893004473624778,0.0,1099.89,543.51,866.03,0.0,958.562,756.7011243211507,245.32433480597612,0.32420241878950096,80.96,1099.89,834.9,260.9200000000001,338.69,995.72,0.6745544554455445,0.13491122678936832,0.20000049736571485,0.42,1.85,0.65,0.050000000000000044,0.61,0.74,0.4263,0.061573614478930824,0.14443728438773992,0.14,0.66,0.44,0.030000000000000027,0.39,0.46,1.1015,0.1475152534485841,0.1339221546206645,0.81,2.35,1.085,0.06000000000000005,1.04,1.1420000000000001,1031.907821782178,88.05123988201596,0.08532859042570286,285.89,1099.89,1052.48,49.93999999999994,967.34,1083.5,510.43611485148523,72.77784175074385,0.14257972669464516,82.3581,1003.2781,504.9264000000001,28.508699999999976,476.7213,538.2443000000001,-461.7627149877478,41.440169731158576,0.0897434296577375,-615.203344734779,-314.9882903947734,-460.45072210693763,47.492599892041255,-511.2253562331711,-413.2299039989956,36.54126812071727,291.8023439024942,7.985556027517003,-700.1769911448096,589.4370284356595,68.30870279134811,451.5137645466282,-375.6763540131818,433.1846034326979,3122.079218746954,11823.252637000205,3.7869803450220196,0.0,121641.14155749003,1581.4093613098926,1082.7547837933735,690.6469059082165,3016.876202160791,491.1125241331799,36.14485482459999,0.07359790892794384,323.26283987693455,586.6578915872523,491.0588235241598,56.69811689196803,444.70121548361584,538.2998208678597,112.22394450839599,252.80683578856596,2.2526996078577475,-579.2481202967925,663.6568848690368,138.49201109187126,328.3075914498024,-237.6926663176134,461.03177264243,3059.7170680455583,11608.202989383728,3.7938811763385867,0.0,112449.8493246834,1351.7011748676327,1323.0062413209416,502.7214824099563,3577.6040116908252,-0.0006844042067400305,0.8877986544574383,1297.1827883750543,-0.9999999999990908,0.9999999999989022,-0.07540612624256965,1.9999999999970397,-0.9999999999989226,0.9999999999986577,0.24885331414695566,0.0,0.3872650418203076,0.36388164403273676,0.023383397787570925,0.0,0.552139303482587,0.10278171090727814,0.186151773787587,0.35,1.76,0.54,0.04999999999999993,0.5,0.6,0.9271707932186074,0.55
GaPt16,76.07600000000001,0.6336001438978326,102.0,55.04092094612825,451.90063674790895,388.2387708772934,0.8591241952443006,0.0,1040.27,573.65,814.99,0.0,899.0740000000002,709.8739531582683,236.93353269448662,0.3337684551461883,76.12,1040.27,797.39,203.61,279.02600000000007,938.74,0.6900000000000003,0.24445216862424848,0.3542785047390868,0.12,2.23,0.65,0.02749999999999997,0.63,0.6790000000000002,0.40069306930693066,0.04310377589631735,0.10757305052293488,0.06,0.55,0.4,0.009999999999999953,0.39,0.42,1.0963366336633662,0.23077880529807404,0.2104999486484691,0.77,2.65,1.05,0.030000000000000027,1.04,1.09,972.7504901960782,89.87596843818088,0.09239365011265335,109.56,1040.27,985.875,38.74750000000006,946.297,1011.626,490.2455196078431,131.2395989598235,0.2677017814758142,20.8659,1287.1793,476.65585,17.160825000000102,462.49379000000005,496.14994,84.58648,0.6296429535030129,103.0,55.58053781814912,499.31818508858714,430.87595429789224,0.8629286238004429,0.0,1219.35,655.71,904.4749999999999,0.0,987.8440000000002,789.4371775460648,259.728408970712,0.32900453178267935,84.92,1219.35,876.37,224.94999999999993,316.14,1038.51,0.6797087378640777,0.1262718312235272,0.1857734408925673,0.47,1.51,0.65,0.010000000000000009,0.64,0.69,0.40372549019607845,0.02209256678416179,0.0547217534337757,0.31,0.52,0.4,0.009999999999999953,0.39,0.41900000000000004,1.0838235294117646,0.14452114383367656,0.13334379608714556,0.88,2.01,1.05,0.030000000000000027,1.04,1.09,1094.873786407767,57.612687840667725,0.05262039200850704,746.57,1219.35,1104.62,48.89499999999998,1028.676,1147.168,536.5873475728156,97.30200373779199,0.18133488271339954,371.2258000000001,1318.6029999999998,520.3737,17.949799999999982,506.6313999999999,546.97434,-529.6154242503553,26.083750164994374,0.049250359733886896,-598.8531468523854,-437.15083798327635,-527.371327153462,33.731405398247375,-565.0815434153384,-496.60981997286035,-39.47413660089945,351.1805305168176,8.89647148102333,-785.4620976042154,636.9146005456472,-128.3235336295473,612.0495664357129,-426.79693130431957,474.4391748829671,3798.3172282248242,14707.342981867214,3.8720681023098598,0.0,135308.70926510464,1731.7886195157726,1572.1703564026727,657.7663622227351,3856.692995958185,543.7841376287334,34.186761826504,0.06286825867249186,399.5073891607725,617.9412123422835,548.0257856560593,35.96393763552089,494.40845550477513,582.6048620726418,100.3879828339274,287.7761338081026,2.866639269775011,-591.0077519338196,566.8965517219166,101.67434543196715,490.512636771184,-269.6611505118924,514.9850149838456,3213.8395618626137,12348.602215844272,3.8423206815848863,0.0,114074.4998952867,1535.1624266546241,811.7971977326492,763.3716125747923,2654.3544723267714,-0.008651783804395054,0.886300132709658,102.44130578229628,-0.9999999999991268,0.9999999999990181,-0.07633168588681184,1.9999999999975582,-0.9999999999989347,0.9999999999987998,0.2632430974008454,0.0,0.37035704649698714,0.36639985610216746,0.003957190394819676,0.539616872020865,0.5444607843137256,0.11670813029869097,0.21435543834702842,0.34,1.62,0.53,0.040000000000000036,0.5,0.56,0.9553362895901227,-0.52
GaPt19,58.3616,0.6612105405162335,116.0,62.59555715442036,358.08915639895673,294.1822004546946,0.821533395236679,0.0,771.98,448.58,641.08,0.0,709.17,538.2591009249184,187.07853536033366,0.34756223357583627,58.63,771.98,599.17,228.27749999999997,209.77,722.81,0.6337931034482756,0.18007974848523792,0.2841301794250341,0.22,2.44,0.61,0.032500000000000084,0.58,0.665,0.32643478260869563,0.037928796089235786,0.11619103721097886,0.07,0.37,0.33,0.010000000000000009,0.32,0.34,0.960695652173913,0.18356243690353966,0.19107241330497587,0.57,2.81,0.94,0.029999999999999916,0.91,0.98,736.5315517241378,21.454391384076075,0.02912895086955151,585.86,771.98,739.53,22.852500000000077,714.395,759.495,341.14490603448274,96.41782990589867,0.2826301322402574,88.4576,1287.4048,327.6427,20.933825000000013,312.85704999999996,361.01230000000004,62.8408,0.6479899271517223,117.0,63.13517402644123,380.5982885151543,323.6932234054027,0.8504852312063503,0.0,836.99,437.14,718.7950000000001,0.0,767.25,583.7511297709923,210.6375601411939,0.36083452245046094,63.03,836.99,675.29,299.2,223.21200000000005,779.68,0.6158119658119657,0.07497280779123452,0.12174626644455416,0.26,1.27,0.61,0.040000000000000036,0.58,0.64,0.3364655172413793,0.03227720211630183,0.09593019304030513,0.21,0.57,0.335,0.010000000000000009,0.32,0.35,0.9553448275862068,0.0915332145715306,0.09581170257339283,0.83,1.84,0.94,0.039999999999999925,0.91,0.995,796.5645299145299,19.506908550287406,0.024488798857709593,710.93,836.99,798.05,25.409999999999968,772.1999999999999,820.2479999999999,359.4809307692308,32.045828402395934,0.08914472412690688,167.17690000000002,588.4098000000001,357.82119999999986,19.517299999999977,341.7535,378.8690399999999,-511.1036869317445,24.662983653223858,0.048254364591326517,-628.888888880419,-412.02846974955673,-510.05601151314715,28.34266503043216,-540.2295128519255,-481.7812181675333,-43.93306002619091,400.89105278057724,9.125042793114321,-775.9450171700103,616.5577341986873,-115.35808806556142,755.2623256875772,-544.8265947879531,521.6262041300263,4034.3357359227875,15362.971252107694,3.808054722691507,0.0,137756.46702606708,2025.9633949811712,1771.6677227486505,657.0733784864273,3852.4643248604702,537.2868922296394,27.94361996086778,0.05200875056686199,388.7139107565173,610.9154113544488,542.2425474246393,28.12403100732115,498.51795459803907,566.1048411849316,-35.34805245677457,361.46798634180857,10.225966105872578,-698.0975029707652,567.1641790974816,-84.85639686671487,630.6471727550075,-540.0375232269035,481.3375084807481,3887.5616549553783,14351.99328861895,3.691772520268876,0.0,125568.87600946409,1986.2264697222777,1519.6333391507205,695.3187458473993,3670.927829240654,0.00917214438386822,0.8574459093654337,93.48368058725845,-0.9999999999988053,0.9999999999986836,-0.0007881995270794584,1.9641251249695255,-0.9999999999986738,0.9999999999984909,0.3092004676679557,0.0,0.35201007284827773,0.33878945948376654,0.013220613364511191,0.539616872020865,0.47814655172413795,0.09836821696462254,0.20572817351540154,0.11,1.84,0.47,0.019999999999999962,0.45,0.5,0.9586635385335383,-0.46
GaPt21,77.6864,0.6193902329346164,109.0,58.81823905027431,453.934098390143,392.44671865453097,0.8645455806150303,0.0,1056.22,620.07,814.385,0.0,907.7420000000001,730.064856976913,219.5916654597756,0.3007837774424184,78.98,1056.22,783.97,145.91499999999996,361.922,958.21,0.6318348623853212,0.08823618365339136,0.13965070426887952,0.1,1.28,0.62,0.020000000000000018,0.61,0.66,0.3917592592592592,0.03288106242380209,0.08393180649269656,0.21,0.56,0.39,0.012500000000000011,0.38,0.40299999999999997,1.023240740740741,0.10585479838057436,0.1034505312996957,0.49,1.84,1.01,0.030000000000000027,0.99,1.04,996.3224770642203,41.2108499376044,0.04136296318336166,732.16,1056.22,1003.09,37.950000000000045,956.2520000000001,1033.67,461.28042844036696,60.098474090928455,0.13028619985893794,42.9264,845.2587,456.31080000000003,13.768700000000194,442.1969199999999,485.58729999999997,74.9496,0.6123752135983451,110.0,59.35785592229517,450.157454807087,396.1751911767414,0.8800813736287906,0.0,1006.72,585.86,831.71,0.0,897.93,732.2709208400646,225.56472811713616,0.3080345288845544,76.23,1006.72,805.42,163.89999999999998,332.79400000000004,925.43,0.619,0.07265047081121298,0.11736748092705251,0.12,0.99,0.61,0.020000000000000018,0.6,0.64,0.3954128440366972,0.046836277598149324,0.11844905441501925,0.04,0.49,0.4,0.019999999999999962,0.39,0.42,1.0189908256880733,0.07802545990185653,0.07657130747236958,0.55,1.42,1.01,0.030000000000000027,0.99,1.05,961.528,31.985349708890162,0.033265125621777934,749.32,1006.72,968.935,32.037500000000136,927.509,992.332,453.27570000000003,56.336843331606715,0.1242882495829413,74.525,699.1929999999999,453.376,19.96610000000004,438.02803,472.10988,-517.9176692606115,21.196864700561726,0.04092709316286085,-609.2350103357896,-357.9481397934002,-518.5462936249331,30.664819044814863,-544.4005521802316,-491.6502412853125,-11.136025660274447,295.7499100288862,26.55794077929949,-799.9999999948748,592.8510638274938,18.712029161578062,406.7022677921566,-372.50699818002994,369.52131855849336,4113.667051929035,15263.309776323114,3.7103901661564787,0.0,131190.65119556122,1513.0392452899644,1584.374285068916,700.4366631229951,5588.831228719772,514.9230482056868,21.830702753814045,0.04239604894331967,363.0630630588152,589.5104895089904,516.0928334602536,28.59587348561564,485.24630429993584,541.4336973985718,5.836526929468182,320.35164402243714,54.88737528993803,-799.999999994444,616.1764705841165,41.71983356444117,492.98551236095847,-390.8667363573215,424.69963253878285,4213.2954840201055,15585.424134831634,3.6991054137881494,0.0,132741.71482086234,1792.8670483347719,1379.3602319304337,752.3597030189555,4753.161145667937,0.011677557612155486,0.9005088410744506,77.11447837539319,-0.9999999999989876,0.9999999999990445,0.03726829268289376,1.9999999999973415,-0.9999999999988349,0.9999999999987996,0.2317654465329616,0.0,0.3876247864016548,0.3806097670653836,0.007015019336271244,0.539616872020865,0.5094954128440367,0.0524205163024623,0.1028871210183433,0.0,0.82,0.51,0.030000000000000027,0.48,0.54,0.9663229889288795,0.52
GaPt22,69.18560000000001,0.6157927871211439,89.0,48.025901609857,414.5661282489433,367.9238895348109,0.8874914385503978,0.0,949.63,420.86,795.74,0.0,842.6,668.9368774645832,226.5758808412201,0.3387104052323344,69.3,949.63,785.51,283.30500000000006,281.16,859.43,0.7693258426966292,0.04244752882019811,0.055174968016460636,0.57,0.91,0.77,0.040000000000000036,0.728,0.82,0.48386363636363644,0.02555883667601883,0.05282239602727303,0.4,0.54,0.48,0.030000000000000027,0.45,0.513,1.2554545454545456,0.04407919244509334,0.035110146018089435,1.16,1.37,1.25,0.05249999999999999,1.2,1.32,883.5731460674157,23.496916488856197,0.026593063170162048,833.36,949.63,883.52,28.050000000000068,852.676,909.942,514.630426966292,30.53336290651703,0.059330660035881666,419.7127,592.8384000000001,509.55300000000005,35.35400000000004,481.88844,551.66188,69.18560000000001,0.6209191474053422,89.0,48.025901609857,425.7411646730821,372.5693026231885,0.875107538422792,0.0,927.08,475.64,814.88,0.0,848.3420000000001,682.4916381807647,222.61440154282866,0.3261789435778272,69.19,927.08,798.71,255.77750000000003,308.649,860.09,0.7757303370786518,0.06366851726636653,0.08207557980014331,0.29,0.95,0.78,0.040000000000000036,0.73,0.82,0.47431818181818175,0.026319516373762654,0.05548915754691106,0.4,0.53,0.47,0.02999999999999997,0.45,0.503,1.2498863636363637,0.06896135805622364,0.05517410222831492,0.77,1.46,1.25,0.06000000000000005,1.207,1.31,872.6398876404494,21.66316754487356,0.024824865161073784,811.69,927.08,873.07,32.23000000000002,847.8580000000001,897.8860000000001,529.4294685393257,46.66830669327832,0.08814829824631054,170.98290000000006,669.8285,528.6160000000001,28.56039999999996,502.68064,562.51954,-521.4836044994486,37.582440584171486,0.07206830715257734,-633.8422391784196,-356.55042412512597,-525.4569021380718,41.550850306949656,-563.800976062385,-467.52044129438065,-36.76015386966705,364.90525841530257,9.926652094524572,-757.8625954093288,630.1775147844247,-88.6606298147309,603.342979627412,-506.60838585486096,513.5391951976603,3415.7276993227083,14359.4677836397,4.203926380455556,32.45124118272527,136999.86166333113,1628.3678399490902,1102.3888360235587,800.7464812948258,3029.749120310157,536.8546941694617,38.34844721761005,0.07143170700382044,312.0740019446572,650.2290076245631,543.1359751159368,36.87034928347441,479.7717134485095,577.7339395285921,-43.06722592981136,348.2328976492145,8.085798193936613,-742.4050632804602,626.190476182005,-79.09852682737323,585.3327452170493,-490.1530823024819,459.52590592270775,3279.2995443587256,13887.873475315284,4.235012168742534,0.0,133481.00145478637,1595.9835315126209,927.688722814305,847.959052877661,2802.519324021658,-0.007448103731642835,0.8913979907145513,119.68118371476427,-0.9999999999989091,0.999999999998947,-0.056375331063121155,1.983817482422221,-0.9999999999987951,0.9999999999987805,0.2367119345264862,0.0,0.3790808525946578,0.384207212878856,0.005126360284198217,0.0,0.6249717514124294,0.04771767600320917,0.07635173240873049,0.14,0.73,0.62,0.030000000000000027,0.596,0.67,0.9780922671482369,-0.62
GaPt23,67.936,0.7706628293911323,67.0,36.15433042539797,467.0730290493749,322.54597228956027,0.6905686096783228,0.0,882.09,520.85,692.175,0.0,839.8720000000001,603.8435173299101,230.98202041616997,0.3825196657523945,68.2,882.09,655.49,388.29999999999995,250.71200000000005,843.81,1.2776119402985073,0.2572883251247304,0.20138221693766736,1.0,3.24,1.25,0.1050000000000002,1.14,1.35,0.3793939393939394,0.060924165178219664,0.16058286306565608,0.17,0.49,0.39,0.07,0.31,0.45,1.6578787878787877,0.24656743592602984,0.14872464596328042,1.31,3.48,1.645,0.13749999999999996,1.5,1.745,849.7237313432836,17.74002228168526,0.020877400062276844,794.31,882.09,852.83,17.875,828.212,871.464,772.0147074626866,135.56259344941085,0.1755958690149531,513.6483,1758.6932000000002,765.7584000000002,62.343599999999924,684.94998,824.5072,67.13608,0.7006025721737567,67.0,36.15433042539797,393.6413265581437,323.08283986090174,0.8207543722225499,0.0,885.06,385.44,729.0799999999999,0.0,827.53,558.9099152759949,240.14546386462382,0.4296675677074151,67.21,885.06,575.575,450.01,217.87700000000004,834.35,1.162686567164179,0.3443730279172171,0.29618732799241326,0.47,3.08,1.13,0.15999999999999992,0.976,1.278,0.5043939393939394,0.08604313202882413,0.17058716439302013,0.07,0.65,0.51,0.06750000000000012,0.46499999999999997,0.57,1.673030303030303,0.31001451430816324,0.1853011948207652,0.98,3.54,1.65,0.16999999999999993,1.475,1.775,845.9541791044776,13.138101267806746,0.015530511690005641,809.16,885.06,846.56,15.894999999999982,831.006,860.97,649.8370507462687,151.5342617105623,0.23318809159358972,264.8943,1501.6881,632.9411,81.95384999999999,555.75982,730.3119999999999,-477.473177860038,40.809879838806914,0.08547051799145054,-616.6014209068283,-299.99999999585515,-477.36043220937233,57.37279795967987,-527.9659968269356,-423.28835528506306,-171.9265200228345,354.9496918533794,2.0645429908322,-799.9999999893828,712.6717557152995,-269.41741274134563,496.55679099697664,-537.8138973914296,399.82618142217416,2245.734487365265,11944.856574804584,5.318908643030717,0.0,149888.80320885128,832.0412340011068,1180.3860534197795,221.15835091542777,2897.5402339887232,500.88796651354465,24.188370281443017,0.04829097901824048,360.3225806398779,666.4829106879174,497.51266330242345,31.897145050620622,474.3933202876319,535.1901521300638,-51.47506871467524,351.37544745310214,6.826128769131706,-799.9999999891613,725.7396449655344,-160.41561020940426,449.0732021850107,-402.5211214355063,526.5525595351238,2473.7631483743753,12601.168317831014,5.093926767446081,0.0,149299.37518093077,931.4373595066014,1495.4045972719491,227.99335240710593,3041.439413457036,0.08569044273750319,0.7693497896466076,8.978244902119638,-0.9999999999988701,0.9999999999988664,0.14188934888956348,1.7053997099040854,-0.9999999999987836,0.9999999999988058,0.47126540156488894,0.0,0.29939742782624335,0.2293371706088677,0.07006025721737563,0.0,0.8302255639097744,0.20996049096803704,0.2528957187566908,0.1,2.72,0.82,0.17000000000000004,0.682,0.95,0.9286742879742091,0.82
GaPt26,77.69696,0.6528464789999101,98.0,52.88245345804479,480.480811224031,394.6372224159183,0.8213381537750771,0.0,1042.14,645.48,837.7600000000001,0.0,930.16,731.8477751756441,237.53255713397346,0.3245655246770968,77.88,1042.14,804.21,207.625,318.45000000000005,958.8919999999999,0.7407142857142858,0.19021604258616795,0.25680082860281,0.17,1.72,0.7,0.020000000000000018,0.67,0.7889999999999999,0.3975257731958763,0.062359630872436206,0.1568694029929974,0.06,0.46,0.41,0.02999999999999997,0.38,0.43,1.1395876288659794,0.20030861511740827,0.17577289351672362,0.23,2.07,1.11,0.029999999999999805,1.08,1.174,987.1916326530612,91.48894823067347,0.09267597617770094,117.37,1042.14,1000.395,27.527500000000146,967.0319999999999,1022.362,542.0901020408162,110.36564421393338,0.20359280458771392,17.515300000000003,1127.3273,524.1599,20.16190000000006,505.22626,589.3056399999999,76.70168000000001,0.638636568036694,97.0,52.34283658602393,467.9649995503193,389.61507870870213,0.8325731178234732,0.0,1045.99,643.17,823.7350000000001,0.0,908.7540000000001,727.6784875369666,225.6450032651181,0.3100888745915346,76.89,1045.99,790.46,184.68999999999994,327.8,942.7,0.7312371134020618,0.15417393933816764,0.21083987163895102,0.18,1.65,0.71,0.030000000000000027,0.676,0.7580000000000001,0.41447916666666673,0.05037091157244317,0.12152821058778172,0.09,0.64,0.41,0.02999999999999997,0.39,0.445,1.1459375000000003,0.16701782667452994,0.1457477624467147,0.59,1.95,1.1150000000000002,0.039999999999999813,1.08,1.24,1000.5758762886599,32.77856908473015,0.03275970354820046,877.58,1045.99,1009.47,25.519999999999982,955.284,1028.742,532.2576804123712,102.45662242898604,0.19249439923424758,115.6837,1159.1448,520.1206999999999,23.119799999999998,498.55014,551.3893,-495.8163914510486,26.523528422745475,0.053494658264662515,-648.5254691609977,-316.8491996618027,-497.93844366949384,25.7699947594744,-522.233998049876,-469.034493536753,44.75900429870676,334.8665378795157,7.481545738534439,-782.0546163802928,632.4137931001442,105.08518663012676,456.9109640533509,-468.55013756380635,438.8443739042018,3591.5851081677274,14129.703085923204,3.9341133957222687,0.0,132234.98834927034,1538.2338884527915,1207.2672620220144,766.0660373846177,4177.13786160164,473.2589531579666,20.92330196146656,0.044211106460438104,317.9327521757281,529.5383483529862,476.5852390846761,26.595378484045966,447.63047390460866,496.04944255883305,-28.89573242915457,342.01391216845855,11.83613922904217,-799.9999999965353,610.4356151241985,8.051006375787829,522.5717548302007,-490.9337676432596,399.80530542622665,3692.4532604509027,14477.458191834403,3.9208236829685887,0.0,136139.38052059725,1631.0441181613576,948.746053446946,833.6672615214349,4015.365231503737,0.006209457679038366,0.8655745410189215,139.39613511575368,-0.9999999999990375,0.9999999999990358,-0.015656603490887537,1.966376164926374,-0.9999999999987181,0.9999999999987456,0.291483047036604,0.0,0.36136343196330606,0.34715352100008995,0.01420991096321611,0.539616872020865,0.57,0.1264870312410128,0.2219070719633434,0.04,1.5,0.56,0.029999999999999916,0.53,0.6,0.93829653604567,-0.56
GaPt27,105.56568,0.6437629283208922,101.0,54.50130407410739,635.8517006925083,534.3517675555597,0.8403716888273712,0.0,1470.59,880.33,1122.495,0.0,1267.882,983.8352975691535,321.61964396348037,0.32690394902257197,105.82,1470.59,1053.58,284.625,397.397,1303.72,0.7087128712871287,0.06702538851522681,0.0945734036111483,0.18,0.96,0.71,0.020000000000000018,0.69,0.74,0.3961,0.0240788288751758,0.060789772316046514,0.22,0.43,0.4,0.019999999999999962,0.39,0.41,1.1100999999999999,0.04881587856425406,0.043974307287883756,0.87,1.37,1.11,0.020000000000000018,1.09,1.14,1364.0294059405944,45.80421031756152,0.03358007541336157,1143.56,1470.59,1370.38,58.07999999999993,1307.46,1412.62,697.2567386138614,66.19332843605584,0.09493393863435798,166.41129999999998,913.9976999999999,700.5075,20.573300000000017,677.6505999999999,723.7934,105.15208000000001,0.6300026980843602,100.0,53.96168720208652,628.9517753395089,540.8851848108015,0.8599787869554405,0.0,1504.58,843.92,1131.79,0.0,1271.71,993.9021341898645,322.8473260625269,0.3248280841305939,105.6,1504.58,1067.0,291.06000000000006,403.56800000000004,1303.39,0.7005,0.029064583258667235,0.04149119659839549,0.55,0.81,0.7,0.020000000000000018,0.68,0.7210000000000001,0.41232323232323226,0.024774876604419394,0.06008605531330232,0.31,0.57,0.42,0.010000000000000009,0.398,0.43,1.1126262626262626,0.030070148914313765,0.027026279980403637,1.0,1.23,1.11,0.020000000000000018,1.09,1.14,1349.8353,47.17396870001505,0.034947944167692244,1240.47,1504.58,1351.9,55.274999999999864,1283.777,1401.8180000000002,696.2284450000001,26.669737543306937,0.03830601541031353,525.8450999999999,780.747,694.4904999999999,19.600350000000162,677.1617600000001,727.2375,-505.4801516396624,22.01314021662879,0.04354897050889067,-569.0496760253593,-413.22233104431285,-504.9355592625544,32.40387996547133,-534.0543220944855,-476.3478521037931,58.53782621333896,335.49485371280855,5.731248927563156,-799.999999995742,605.13698629666,92.23979268603514,491.7185273623695,-416.44270549229157,498.5055018749884,3803.7607847722975,15455.962729802404,4.063337208710293,2.6282089907118354e-07,139043.6029022902,1516.3741237201573,973.7843892447211,823.6007284585851,4104.881072337979,509.88939541313727,24.871596457295926,0.04877841485033233,355.20745130971284,584.1025640980257,513.2282521942672,32.6059609485755,474.02450020366956,540.3133285147056,-83.45053004317911,371.5861413236996,4.452771493805733,-799.9999999961983,595.6580732663398,-175.771971496272,625.1725077933634,-496.53374143985394,489.04520948454797,3884.827385930947,15290.17195737456,3.9358690717493845,13.877328008455972,139064.18986552488,1925.8479686041405,1901.6592556675682,434.86312518173906,3855.5387355322714,0.012681927595505757,0.8829648619003644,69.62386322008398,-0.9999999999992926,0.9999999999992666,0.02097735399283728,1.993601754931932,-0.9999999999991375,0.999999999999083,0.27376562640525226,0.0,0.3699973019156399,0.35623707167910784,0.013760230236532056,0.539616872020865,0.55505,0.035580858618082835,0.0641038799278965,0.31,0.77,0.56,0.029999999999999916,0.53,0.58,0.9800858500870201,-0.55
GaPt28,97.06488,0.6524867344185629,100.0,53.96168720208652,607.3746604910514,504.5287822622485,0.8306714373851479,0.0,1369.39,769.67,1082.895,0.0,1180.08,925.1170723638869,315.25179644708993,0.34076962350419965,97.13,1369.39,1044.34,341.605,354.50800000000004,1202.08,0.7246000000000001,0.030080558505453336,0.04151332937336462,0.63,0.86,0.725,0.040000000000000036,0.69,0.76,0.38444444444444453,0.04000561127869773,0.10406083831552945,0.16,0.43,0.39,0.020000000000000018,0.368,0.41,1.108989898989899,0.052867185398023465,0.047671475996765154,0.86,1.24,1.12,0.04999999999999982,1.07,1.15,1231.2508999999998,52.78584407007244,0.04287172019125394,1134.1,1369.39,1233.925,75.21250000000009,1158.355,1303.016,670.5878409999999,32.02317069487684,0.04775387911459177,544.1358999999999,824.7370999999999,672.1484,29.74730000000011,641.3024199999999,697.32498,95.568,0.6536559043079414,101.0,54.50130407410739,583.712749347963,480.5150353415804,0.8232046256956304,0.0,1317.58,728.42,1025.805,0.0,1136.41,888.7387190423775,290.5632491157568,0.3269388886629288,95.92,1317.58,980.155,332.50250000000005,403.051,1176.813,0.7196039603960394,0.049370709079456544,0.06860816744765669,0.33,0.84,0.72,0.030000000000000027,0.69,0.75,0.3850999999999999,0.041121648799628645,0.10678174160697718,0.13,0.43,0.39,0.02999999999999997,0.369,0.41,1.1053000000000002,0.06397585482039296,0.057880986847473045,0.72,1.2,1.11,0.04999999999999982,1.07,1.15,1232.6926732673269,50.46625716907905,0.04093985326875857,1088.89,1317.58,1234.75,54.669999999999845,1184.92,1296.9,639.5399019801979,47.212081566396485,0.07382194827897462,285.83389999999997,708.367,644.2820999999999,32.31359999999995,619.8775,673.7456,-532.011950293183,25.618929385079475,0.04815480060346982,-621.7028380587213,-418.61660694752993,-530.3303845450764,36.12781461244208,-565.5857997251459,-501.4712157521773,-30.58713699659446,282.96405913009227,9.251080254825618,-799.9999999928838,565.0380021659753,-52.32664233571217,428.1667007831412,-339.6461243070691,395.13350185058823,3353.258047683125,13550.726938049032,4.041062973786831,0.0,131236.75942200611,1267.3313823732628,1238.3994135309645,551.0530004167381,3759.6124901237413,521.0872155099207,32.42824924723145,0.062231903378085915,403.21687997169397,664.4398766638844,519.6496512244833,39.956311059497864,481.69495629734445,567.3230874311084,-107.03866489308582,305.5577187629502,2.8546480756771198,-799.9999999929732,549.5523309648053,-185.59887528022156,446.96610386373163,-430.9127306766465,378.0897223101517,3498.708172181811,13767.856666200805,3.935125763178805,27.05917085653174,131942.6369105194,1406.3615240363395,1943.8841118511002,384.3867587606411,4069.0995642181656,0.0007376837945362501,0.8633587967204045,1170.3627390925958,-0.9999999999992171,0.9999999999992358,0.02866616011602813,1.9756774611683194,-0.9999999999989969,0.999999999999087,0.30614263872650416,0.0,0.34634409569205865,0.3475132655814372,0.0011691698893785407,0.539616872020865,0.55265,0.04549151019695872,0.08231522684274585,0.17,0.65,0.56,0.029999999999999916,0.529,0.59,0.9737222034076597,-0.56
GaPt30,109.384,0.6284737836136344,102.0,55.04092094612825,617.5735371885961,535.4028078711226,0.8669458382358651,0.0,1475.21,739.75,1091.365,0.0,1291.5320000000002,975.2904751001716,333.76273988694095,0.34221880394383847,109.67,1475.21,1058.6950000000002,370.0675,399.88300000000004,1349.37,0.6850980392156862,0.0620206337904021,0.09052811444457852,0.5,1.09,0.67,0.029999999999999916,0.66,0.72,0.40900990099009904,0.037981364646181896,0.09286172403498757,0.18,0.54,0.41,0.019999999999999962,0.39,0.43,1.0957425742574258,0.08570437948366538,0.07821579759600981,0.89,1.63,1.08,0.030000000000000027,1.05,1.13,1395.8978431372545,61.271527559426744,0.04389399114026584,1085.59,1475.21,1406.7350000000001,52.41500000000019,1347.148,1446.434,668.1695921568628,45.47757687806091,0.06806292505947548,484.7292999999999,913.1067000000002,665.0192999999999,38.78215000000023,634.1112800000001,701.5654800000002,95.66656,0.6300026980843602,100.0,53.96168720208652,540.4198102347334,470.1475316962892,0.8699672417471315,0.0,1295.14,655.71,949.3000000000001,0.0,1130.602,850.7529393290506,300.51634040120695,0.35323573567416294,96.25,1295.14,921.58,291.93999999999994,299.31,1179.486,0.7005000000000001,0.18679065822465532,0.2666533304182755,0.62,2.41,0.67,0.020000000000000018,0.64,0.7010000000000001,0.4079797979797979,0.050371945815222516,0.12346676463193415,0.06,0.47,0.42,0.020000000000000018,0.4,0.43,1.108989898989899,0.18423467111101466,0.16612835798837547,0.94,2.84,1.08,0.030000000000000027,1.05,1.13,1227.6968,33.82736010628083,0.027553513299255383,1073.16,1295.14,1230.35,37.867499999999836,1185.932,1270.214,595.952434,123.1052639047626,0.2065689422195665,458.7165,1732.1425,578.0742,23.90437499999996,550.9343400000001,606.36697,-510.16276815042954,31.383058886178137,0.06151577662143865,-632.4110671879948,-375.34391534271174,-519.6354802501099,32.75180271445731,-539.9220179781452,-461.7603859162922,56.54785010132951,279.0890916552746,4.935450086081654,-776.8154563577203,630.9909909858231,118.58687730247311,357.6273722115737,-311.68459642898773,384.83179913251496,3541.252726571918,13980.270597271934,3.947831933136689,0.0,128583.70673871816,1430.8317884744945,1026.6719706281858,520.8175735824622,4099.3167243992575,493.4757305926042,28.108214621654316,0.05695966970420778,342.54104211055386,573.2718893969189,497.432289834284,36.02075970460629,455.2325784325915,525.6126512034341,202.26700804008877,275.93647853538994,1.3642189164104108,-694.2184154108019,619.2113245645812,274.246924055739,392.08822377367244,-193.2455821623101,518.3908713191912,3366.0824829091507,13265.557955682967,3.940948572423042,0.0,127871.15664649395,1385.6007514672413,1091.4473265796678,620.4642102511136,4098.004072254164,0.019907132142961515,0.881320792649954,44.27160788652077,-0.9999999999992244,0.9999999999993221,0.11402224824348386,1.9734883217778836,-0.9999999999989442,0.9999999999991226,0.2584764816979944,0.0,0.3699973019156399,0.3715262163863657,0.001528914470725784,1.07923374404173,0.5505970149253732,0.08607321765252812,0.15632706891421716,0.36,1.63,0.54,0.020000000000000018,0.52,0.57,0.9685468589116949,-0.53
GaPt31,95.8672,0.6399856102167462,100.0,53.96168720208652,582.4560347153521,498.9054129601791,0.8565546294032974,0.0,1346.07,653.29,1081.96,0.0,1152.36,904.7906084879146,316.4344512774564,0.34973224556997967,96.03,1346.07,1063.37,389.48249999999996,353.375,1186.24,0.7112,0.14637814044453495,0.2058185323941457,0.1,1.77,0.7,0.029999999999999916,0.669,0.74,0.40010101010101,0.056862317313778436,0.1421199040644836,0.09,0.46,0.41,0.019999999999999962,0.39,0.43,1.1117171717171717,0.14115712574849548,0.12697215551999644,0.53,2.16,1.11,0.04999999999999982,1.07,1.16,1224.5596000000003,62.53548183103733,0.05106773229411312,775.28,1346.07,1228.15,56.539999999999964,1170.3890000000001,1280.785,643.693446,105.77028169516464,0.16431778566687524,44.51480000000001,1338.0719,639.30845,30.114424999999983,611.86752,672.5422,91.96000000000001,0.6320712294271068,101.0,54.50130407410739,547.4464052522709,469.3461132623782,0.8573370995928628,0.0,1250.7,630.52,1007.7650000000001,0.0,1109.68,861.638843198634,282.8967509754213,0.32832404575089086,92.07,1250.7,975.59,356.17999999999995,401.48900000000003,1138.863,0.6958415841584157,0.0629516131444655,0.09046831130412233,0.6,1.26,0.69,0.019999999999999907,0.66,0.73,0.40909999999999996,0.057115584563234574,0.1396127705295082,0.09,0.48,0.42,0.020000000000000018,0.39,0.4410000000000001,1.1059,0.09108342329974208,0.08236135565365829,0.79,1.74,1.11,0.039999999999999813,1.06,1.16,1173.0835643564358,28.23032172191962,0.024065056045161595,1100.55,1250.7,1172.27,38.5,1137.07,1211.43,599.5641376237623,50.22267903225592,0.08376531530257705,501.72979999999995,1012.6269999999998,595.1572000000001,28.823300000000017,570.8340000000001,621.6397000000001,-512.181051937993,23.567867661266785,0.04601471993554734,-581.113058719842,-382.1455938670697,-512.3042466888287,25.133987314236833,-540.6044144417942,-485.4826899302657,-97.8426823253725,334.5466903985481,3.4192305693603666,-784.8383500477871,585.2156057440245,-176.60334868489642,490.2305236981513,-477.5661976656029,424.59099639449107,3640.005499338756,14858.816726079669,4.082086339917574,0.0,135135.01470534762,1577.2967772504803,1708.4757637836535,606.7434515657911,3631.1080248977814,505.61938230947413,38.25119148399401,0.0756521463026233,311.4974501609496,654.6415981163624,513.429052534757,38.591153839486594,450.92133796344075,542.7968475949986,-77.62711339606125,292.4143927721013,3.7669105545172994,-774.0909090829123,440.84778419652434,-93.47469186650022,476.1781705878541,-449.54265209366685,314.0282565525362,3279.648116102718,13038.52685150217,3.975587133107493,31.24613924558543,120133.22505572526,1481.2392756914962,777.7678388726058,857.3428443100607,3248.9394295962466,0.006763474366508977,0.8744904770338079,129.2960245503464,-0.9999999999991772,0.9999999999992232,0.01864015622224656,1.988044885793115,-0.9999999999990316,0.9999999999991008,0.27205683964385285,0.0,0.36792877057289325,0.3600143897832539,0.007914380789639353,0.539616872020865,0.55295,0.07633346251808573,0.1380476758839643,0.0,1.18,0.56,0.029999999999999916,0.52,0.58,0.9670316735420936,0.55
JuCo01,86.00415999999996,0.6235916302598299,37.0,51.046217521269256,532.0100551851,451.42970608738597,0.8485360411646231,0.0,1181.84,674.96,961.73,0.0,1034.55,848.0414712389381,247.59548920748927,0.29196153443471934,86.13,1181.84,942.59,252.3125,456.555,1060.07,0.7329729729729729,0.055305777268469344,0.07545404705536748,0.56,0.94,0.72,0.030000000000000027,0.706,0.778,0.45000000000000007,0.056371781750959214,0.1252706258348635,0.13,0.52,0.46,0.019999999999999962,0.445,0.47,1.1830555555555555,0.08918829782620477,0.07538808920003288,0.81,1.46,1.18,0.030000000000000027,1.165,1.23,1103.4099999999999,50.187121046329395,0.04548365616251794,954.91,1181.84,1099.23,68.52999999999997,1042.448,1170.532,621.5914783783785,36.35717790734064,0.05849047030395519,497.3991,744.6075999999999,620.3571000000001,16.423000000000002,596.81996,652.80886,85.71551999999998,0.6061163485858818,37.0,51.046217521269256,510.60300298919293,454.37779686599646,0.8898846935977062,0.0,1155.55,609.73,975.7,0.0,1038.422,838.5517412746584,259.6989645684333,0.3096993921607779,85.8,1155.55,946.44,271.7550000000001,410.19,1063.205,0.7124324324324324,0.08743817600918379,0.1227318857283278,0.29,1.0,0.71,0.020000000000000018,0.69,0.754,0.46361111111111103,0.03697993282983036,0.07976498376287319,0.28,0.5,0.47,0.019999999999999962,0.45,0.49,1.1877777777777776,0.05798041389177666,0.04881419313252219,1.03,1.44,1.18,0.030000000000000027,1.16,1.23,1095.1927027027025,32.83358808002732,0.029979735985248106,1007.6,1155.55,1098.57,43.00999999999999,1053.844,1127.786,597.4114567567569,74.27043236063345,0.12432040182776274,257.0821,843.3128,598.4077000000001,25.52660000000003,569.23702,629.9308400000001,-514.459208326636,44.0624045205083,0.08564800436509425,-635.4846225529151,-345.9830866790987,-519.6559573008439,43.6742151653051,-568.2281505174916,-449.69391687522756,-55.40466408059419,341.06174989831555,6.155831021663366,-751.3577331678506,567.5925925866205,-135.15309728297416,618.0083419606121,-465.7956458361873,435.8965622661405,3201.8354606859093,12863.991384197003,4.017692833421619,21.629307111399378,121218.98558452404,1459.8466524122925,1483.2417822399977,437.23553091852983,3566.3241342526853,525.4095713158933,41.306274219104644,0.07861728539808299,380.09163802899076,632.2263076733783,533.1703227420037,43.90025195965541,464.62638701081687,567.990697775543,1.1079374178194776,341.7092358131174,308.4192572692537,-782.7859569568333,503.208906349329,-40.75612516640362,613.225113189309,-439.4996029165867,456.44974861180674,3354.446592242131,13189.250828090542,3.9318708661481003,39.88651494001117,124234.82459377167,1487.960917521599,1298.2895261301903,651.8136031398816,3548.9753126609603,0.02363403978982724,0.8934544924932183,37.803712891863434,-0.9999999999990895,0.9999999999991336,0.048690425075101545,1.9893571120355618,-0.9999999999989879,0.9999999999989924,0.22970797884571165,0.0,0.3938836514141182,0.37640836974017017,0.017475281673948073,0.0,0.5917808219178082,0.048124907849146414,0.08132218210766595,0.37,0.75,0.59,0.030000000000000027,0.57,0.62,0.974397483316565,0.6
JuCo04,68.4024,0.6198145436798438,77.0,56.36896046852124,415.8670522205954,357.6292386497998,0.8599605011729482,0.0,936.32,526.9,751.3,0.0,825.66,668.4043681102362,196.28429582318967,0.29366100101626497,68.97,936.32,733.48,164.14750000000004,334.356,847.77,0.6597402597402598,0.0869239707493947,0.13175483735350924,0.48,1.14,0.64,0.040000000000000036,0.61,0.75,0.4086842105263158,0.04368975868381989,0.10690346593192684,0.17,0.48,0.41,0.010000000000000009,0.4,0.44,1.0707894736842107,0.08138219056911808,0.07600204568047207,0.97,1.59,1.05,0.030000000000000027,1.02,1.1349999999999998,875.2500000000002,25.43363296334768,0.02905870661333175,798.38,936.32,874.94,33.440000000000055,842.204,908.468,440.9732714285714,50.73174080231694,0.1150449337617493,353.44429999999994,705.6203,426.3754000000001,23.546599999999955,405.30600000000004,489.38604,68.024,0.6170082967301123,78.0,57.101024890190345,410.55390190336755,358.9124441794257,0.8742151578991181,0.0,925.32,485.87,764.61,0.0,824.835,663.3386533517896,204.61703927035143,0.30846542446476133,68.09,925.32,741.84,219.01,320.562,843.92,0.6483333333333333,0.0997614676483382,0.15387372878323569,0.11,1.05,0.64,0.030000000000000027,0.61,0.72,0.4028571428571429,0.05305858420718084,0.13170570515188862,0.05,0.49,0.41,0.019999999999999962,0.39,0.43400000000000005,1.0514285714285716,0.12028876820011933,0.11440507834239125,0.35,1.53,1.05,0.050000000000000044,1.01,1.134,854.9848717948719,87.67243904770363,0.10254267875354346,107.8,925.32,862.73,23.375,834.834,892.221,430.0645602564103,66.65437903613808,0.1549869140490043,9.906600000000001,580.9045000000001,431.5541999999999,24.82645000000008,411.08474000000007,469.55270999999993,-523.3429929026119,33.07811452243563,0.06320542162781546,-635.9999999925395,-403.5135135085563,-528.0165256777798,39.657216451060265,-560.3380204968228,-475.5098908197612,-27.400224786703077,413.96600547443774,15.10812442897261,-789.4495412802886,578.3954516723759,-79.75418065317139,803.7977488962109,-536.7059418750089,526.3150435197604,3901.779171621745,14777.67842243279,3.7874205003474795,0.0,132017.66525691803,1910.581322189039,1851.8045594936805,805.2043977699038,3947.0891806237305,501.70974543938456,31.65391841343485,0.0630920939868331,361.0526315740115,637.1165644082945,498.19865533368915,39.80381929549344,465.6117442943886,543.2293868748299,-25.141888716764527,419.3611314326601,16.67977836272705,-799.9999999909318,638.6149792977774,-87.87438208770008,779.5358114053697,-570.2886981275053,545.9964125675075,4131.21693241941,15071.469621770086,3.6481912880183622,30.26417173228342,133461.6366595141,2163.5875305420595,1740.077632626348,821.0855237054118,3928.1399307718543,0.009289257328900236,0.8939354414434463,96.23324164236912,-0.999999999998913,0.9999999999989133,0.045651635689086895,1.999999999997233,-0.9999999999987402,0.9999999999987205,0.23682284040995608,0.0,0.38299170326988774,0.38018545632015616,0.002806246949731528,0.7320644216691079,0.5290909090909092,0.06051042237546082,0.11436677746942173,0.1,0.96,0.53,0.030000000000000027,0.5,0.57,0.9641514814332247,-0.53
JuCo05,50.8816,0.6102987921169739,71.0,54.16401780038143,293.98223776223773,257.777314960024,0.8768465636608569,0.0,679.36,363.22,528.0,0.0,610.676,480.4492,140.08852467467372,0.2915782244499151,51.15,679.36,513.2049999999999,136.64749999999992,261.118,630.63,0.676056338028169,0.08673220681653397,0.12829138905969217,0.63,1.27,0.66,0.03500000000000003,0.63,0.71,0.42628571428571443,0.01821862693363413,0.04273806576282587,0.36,0.48,0.42,0.020000000000000018,0.41,0.45,1.1024285714285715,0.09355572387292906,0.0848632974622859,1.04,1.72,1.08,0.040000000000000036,1.04,1.171,646.0764788732395,22.483820981130535,0.034800556460912534,505.89,679.36,649.0,17.434999999999945,628.98,664.29,324.8107267605634,32.123158819951364,0.09889808486384222,299.5333,545.7452,317.79220000000004,16.65730000000002,306.83070000000004,340.6986,49.61263999999999,0.6132231404958678,73.0,55.68976478067386,282.77219580419586,253.04332017097482,0.8948663409089149,0.0,662.2,300.19,529.54,0.0,596.86,459.86351855691476,152.64275694268656,0.331930563705855,50.49,662.2,505.89,189.85999999999996,209.4180000000001,614.79,0.6606849315068494,0.0742326732169906,0.11235714569019785,0.41,1.04,0.65,0.030000000000000027,0.622,0.7259999999999999,0.42250000000000004,0.038541103599490596,0.09122154676513383,0.14,0.47,0.43,0.012500000000000011,0.41,0.449,1.085,0.07639444424243892,0.07040962596500396,0.81,1.39,1.08,0.040000000000000036,1.04,1.1689999999999998,625.482602739726,57.23355800331565,0.09150303741867624,156.53,662.2,631.4,21.00999999999999,612.062,651.2439999999999,303.82489726027393,37.336596719877036,0.12288853565469807,44.361900000000006,395.2828,304.0268,19.1554000000001,290.35534,328.16366,-530.8660628497223,29.355352936257223,0.05529709844065102,-613.3188300687513,-424.3813922785028,-537.1478508947611,34.92615731774663,-561.6644343318115,-487.19600833460066,24.756059766776524,412.3151426399893,16.655119857832755,-799.999999989684,610.9704641233033,41.79269831716916,788.5695590291348,-514.669312684259,531.1040343902882,3959.7349804810096,15698.814925517798,3.9646125316211984,0.0,138929.63859399117,1760.6029107410714,2001.0945259902405,604.8277012839256,4026.0760690538636,525.1243416993719,33.346513394170465,0.06350212844103403,382.96795952195356,647.3659889080672,533.5074626856623,31.74683134677798,474.8009509237979,556.1203869511102,37.12291285406244,414.78434345163754,11.173270402327105,-799.999999991383,720.1520912423065,47.07839467655896,803.6688827819421,-470.53538259544655,544.4830502531274,4100.327264284134,15846.249758680775,3.8646304885723475,0.0,139353.23782522758,1772.10657467428,1923.7475474488547,685.5786846257997,4342.359855287175,0.010896907479226886,0.9036650545038347,82.92857155096047,-0.9999999999984899,0.9999999999985182,0.11173184357525211,1.999999999995981,-0.9999999999982306,0.9999999999982241,0.2235219326128417,0.0,0.3867768595041322,0.3897012078830261,0.0029243483788938818,1.525746980292432,0.5462937062937063,0.04750676538759567,0.0869619487710013,0.31,0.81,0.54,0.030000000000000027,0.52,0.58,0.9620751411243047,-0.54
JuCo06,77.484,0.6408818777915043,103.0,58.72849947733536,485.8428737052172,409.5115358033636,0.8428888391002517,0.0,1003.64,588.72,893.97,0.0,948.09,756.0131020166073,241.53629792599017,0.3194869206385326,77.55,1003.64,869.7149999999999,291.995,330.12100000000004,962.39,0.6543689320388352,0.0706374567557306,0.10794744858637483,0.11,0.87,0.65,0.040000000000000036,0.62,0.708,0.3669607843137255,0.02163825659346104,0.058966127879200664,0.23,0.43,0.37,0.010000000000000009,0.35,0.38900000000000007,1.0266666666666666,0.048046818125929466,0.04679884877837397,0.94,1.21,1.02,0.040000000000000036,0.99,1.0890000000000002,979.793495145631,25.83883694325411,0.02637171717432886,744.7,1003.64,983.4,16.225000000000023,965.668,995.236,494.9319601941748,52.85706423625328,0.10679662759181943,59.743199999999995,648.0331,492.3006,26.09585000000004,469.20082,537.48332,73.6912,0.6415470873325098,103.0,58.72849947733536,462.9721353226266,388.9563444661097,0.8401290591586502,0.0,1011.23,596.09,844.69,0.0,899.25,719.3867041919716,228.71419261351957,0.3179294130409286,74.69,1011.23,817.96,238.53499999999985,313.72,913.55,0.6554368932038837,0.04706485298462455,0.07180684120900938,0.54,0.85,0.64,0.030000000000000027,0.622,0.698,0.36980392156862746,0.022751013429565724,0.06152182830170936,0.25,0.42,0.37,0.020000000000000018,0.35,0.39,1.0255882352941177,0.048518715398747275,0.04730818244763203,0.92,1.2,1.01,0.030000000000000027,0.99,1.08,938.3566019417475,17.556867356274623,0.018710229479843132,900.79,1011.23,938.63,20.845000000000027,916.234,958.166,471.51258640776706,29.662744913436807,0.06290976268387748,384.17060000000004,626.8910999999999,465.861,19.963350000000048,448.8143,499.43014000000005,-502.8560218740642,16.18919366685548,0.032194490992647845,-542.9614873821594,-399.6983408720712,-504.6910550523021,21.723304701331244,-523.034297734366,-481.06315435869766,-35.30330098040388,352.1143416771884,9.973977840278044,-765.387627248646,581.6774193480155,-55.05750281705738,599.3197444020836,-489.3769679830012,440.9945274099087,3874.8184929247723,15146.150059418598,3.90886697972326,30.327072563331704,132056.58337870886,1832.0586991895268,1045.0889681859267,922.1791893122897,3763.1840074745146,525.3981685409383,27.420161216771,0.052189297295927424,367.57018392706533,678.5661492932974,524.3704775673613,32.66701203642344,491.9389701202197,559.5064498029884,-79.64428248029212,347.76126051602637,4.366430956267489,-778.4753363149359,559.0574374004678,-126.46030953555298,627.3820962382192,-476.87619907410726,398.9876621310892,3852.391209115397,14715.634803546205,3.8198703103471816,18.569165487169645,132240.46354579803,1896.7602719260185,1571.6511666923705,478.6624233442084,3754.2857419194365,0.0038296907024764743,0.8734164862412843,228.06443810515833,-0.9999999999990111,0.9999999999990022,-0.001747233546882823,1.9999999999976026,-0.9999999999988706,0.9999999999989247,0.28242896512401405,0.0,0.35845291266749024,0.35911812220849565,0.0006652095410054626,0.0,0.5127804878048781,0.030882556600791183,0.060225685795433095,0.4,0.68,0.51,0.020000000000000018,0.49,0.55,0.9771881452868197,-0.51
JuCo09,88.2112,0.6290060552355634,73.0,64.68763845813027,513.8168719539211,441.9372704625826,0.8601065760669596,0.0,1193.17,628.1,908.9300000000001,0.0,1051.71,813.5234796900681,261.28225043486196,0.32117358251796585,88.33,1193.17,880.88,286.82500000000005,349.91,1090.672,0.5834246575342467,0.05056446253504588,0.08666836719257004,0.55,0.83,0.57,0.019999999999999907,0.55,0.6,0.34388888888888886,0.021766153360177478,0.06329414528980613,0.32,0.44,0.34,0.019999999999999962,0.33,0.35,0.927638888888889,0.06661441818312717,0.07181072172503046,0.88,1.26,0.91,0.030000000000000027,0.89,0.987,1125.4024657534246,36.04861507346129,0.03203175412388647,1011.01,1193.17,1127.06,42.13000000000011,1087.988,1171.962,474.62965753424663,39.26978203601519,0.08273773333074738,435.545,682.7611999999999,465.18890000000005,16.14140000000009,449.20502000000005,498.9302999999999,87.8636,0.6038989809481613,74.0,65.57377049180329,459.43404814650717,426.618977789701,0.9285750142155975,0.0,1181.29,462.77,859.3199999999999,0.0,1051.16,758.0227781853753,276.0196247301186,0.3641310428566747,88.22,1181.29,783.53,417.34000000000003,343.96999999999997,1090.144,0.5525675675675675,0.07237404363016184,0.13097772606846722,0.18,0.86,0.545,0.020000000000000018,0.53,0.58,0.36739726027397257,0.023174584405268525,0.06307772770245818,0.32,0.49,0.36,0.010000000000000009,0.35,0.37799999999999995,0.9250684931506852,0.07020758433196092,0.07589447135632829,0.73,1.28,0.91,0.020000000000000018,0.89,0.9659999999999999,1121.6105405405403,30.938046370469635,0.027583590963340992,1044.23,1181.29,1123.2649999999999,40.89249999999993,1083.17,1159.741,418.8588027027027,60.71101909053754,0.14494387774269607,179.7268,705.5729999999999,411.5661,19.888549999999952,392.28717000000006,446.50309000000004,-521.4790844385925,33.964524826042236,0.06513113534082045,-652.6179367517196,-402.9556650223749,-527.6000501813077,33.082735019903794,-555.153772512926,-462.1925979900645,84.2610040341269,407.6226152161507,4.837618776133027,-786.0642351621416,585.6148491817589,220.58602554445213,777.7417459760798,-463.1919969278079,523.7796967866066,4502.442764146146,16081.102518377182,3.5716395212018353,0.0,136545.3024619552,1779.5363170658995,2973.5347815253795,622.116258566296,5290.282256039737,505.9590772775589,32.99544055317239,0.0652136546905088,415.26610643993337,678.5519125640925,509.2879256958778,33.519844632430704,455.40212490322585,541.018035454941,25.652253191958962,414.1325084053874,16.1440987382371,-799.9999999949739,585.3350189599739,73.70219476926403,788.7014075255549,-489.98154625820627,531.46022386697,4787.255027764453,16894.072939620997,3.528968655657069,0.0,137242.6113462256,2060.903965741595,2615.386179441213,810.7319949212223,5096.505491858053,0.029162371533655612,0.8984980904500153,30.81018491938815,-0.9999999999991506,0.9999999999991597,0.12137931034471885,1.9999999999972977,-0.9999999999989183,0.999999999998961,0.2329050361837247,0.0,0.3961010190518387,0.3709939447644366,0.02510707428740211,0.8861320336730216,0.4625342465753425,0.04040567645994528,0.08735715608467148,0.28,0.71,0.45,0.019999999999999962,0.44,0.49,0.9541941564832703,0.46
JuCo11,68.92468,0.5989544436146378,67.0,50.03734129947722,385.79702763256165,343.870543983806,0.8913250215873142,0.0,981.97,538.395,692.67,0.0,775.17,642.2118661679135,182.79501343206266,0.2846335034612771,68.97,981.97,675.62,119.89999999999998,358.842,842.1270000000002,0.7176119402985075,0.053506577981403534,0.07456199500329416,0.67,0.96,0.7,0.030000000000000027,0.68,0.768,0.4792424242424242,0.030366977981004403,0.06336454450092414,0.39,0.6,0.47,0.024999999999999967,0.46,0.5,1.1972727272727275,0.07270833086662404,0.06072829452276788,1.12,1.49,1.17,0.040000000000000036,1.145,1.2850000000000001,920.4701492537314,42.64993672870802,0.04633494824708873,690.58,981.97,928.84,30.194999999999936,895.576,953.7,461.1313447761194,28.255999800376756,0.061275383077751634,424.97839999999997,573.9712000000001,455.477,24.98815000000019,433.88707999999997,499.47765999999996,61.25988,0.6054269355240229,68.0,50.78416728902166,375.9179350261389,328.483544147509,0.8738171647058941,0.0,841.5,574.31,684.2825,0.0,742.357,618.5939329769736,170.03772793177967,0.27487778147645403,61.38,841.5,662.86,121.27500000000009,345.16900000000004,760.507,0.715294117647059,0.08930237116006322,0.12484706476962783,0.24,1.03,0.7,0.030000000000000027,0.68,0.7560000000000001,0.47313432835820896,0.018625047749022683,0.03936524279328228,0.43,0.54,0.47,0.019999999999999962,0.46,0.49,1.1955223880597015,0.07563233104152473,0.0632629984462364,1.09,1.54,1.17,0.03499999999999992,1.146,1.264,792.8977941176471,22.87659032373412,0.028851877875587746,735.13,841.5,792.55,31.29499999999996,764.005,819.8960000000001,442.47660147058815,50.60585089279665,0.11436955247914077,149.7584,579.5405000000001,435.11049999999994,26.579849999999908,421.10497,479.81571,-488.00647946664066,30.473484099179995,0.06244483502027081,-657.014925368677,-342.1296296260298,-486.34186465102374,39.62568769031907,-525.0929134408418,-450.2807720497488,20.3845515777209,299.91034551805126,14.712629039685268,-799.9999999941443,600.6269592390904,47.03494042623099,395.0185811100957,-416.3130505366512,406.6161589496857,3773.8979580622718,15124.934341770962,4.0077751200069365,0.0,140076.18023015678,1479.0538033080868,1159.8776833878878,593.3449009731819,4044.8558594020246,490.7387401128819,38.71781994881796,0.078897011350343,342.3312883387851,620.2932236714395,494.48097744305926,55.23867766282666,439.8310258268364,536.7082306468602,12.870960630812737,298.83690105638516,23.217917419291894,-768.1592039714138,586.0265752227486,15.058057728192718,439.55312406668315,-406.6710557468387,407.63655411035256,3490.0212399992843,13586.87559057964,3.893063868739817,0.0,126544.38791326438,1494.802170953372,1135.6348569680813,622.9593749805064,3736.9819068697802,-0.006483486884241457,0.9090548380917612,140.2107714739899,-0.9999999999988116,0.9999999999989817,-0.02654174344911405,1.9999999999968239,-0.9999999999986346,0.9999999999986682,0.2043813791386607,0.0,0.3945730644759771,0.4010455563853622,0.006472491909385147,0.7468259895444405,0.5977611940298507,0.04160298839447008,0.06959800793424292,0.5,0.84,0.59,0.020000000000000018,0.57,0.637,0.9594406759139608,0.6
JuCo14,132.58607999999998,0.6238970056415449,64.0,55.54751916678722,687.743533921597,615.4458408570893,0.8948769570349104,0.0,1816.54,854.26,1199.11,0.0,1509.42,1096.6480732668676,402.6707904951507,0.36718323800564795,132.77,1816.54,1134.87,359.1500000000001,375.9580000000001,1628.748,0.67390625,0.039710561705137086,0.058925943551066846,0.47,0.75,0.68,0.019999999999999907,0.66,0.69,0.41269841269841273,0.01720154563065913,0.04168066815790935,0.33,0.45,0.42,0.010000000000000009,0.41,0.42,1.0898412698412698,0.03609916076463985,0.033123319634219946,0.91,1.17,1.1,0.010000000000000009,1.07,1.11,1707.5265625,82.0897132566474,0.04807521889229722,1413.17,1816.54,1723.6999999999998,62.53500000000008,1649.219,1768.789,739.037990625,43.60159670869548,0.0589977744875644,539.5136999999999,843.1642999999998,745.3292000000001,19.002775000000042,717.0890100000001,765.3021199999998,138.2832,0.6055258209171127,63.0,54.679589179806165,698.6023303920151,638.925222289263,0.9145764256609632,0.0,1866.59,860.75,1214.29,0.0,1561.6480000000004,1147.6903081700907,403.04205553204616,0.3511766655713216,139.04,1866.59,1170.2350000000001,349.00250000000005,493.9,1699.6100000000001,0.6644444444444443,0.014004282539754144,0.021076679375935988,0.62,0.7,0.66,0.010000000000000009,0.65,0.68,0.4283870967741936,0.01743129817562103,0.04069053028485281,0.32,0.46,0.43,0.0,0.42,0.44,1.0929032258064517,0.02003119315646455,0.018328423473501176,1.0,1.14,1.0950000000000002,0.010000000000000009,1.07,1.11,1769.0950793650793,88.25037360185348,0.049884471802090075,1398.1,1866.59,1794.32,60.00500000000011,1669.646,1834.118,762.576449206349,25.442278838528228,0.033363577992703425,663.0282999999998,835.2971000000001,764.9300999999999,17.886549999999943,741.3590799999998,783.0222400000001,-519.2872317690625,19.11407668310736,0.03680829320211549,-582.615418598344,-447.05687830654233,-519.2917936319512,20.716924207808688,-541.8283344615215,-499.9999999980355,5.032250681957586,336.44653510551603,66.85806338005752,-799.99999999761,622.875816988838,55.783402755486456,451.42080880017244,-444.59530382320975,436.8418285904447,3956.728771596326,15886.356241468055,4.015022802549782,0.0,142288.42608498386,1592.6280514398563,1092.715495218147,664.4233753639338,4356.401857856288,516.07374449166,18.928796656524966,0.03667847252166146,434.99549414119724,575.0403493776486,520.3302637848733,24.23590770696717,488.8795854905378,535.495088185463,-5.164301461898654,362.7599832420087,70.24376594746587,-799.9999999968934,645.8862876234542,-27.385293819680026,534.3395442160954,-493.84369338233716,497.6200979975433,4258.566148333102,16770.8719532794,3.938149923969116,2.0427097606582844e-07,143527.38630313583,1755.8202777237038,1233.8797855111488,887.8202257321554,4344.894291591208,0.006436488567872314,0.9029814033409226,140.29097597674158,-0.9999999999994581,0.9999999999994496,-0.007624477889009512,1.9999999999981175,-0.9999999999992059,0.9999999999992335,0.2294228265586576,0.0,0.3944741790828873,0.37610299435845507,0.01837118472443222,0.8679299869810535,0.5449206349206351,0.025315345485637623,0.046456940363192034,0.37,0.6,0.55,0.020000000000000018,0.53,0.56,0.9905472825765756,-0.55
JuCo15,72.4218,0.6270096463022508,72.0,53.42567400445214,449.2819131832797,384.776455821335,0.8564254302921676,0.0,969.32,567.27,816.0625,0.0,873.62,713.4966666666667,221.1426098742292,0.30994203645976287,72.6,969.32,808.94,201.68500000000006,296.89000000000004,898.2710000000001,0.703888888888889,0.039915033214857905,0.056706440161541145,0.66,0.87,0.695,0.010000000000000009,0.68,0.72,0.41521126760563376,0.048261586361323494,0.11623380676395413,0.39,0.71,0.4,0.009999999999999953,0.4,0.42,1.1191549295774648,0.07843085191451953,0.07008042387308301,1.05,1.5,1.1,0.020000000000000018,1.08,1.14,924.1955555555555,20.60792437179398,0.022298229252340193,874.83,969.32,924.99,25.602499999999964,900.3059999999999,949.245,502.3821458333333,29.080360274165454,0.05788493981184407,469.5602999999999,643.0369,496.3695,13.282774999999958,480.76555999999994,514.1864199999999,74.18180000000001,0.6234232005936186,73.0,54.167697254513975,421.5633279742765,373.41869099618066,0.8857950068609398,0.0,995.94,498.46500000000003,757.02,0.0,893.09,673.6845149771871,234.09603363082005,0.34748614288455143,74.36,995.94,727.43,258.28,243.65,918.06,0.6905479452054794,0.07708544291548469,0.1116293855322642,0.38,1.08,0.68,0.019999999999999907,0.66,0.72,0.42291666666666666,0.022263416678987583,0.05264256148101285,0.4,0.53,0.42,0.010000000000000009,0.41,0.44,1.115,0.08956685895029601,0.08032902140804213,0.8,1.53,1.1,0.020000000000000018,1.08,1.158,942.3232876712327,29.64740299351212,0.03146202941322654,797.17,995.94,945.45,27.83000000000004,914.012,970.332,465.21145753424656,56.5712723640317,0.12160335143883597,233.81599999999997,771.4311,459.6141,12.068100000000129,446.23480000000006,476.0668,-492.58940092103364,23.231932656227418,0.04716287563788758,-590.425531907756,-424.27745664677957,-497.4224321618877,33.10831419457645,-518.2575353744439,-460.135898610898,16.299126328505114,409.9839266874225,25.153736365933838,-799.9999999949283,585.4195323173012,46.98856948706353,732.1872383611857,-613.1104419231154,503.3260682905368,3810.8769335381235,15155.874774649279,3.9770045160115335,0.0,136716.25982939545,1580.3520621618682,1907.1338613031478,571.7192727110007,3777.9601527872924,475.5222454214392,49.216902407521545,0.10350073604611026,323.7864077646089,597.8723404246355,484.38880706862994,85.27059438928995,409.2720306507708,531.242210219188,-23.724825675189606,379.9801033257777,16.016138896528467,-799.999999994676,527.0903009980025,2.163961714520748,679.865712753897,-554.0559942560953,411.6465863444422,3744.8007501346606,14908.22737918017,3.9810468897818128,0.0,132244.59640674872,1528.8496040540217,2033.6360503239891,517.3704046239028,4075.402014976883,0.014648358429297823,0.8923705639871468,60.91948851298244,-0.9999999999989412,0.9999999999989617,0.06725602436157446,1.986208946020275,-0.999999999998662,0.9999999999987993,0.2504328468958694,0.0,0.3765767994063814,0.3729903536977492,0.003586445708632202,0.742023250061834,0.5575,0.05133630943753812,0.09208306609050235,0.26,0.88,0.55,0.020000000000000018,0.53,0.58,0.9617156635720155,0.55
JuCo17,74.51664,0.5970416124837451,58.0,56.56697009102731,389.39810468140445,355.37717565360964,0.9126320117645603,0.0,1025.64,477.18,703.505,0.0,849.31,648.2457827389055,212.51742655200312,0.3278346457631659,75.13,1025.64,671.55,222.08999999999992,311.96000000000004,916.586,0.6332758620689654,0.09603138730849813,0.15164226667840025,0.41,1.09,0.61,0.010000000000000009,0.6,0.643,0.43315789473684213,0.01568974351951676,0.03622176502826304,0.35,0.47,0.43,0.010000000000000009,0.42,0.45,1.0703508771929826,0.09815785554143738,0.09170624095451031,0.99,1.53,1.04,0.020000000000000018,1.03,1.09,964.0437931034484,41.516316228665715,0.04306476171064116,821.59,1025.64,975.59,40.25999999999988,930.732,1003.42,410.5184068965517,52.74556839771032,0.12848527011572813,287.3013,654.0237,400.81690000000003,20.295275000000004,384.9098000000001,431.09132000000005,68.81996000000001,0.6077698309492848,58.0,56.56697009102731,396.2810256827048,354.1041324142552,0.8935682242250139,0.0,939.29,497.145,740.1075000000001,0.0,835.219,649.1506285102969,207.88810655551708,0.32024633024274934,68.86,939.29,698.39,224.39999999999986,282.282,853.8420000000001,0.6446551724137931,0.08946614688676036,0.13878139907415832,0.2,1.08,0.635,0.010000000000000009,0.62,0.67,0.41807017543859654,0.028680857146115554,0.06860297328653868,0.38,0.58,0.41,0.010000000000000009,0.4,0.43,1.0628070175438595,0.10836511359976937,0.10196123257469568,0.61,1.57,1.05,0.020000000000000018,1.03,1.104,889.9474137931037,28.075967853268047,0.031547895322906847,799.7,939.29,897.105,27.6099999999999,849.673,918.61,418.4783103448276,53.461730040493926,0.12775269044723853,115.14030000000001,650.188,415.86875,12.695100000000082,403.71859,439.1501399999999,-524.4843401897159,37.103339233390784,0.07074251105361709,-662.3152709285455,-388.70523415491226,-527.4608942953397,37.527141511039815,-567.978463454778,-471.4833520967202,-39.732220560537556,417.06637816503377,10.49693101142128,-799.9999999957961,687.6741693394946,-120.51334283945904,768.3588615366222,-547.9036419715651,534.6876755350515,4268.546684794086,16066.85604205353,3.7640108515821065,13.515085271642574,148801.24155480156,2179.587303315957,2117.7522219945445,429.9007156145297,4542.570449995515,528.1238506152381,30.356788761023505,0.05748043517747186,404.53834115230416,678.8375558821377,528.1165746559506,38.44016690243484,491.51821132206584,566.5115335646633,-52.16723800904305,433.20667146305715,8.304190292375797,-799.9999999965187,638.9937106826902,-79.45256149422558,801.48966011636,-617.8736289866484,516.7475303997711,4233.612933128625,16043.575031747041,3.7895705831300703,6.044279947519807e-07,142981.38050283727,2013.484271255531,1809.8373778320104,660.9650669236328,4495.888860378007,-0.002741781773300169,0.9094578009960622,331.7030837936829,-0.9999999999989276,0.9999999999989645,-0.015036505925036017,1.9891720586263562,-0.9999999999986959,0.9999999999986025,0.2048114434330299,0.0,0.3922301690507152,0.4029583875162549,0.01072821846553973,0.0,0.5313913043478261,0.06918012980016908,0.13018679286610968,0.1,0.9,0.52,0.020000000000000018,0.51,0.5460000000000002,0.955225596485298,0.53
JuCo18,70.16680000000001,0.6036699538135064,74.0,55.42379228560729,387.7503707402322,347.80111929545745,0.8969717259859562,0.0,954.8,452.1,703.2850000000001,0.0,828.96,638.5454507857734,203.91077239240437,0.31933634816622536,70.73,954.8,683.1,204.35250000000008,310.03499999999997,868.45,0.6535135135135134,0.06719138523514294,0.10281560173267626,0.12,0.78,0.66,0.010000000000000009,0.64,0.68,0.42917808219178083,0.022067978702029888,0.05141916506525958,0.29,0.48,0.43,0.010000000000000009,0.42,0.44,1.0826027397260274,0.06828681248687178,0.06307651913117872,0.56,1.22,1.09,0.020000000000000018,1.06,1.118,900.8583783783782,37.21062177720253,0.0413057398035677,647.9,954.8,906.0150000000001,35.969999999999914,873.928,930.71,417.2980810810811,46.49300103645847,0.11141436575960066,45.93380000000001,498.37149999999997,417.65735000000006,13.28387500000008,408.34321,436.7726,71.0512,0.6258894020721508,74.0,55.42379228560729,438.6133766071651,374.9086754751001,0.8547588730063389,0.0,952.16,554.07,796.62,0.0,866.58,697.1418049461508,214.09691329247423,0.3071066915987122,71.17,952.16,777.425,202.73000000000002,318.131,882.53,0.6775675675675675,0.031140952909911503,0.045959922455772184,0.54,0.78,0.68,0.02499999999999991,0.65,0.69,0.41027397260273973,0.018577686036344857,0.04528117119691649,0.3,0.45,0.41,0.010000000000000009,0.4,0.42799999999999994,1.0897260273972602,0.02415546693501417,0.02216655040399593,1.05,1.18,1.09,0.030000000000000027,1.07,1.116,904.0766216216216,33.54488196661492,0.03710402543803105,691.68,952.16,909.755,31.95500000000004,884.235,933.768,472.360677027027,19.13730757171636,0.040514184398505446,406.9527,546.0752,472.96204999999986,15.153049999999894,456.25151000000005,489.10609,-513.9664662033823,31.261809005362203,0.06082460833725041,-593.5300794521023,-325.2788104052577,-518.8836288262694,41.6838673089901,-549.2578767046947,-472.28861375896054,-24.045113676189853,394.41807458501984,16.40325264750902,-799.9999999950016,586.0962566773687,-24.790798618250346,726.761388417751,-499.93712194457476,496.60484930531413,4027.1714986996312,15554.168879104005,3.8623060587617304,75.7632956186328,137548.713438714,1754.0992959055461,1703.7821944371303,768.3132288420187,4126.476889230149,525.827708537135,22.817325562054428,0.043393159378172314,416.3090128714757,626.8162799521878,527.2348774511677,24.973325660405862,499.99999999672764,550.4276267955369,10.827588114377301,407.25795660099493,37.612989362109985,-799.9999999971013,643.7499999939039,27.352815377613105,724.2091399612536,-534.4184354146429,549.9591623025223,4034.6453954763138,15955.706356149096,3.954673779766332,26.969983681501336,144390.33257835015,1851.6550394145113,1553.5697278670004,788.30154339473,3866.7593274882634,-0.02558378813758354,0.8947625072935855,34.973807143334604,-0.9999999999989497,0.9999999999989263,-0.09588205388908268,1.9870601201837976,-0.9999999999987921,0.9999999999985453,0.22955935588565723,0.0,0.37411059792784923,0.3963300461864936,0.022219448258644414,0.0,0.5412925170068028,0.04713956855547842,0.08708704995417281,0.02,0.63,0.54,0.020000000000000018,0.53,0.56,0.9796446959260188,-0.54
JuCo19,68.54012,0.6108903020667726,71.0,56.43879173290938,395.72919713831476,352.927587250247,0.8918411625968562,0.0,944.13,456.555,745.03,0.0,812.383,645.1598048145739,209.57320059056713,0.32483920886930634,68.86,944.13,729.52,216.92000000000007,296.67,846.89,0.6494366197183098,0.06549674379485307,0.1008516331007179,0.27,0.88,0.64,0.020000000000000018,0.63,0.68,0.41557142857142865,0.02713120050451742,0.06528649125975126,0.29,0.48,0.42,0.020000000000000018,0.4,0.43,1.065,0.06716185141666572,0.06306277122404033,0.7,1.34,1.06,0.020000000000000018,1.04,1.1,880.928028169014,34.50924577557739,0.03917374027395267,700.59,944.13,887.15,41.25,851.51,909.59,418.99040281690145,43.96334155240285,0.10492684619201142,133.5235,551.8336999999999,415.8858,15.340599999999938,403.1104000000001,438.74819999999994,67.47224,0.6093004769475358,71.0,56.43879173290938,383.5477318494966,337.0906481346321,0.878875352771026,0.0,906.73,467.5,688.4075,0.0,784.52,623.9614263970427,196.12874256927606,0.3143283130520956,67.65,906.73,680.35,181.005,317.152,832.59,0.6477464788732394,0.04544605789001408,0.0701602545164084,0.38,0.77,0.64,0.020000000000000018,0.63,0.69,0.418857142857143,0.028007287681339414,0.06686596633741954,0.24,0.51,0.42,0.007500000000000007,0.41,0.43,1.0704285714285715,0.04785202531273478,0.0447036136228771,0.87,1.27,1.06,0.020000000000000018,1.04,1.1110000000000002,866.4002816901408,30.40371502373673,0.035091995774044794,772.31,906.73,876.26,28.049999999999955,810.48,892.76,404.1688169014085,23.74109237717772,0.05874053460910691,270.4229,476.4254,403.0972,12.953600000000051,388.9061000000001,430.5807,-526.1588029080648,29.329270497444295,0.05574224043252057,-592.1208346292797,-334.35754189519605,-535.2941176442247,28.79883777741793,-551.686417501517,-481.74670036383617,-66.14503042591326,388.29763062780916,5.870397641692181,-799.9999999915726,583.5575485720402,-176.5911542608407,701.6869291013012,-532.4199073131493,514.2698808521267,3999.533371032525,15464.054879809368,3.866464771067351,0.0,138449.06566415163,1882.5570617952505,2064.6885317341334,413.4699667245471,4275.050178351508,539.735753053553,34.17419811919604,0.06331653577846627,362.945736428993,615.4334038041826,551.9244912962714,28.22383637462201,479.0226020524684,568.6421938154019,-28.56476344844662,387.304004038054,13.558803129019337,-765.3758542061983,577.9904306136292,-63.67778921055726,730.9909145317456,-555.6279835382268,497.0554823830817,3937.839409562681,15145.594338702118,3.8461686126454495,20.5462522464906,133138.27115074912,2011.9251473934821,1551.5918514448397,805.1472498028177,3518.487828814892,-0.0018115904964647552,0.8993249002207139,496.42808656129637,-0.9999999999988971,0.9999999999988964,0.008061584514415347,1.9780490937322028,-0.9999999999986255,0.9999999999985594,0.22019077901430842,0.0,0.39069952305246425,0.38910969793322736,0.0015898251192368873,0.0,0.5326241134751774,0.043883233038879095,0.0823906237931408,0.17,0.72,0.53,0.020000000000000018,0.51,0.55,0.9814086943620484,-0.53
JuCo20,73.5768,0.6220960247805886,91.0,56.3758389261745,444.42212493546725,382.26074520318,0.8601298714770927,0.0,1012.0,561.88,816.42,0.0,894.916,711.7677344398339,213.70904984399724,0.3002511065100295,74.36,1012.0,775.94,244.97000000000003,373.758,912.78,0.6620879120879123,0.04343787994736785,0.06560742023635184,0.48,0.89,0.66,0.030000000000000027,0.63,0.69,0.40111111111111103,0.028846122190549262,0.07191553990795112,0.25,0.5,0.4,0.009999999999999953,0.38,0.42,1.0627777777777778,0.057542791377427745,0.054143766012499296,0.76,1.32,1.06,0.040000000000000036,1.03,1.0910000000000002,936.0045054945056,20.400163178820343,0.021794941219883155,882.53,1012.0,934.67,23.75999999999999,913.44,959.64,471.2528131868131,36.969663172652616,0.07844974531307196,305.2412,629.31,465.81919999999997,23.10605000000004,447.32489999999996,493.70529999999997,71.04943999999999,0.6348993288590604,92.0,56.99535363964894,455.0195260712441,381.88857878660576,0.839279540557503,0.0,971.74,584.43,837.76,0.0,870.54,714.2237388193201,213.55931448767808,0.2990089839920652,71.39,971.74,818.07,221.98000000000002,365.178,882.75,0.6683695652173913,0.05471819453211557,0.08186817188848204,0.32,0.85,0.67,0.022500000000000075,0.65,0.7,0.3885714285714285,0.035131508933394895,0.09041197128708842,0.14,0.47,0.39,0.020000000000000018,0.38,0.41,1.0607692307692307,0.062498013493366936,0.058917634129647636,0.72,1.28,1.06,0.040000000000000036,1.03,1.1,904.4857608695654,18.03491819834727,0.019939416382839133,855.14,971.74,903.87,20.460000000000036,883.993,924.528,477.36540978260865,39.064784559629025,0.08183413326352494,239.51069999999999,608.4122,477.8521,22.497749999999996,458.75390000000004,504.72004,-511.6147224465817,19.632762251295034,0.03837411511023618,-578.9245446638062,-344.4670050729629,-516.2784810120642,15.800076727289309,-528.5122944846114,-485.9020367581097,-69.56263064215284,340.7113242797891,4.897907412783071,-768.0751173626966,611.985898935883,-120.33553634963218,573.8408451226435,-483.2197877999659,414.49231615019204,3758.827162865161,14725.560552342567,3.9175944820815096,0.0,133252.80481478522,1792.6130076697966,1188.8910176072382,948.7080997897012,3440.672150562219,513.7239124704581,21.582389853140615,0.042011651257015815,360.48387096333715,654.523227376589,519.8983481569599,18.564670080816995,483.08932753630154,531.4613321548435,-82.94466783752272,349.16323405422946,4.209592287885015,-777.9069767339071,560.6722689032798,-129.51945080076564,601.8096087669621,-498.66245917397134,426.73118871921054,3645.988211862788,14120.095840330676,3.8727760540708505,0.0,129274.0483464915,1922.5644157650527,1459.48242421749,583.4639817162002,3260.417712217714,-0.010292183698429097,0.8816233374347501,85.65949438988525,-0.9999999999989455,0.9999999999989652,-0.016757599376446643,1.9999999999974454,-0.9999999999988348,0.9999999999988526,0.2569953536396489,0.0,0.3651006711409396,0.37790397521941144,0.012803304078471855,0.6195147134744374,0.5303846153846153,0.038134599452485686,0.07189989730929881,0.31,0.72,0.53,0.020000000000000018,0.51,0.55,0.9729539355422928,-0.52
JuCo21,80.3528,0.6157456294731902,72.0,50.68637803590285,460.36468731667253,400.53024351452444,0.8700281636461409,0.0,1077.89,599.17,810.755,0.0,945.186,743.4611585365853,227.67116806837478,0.3062314223868966,80.52,1077.89,791.12,183.72750000000008,356.257,994.532,0.7288888888888888,0.04541645429783852,0.06230915977435431,0.38,0.8,0.73,0.020000000000000018,0.71,0.75,0.45732394366197193,0.017679282574099384,0.03865811703160855,0.41,0.53,0.45,0.010000000000000009,0.44,0.48,1.1911267605633804,0.03032914722171055,0.025462568888892118,1.12,1.33,1.19,0.025000000000000133,1.16,1.22,1031.3386111111113,28.69365596286803,0.027821760626150837,932.69,1077.89,1032.9,39.21499999999992,1004.74,1065.548,541.9005777777778,29.934756273144462,0.05524031067810532,321.79400000000004,578.7507,543.44345,17.51750000000004,525.9913999999999,565.14766,80.98552,0.6386248973366185,72.0,50.68637803590285,479.9940537369471,405.0129355749798,0.8437874019916437,0.0,1084.71,630.52,830.4449999999999,0.0,973.61,747.9284787800846,241.00361772979053,0.3222281602681575,81.18,1084.71,804.43,235.94999999999993,324.28000000000003,1003.42,0.7559722222222223,0.05959725297132743,0.07883524174645301,0.43,1.0,0.75,0.020000000000000018,0.73,0.78,0.4305633802816902,0.035121011083959576,0.08156989797741794,0.22,0.48,0.44,0.020000000000000018,0.42,0.45,1.1866197183098595,0.05888503150319203,0.0496241808095349,0.88,1.41,1.19,0.030000000000000027,1.16,1.22,1030.7366666666667,31.075978843973864,0.030149290161997775,861.41,1084.71,1035.4850000000001,30.057500000000005,997.909,1058.849,565.4131541666667,47.70494612415273,0.08437183636871382,299.6906000000001,766.6207999999999,563.2781,22.29480000000001,542.03974,581.29467,-533.7329299827036,37.91315563910165,0.0710339450860925,-647.1848225205197,-386.66140489252433,-533.6326009056546,39.692609081409614,-583.5627125252599,-483.1712678437029,-20.196738646613092,340.013141963479,16.83505183168089,-767.8756476647768,529.4710327395297,-72.95152197104261,594.6383117503751,-422.31952644143774,451.1590659516761,3384.9343862208575,13521.592561405772,3.994639487384005,18.206202977910856,128050.13704141942,1480.2537493337622,1202.5756477959476,612.6275031246265,3678.286389555884,513.415976436455,27.568674940228053,0.05369656614802774,405.32150775848964,632.0567375845773,514.5729177742072,33.51367875596412,479.129611338351,545.2673026134933,27.67108624866994,363.7240996579788,13.14455444127414,-782.0866141697295,541.894925907083,48.79275653917963,626.2234073825105,-442.3962613378811,475.8722844985573,3377.4896443278494,13752.750146564204,4.071885215001762,9.395033610505115,130188.81129009053,1476.3993168222673,1122.1294645527885,755.8068487021902,3689.8601992837525,-0.014413758995683139,0.8845983793888124,61.37179886814724,-0.9999999999990413,0.9999999999990102,-0.01799764854841605,1.9881842961865042,-0.9999999999988006,0.9999999999987743,0.25437052680980876,0.0,0.36137510266338146,0.38425437052680983,0.02287926786342831,0.0,0.5933566433566433,0.03982380874023853,0.06711614190048913,0.28,0.79,0.59,0.020000000000000018,0.57,0.618,0.9862950144109803,0.6
JuCo22,75.91275999999999,0.6374248728617661,76.0,52.704576976421635,455.5872746185853,387.0584868759284,0.8495814269595692,0.0,1054.02,564.135,814.33,0.0,913.77,712.4091858567543,230.289167286106,0.32325406782737287,76.23,1054.02,790.13,249.31500000000005,311.84999999999997,938.41,0.7256578947368421,0.17146685675076953,0.2362915883064429,0.64,2.07,0.7,0.039999999999999925,0.66,0.745,0.41213333333333335,0.028298095734911603,0.06866247735259412,0.29,0.49,0.41,0.019999999999999962,0.39,0.44,1.1377333333333333,0.1841779815528688,0.161881502453112,0.94,2.53,1.11,0.04999999999999982,1.06,1.19,965.5828947368419,30.087971185202093,0.03116042273446761,868.01,1054.02,966.5699999999999,38.719999999999914,929.665,999.2950000000001,516.9653500000001,122.77545059337041,0.2374926106616873,431.7907,1521.6135000000004,494.6144499999999,23.841124999999977,476.54585,529.7259,72.50319999999999,0.632339343504392,78.0,54.09153952843273,442.4406726768377,379.2072733875243,0.8570805009684165,0.0,992.97,549.23,809.38,0.0,880.11,697.2242533357704,225.30128819716484,0.32314034848747686,72.71,992.97,785.51,244.75,290.73,898.48,0.7014102564102564,0.07803228061439042,0.1112505552777355,0.35,1.05,0.7,0.039999999999999925,0.66,0.75,0.41311688311688316,0.03746027299183365,0.09067717740927532,0.25,0.61,0.41,0.009999999999999953,0.39,0.43400000000000005,1.1190909090909091,0.08787804149556148,0.07852627583975526,0.82,1.55,1.11,0.04999999999999982,1.066,1.204,918.6480769230769,39.43879620756413,0.04293134356697033,732.71,992.97,923.175,32.780000000000086,883.421,959.9920000000001,489.04024230769255,50.95281120744637,0.10418940365092466,267.18339999999995,620.5122,489.83495000000005,27.386150000000043,459.68406,530.9768200000001,-530.681159643295,32.60230341323835,0.06143482356730174,-621.7023757461519,-403.97877983597806,-536.7702196029887,45.199033273192185,-566.8878697409838,-485.1328173363502,-41.336466426278335,398.7716995654562,9.646971162060986,-799.9999999908863,635.6033452738611,-118.3451153087176,709.788499128832,-569.5486561641494,510.8072479784565,3707.1294167758597,14977.483311603868,4.040183556533601,24.667998684896546,139606.03842614437,1728.6717735573925,1794.2143650981573,642.9469746015706,3739.2506100518904,544.0072052157026,43.62001619818087,0.08018279129373856,420.62114637957893,645.7606552395162,552.3011176849078,66.58071708742523,479.51461876469347,596.1229229934931,-41.34535638940274,379.06153348024714,9.168176708914197,-777.9141104207705,616.2318840498519,-125.03904216539085,697.9156372175541,-495.11046722120585,477.4222622793285,3754.7056383909553,15106.390625158961,4.023322220175066,9.958755168117895,136699.5050199801,1696.3496689080903,1735.0211643975913,552.7086554569114,3766.0584748755527,0.007915929555451597,0.8800019463184836,111.16847730712317,-0.9999999999989835,0.9999999999990293,0.009889300602881658,1.9999999999974172,-0.9999999999988339,0.9999999999988183,0.2697642163661581,0.0,0.367660656495608,0.3625751271382339,0.005085529357374052,1.3869625520110986,0.563202614379085,0.08126977261489932,0.14429935230360674,0.26,1.31,0.55,0.020000000000000018,0.53,0.59,0.9560495200477479,-0.55
JuCo25,90.16788000000001,0.6115856914041644,59.0,47.250400427122266,540.5689829151095,471.66174175063213,0.8725283111995144,0.0,1230.79,736.01,984.5275,0.0,1094.28,879.4732627673505,260.5699713664191,0.29627958278824007,90.97,1230.79,940.39,220.65999999999985,436.062,1120.24,0.7761016949152543,0.059859070342029266,0.07712786952673471,0.73,1.02,0.76,0.020000000000000018,0.74,0.832,0.4912068965517241,0.046203358073468655,0.09406089023536857,0.44,0.79,0.48,0.010000000000000009,0.47,0.503,1.267758620689655,0.09325610090883166,0.07355982386027154,1.2,1.77,1.24,0.030000000000000027,1.217,1.3550000000000002,1151.5955932203392,24.181920566307546,0.020998622006414475,1062.93,1230.79,1153.13,27.00500000000011,1125.5639999999999,1176.296,682.8716661016949,50.006282134560095,0.07322939963222871,617.8865,900.6921000000001,669.4061000000002,29.4833000000001,646.5844,724.6276399999999,91.73031999999999,0.5989054991991457,60.0,48.05125467164976,544.0125173518419,485.56195330926755,0.8925565824698408,0.0,1218.8,733.9749999999999,1013.2375000000001,0.0,1117.589,903.7865010028974,266.0294450513627,0.29434987660898415,92.18,1218.8,974.6,226.26999999999987,426.29400000000004,1140.59,0.7478333333333332,0.09407606260657146,0.1257981669009672,0.25,1.15,0.74,0.030000000000000027,0.72,0.78,0.5093220338983051,0.04024772471849558,0.07902215486618742,0.48,0.71,0.5,0.020000000000000018,0.49,0.532,1.2588135593220338,0.11990228713503584,0.09525023475625893,0.75,1.86,1.24,0.040000000000000036,1.21,1.326,1168.2898333333333,19.650790017339126,0.01682013269023766,1117.38,1218.8,1166.88,21.7800000000002,1147.135,1191.278,675.8816716666666,94.18464967307587,0.13935079707174955,208.09689999999998,1128.0115,666.12205,26.956874999999968,645.2837599999999,707.3553299999999,-516.194985509452,36.65589468604433,0.0710117217620707,-657.1950328698357,-384.31677018497913,-505.7417727956862,47.21710083228987,-566.5395490869561,-481.4171895262813,-66.16726614850631,411.0270435924226,6.211939339668326,-799.9999999953529,649.3935483855734,-111.98805587382219,746.6110027370707,-536.2614381621219,522.9595796426131,3644.4982860921236,14552.670929554548,3.993051933948063,19.048015628836986,140946.80073467232,1931.880317044344,1210.1006984785179,683.9502222773955,3089.46354196388,495.75693018326774,38.39971451833608,0.07745673772843338,320.94763092148065,596.5616045838209,498.98624185208683,45.58786390659395,445.6504628271037,543.5601833588935,-84.10644508923886,364.23430427448113,4.33063487445807,-799.9999999967748,599.4654448241887,-104.93742889636472,617.0026673349423,-511.78810744534786,420.19212014556047,3619.4895960405747,14457.339301880296,3.99430331770851,3.4036707035118064e-07,135016.28847040827,1674.9632406340074,888.8190024361236,795.7896446669761,3436.6154247508275,0.010757120143194155,0.9090433548557109,84.50619294464737,-0.9999999999991726,0.999999999999153,0.03719625954936512,1.9937947725405645,-0.9999999999990146,0.9999999999989791,0.2104911906033102,0.0,0.40109450080085424,0.38841430859583553,0.012680192205018703,0.8008542445274927,0.629406779661017,0.07114430754747057,0.11303390705888686,0.12,0.99,0.62,0.020000000000000018,0.6,0.6659999999999999,0.9515371380560836,-0.62
JuCo26,61.11292,0.6091588267847261,66.0,54.78693967902601,344.9089720531267,304.23330081870125,0.8820683875134387,0.0,856.24,430.1,635.91,0.0,734.6460000000001,563.3227413127414,172.65962045834172,0.3065021306536945,61.6,856.24,587.95,244.14500000000004,312.51,757.1080000000001,0.6671212121212122,0.06442672961931137,0.09657424820578354,0.34,0.89,0.66,0.020000000000000018,0.64,0.69,0.42969230769230776,0.020603900360348565,0.0479503587649797,0.32,0.47,0.43,0.020000000000000018,0.41,0.45,1.101846153846154,0.04260344181445752,0.03866550845331584,1.04,1.27,1.09,0.030000000000000027,1.07,1.136,794.7349999999999,22.109468371416508,0.027819925347931942,715.99,856.24,796.51,19.71749999999986,772.8050000000001,817.85,375.80455,33.807862488024384,0.08996129101665859,187.85800000000003,497.88419999999996,372.7262,12.966525000000047,361.2664,390.58304999999996,61.1512,0.5812119535141118,66.0,54.78693967902601,329.1677711676812,304.3677553227136,0.9246584325132521,0.0,869.11,411.4,629.31,0.0,720.39,562.1110759343013,172.42609711338653,0.3067473751989059,61.6,869.11,590.15,233.41999999999996,345.95,754.05,0.6365151515151516,0.043257244068144046,0.06795948831259654,0.43,0.8,0.63,0.020000000000000018,0.61,0.66,0.46230769230769236,0.02043896962397911,0.04421074950698646,0.39,0.53,0.46,0.019999999999999962,0.45,0.48,1.0987692307692307,0.04428952619048337,0.04030830579335451,0.91,1.2,1.09,0.050000000000000044,1.07,1.16,814.5916666666666,26.379796193720342,0.03238407323958379,700.15,869.11,821.865,30.305000000000064,778.3050000000001,838.86,357.79221666666666,26.367658059854094,0.07369544901069089,236.05449999999996,476.6619,355.49249999999995,15.681874999999934,343.7423,374.22,-506.48866998341737,36.76414080294866,0.07258630445589187,-639.4808004310943,-299.9999999957912,-508.3717864198053,33.770946525013244,-545.460691085481,-464.0460168320889,-84.08854087151728,351.79949535568653,4.18367938966896,-799.9999999966501,645.2705882325337,-127.02132645859979,596.4141335064008,-484.8650332397111,387.8806356238282,4181.941438415582,15630.471092558924,3.737611184358699,7.27530937315575e-07,139411.46491709864,1787.3537678729863,1398.4308828199196,573.1210439793261,4864.463574586347,479.789841674728,45.04803936699515,0.09389119037964425,340.0994200488562,631.9032405281278,487.3596876514323,50.791589209726794,413.86021822415773,526.7520869724736,-57.38724864834286,332.8912977826605,5.800788600560875,-799.9999999925712,607.506702409167,-18.08948004832782,577.6478792992376,-496.4095516226572,363.70315944037236,4141.1451311102865,15389.35800665092,3.716208323884835,13.99860884383658,135324.6565963269,1849.816253138275,1105.63648539009,787.243176724121,3660.38966283236,0.024945207164733536,0.9111878719713788,36.52757138581738,-0.9999999999988494,0.9999999999988038,0.09322934568391003,1.9999999999952494,-0.9999999999983371,0.9999999999982483,0.19037078029883786,0.0,0.4187880464858882,0.39084117321527395,0.027946873270614292,0.0,0.5491603053435116,0.041902069907132085,0.07630207322544802,0.32,0.67,0.56,0.05999999999999994,0.51,0.59,0.9548251103324467,0.55
JuPt03,63.69088,0.6437856328392246,38.0,51.995438996579246,410.64264310148235,338.29463633612255,0.8238175991179167,0.0,870.76,551.43,724.02,0.0,764.5,636.1201416932342,187.03806033420705,0.2940294577625734,66.33,870.76,713.35,152.57000000000005,314.75399999999996,787.028,0.7428947368421052,0.22681905487967646,0.30531789138595916,0.39,2.07,0.71,0.030000000000000027,0.677,0.75,0.42216216216216207,0.026725343285043758,0.06330587062767619,0.39,0.52,0.42,0.010000000000000009,0.40599999999999997,0.444,1.1672972972972973,0.24843998294926384,0.2128335114898801,0.79,2.59,1.12,0.039999999999999813,1.1,1.188,812.3847368421052,26.226737535821208,0.032283641415688416,727.1,870.76,814.605,30.9375,783.596,839.52,472.57030526315805,155.20333196060466,0.32842379267535415,237.6132,1384.5755,451.1166,27.68534999999997,432.81248999999997,473.2057000000001,73.20368,0.6378563283922463,39.0,53.36374002280501,428.2971288483467,374.4922177874823,0.8743748032903805,0.0,975.26,460.13,794.2,0.0,874.7860000000001,669.1113585984983,244.20880006529345,0.3649748235875734,73.81,975.26,773.74,317.13,226.18200000000007,904.574,0.7171794871794872,0.12741912906239417,0.17766700130512547,0.1,1.08,0.72,0.030000000000000027,0.69,0.75,0.41157894736842104,0.03717146017475699,0.09031428920772523,0.22,0.49,0.41,0.019999999999999962,0.397,0.44,1.145,0.07282820448439635,0.06360541870811434,1.08,1.52,1.13,0.039999999999999813,1.09,1.189,911.0453846153847,106.45115711204411,0.11684506492162042,415.03,975.26,938.74,23.539999999999964,900.5039999999999,956.604,479.87294102564107,95.30057628069021,0.19859543669372975,33.684200000000004,675.9939999999999,489.36909999999995,24.010800000000017,458.33546000000007,516.7949600000001,-513.4225445271636,33.06464044406655,0.0644004452014335,-630.0227100672631,-349.6644295259345,-508.9365747650921,47.47002113567828,-555.8605314661562,-474.760419579587,21.71342233563661,326.87463327540013,15.054035619427495,-799.9999999960106,607.6675026852296,55.26193787660294,445.4178764986209,-409.0272442798186,437.6847747557085,3716.560348856982,14938.947453805513,4.0195627277775605,0.0,139267.09585310542,1453.182482917715,1293.079569805931,692.2710645772225,4857.592655927057,518.3969635758398,38.38177344769429,0.07403934850016752,312.05882352523986,639.2109886590304,511.67701863238466,52.96415461863859,474.9701946385957,573.2309117110879,85.39279731027241,385.4263069397171,4.513569283071586,-799.9999999964833,748.2219061069671,151.92280799868814,608.965498539466,-468.68121120012955,548.7982790369559,3918.0702167364084,15646.63221554497,3.9934537540202584,0.0,144310.94826611917,1699.8256826503746,1165.2321586428955,900.8175585222225,4287.538163399516,0.015687775698177274,0.8788881926723592,56.023757195273895,-0.9999999999989593,0.9999999999988458,0.07860262008724961,1.9999999999972935,-0.9999999999987887,0.9999999999986604,0.28164196123147095,0.0,0.3621436716077537,0.35621436716077537,0.005929304446978367,1.3683010262257653,0.5756578947368421,0.08935935032387325,0.15522995686438606,0.24,1.18,0.56,0.029999999999999916,0.54,0.6,0.9255582034961297,-0.55
JuPt04,92.81139999999999,0.641316685584563,50.0,56.75368898978434,593.2550964812713,500.1433198450635,0.8430493438837398,0.0,1221.55,737.0550000000001,1089.55,0.0,1139.2150000000001,920.9809056047197,300.6922642548195,0.32649131206152127,92.84,1221.55,1059.4650000000001,300.4100000000001,375.01200000000006,1152.811,0.6780000000000002,0.08253484112785338,0.12173280384383563,0.17,0.84,0.68,0.027499999999999858,0.659,0.711,0.3781632653061225,0.03783279375377038,0.10004354500985509,0.16,0.43,0.38,0.020000000000000018,0.36,0.402,1.0665306122448979,0.04048436434931408,0.03795893324256414,1.0,1.23,1.06,0.030000000000000027,1.038,1.1,1170.7938000000001,27.429898642904234,0.023428462503713977,1121.34,1221.55,1167.155,43.67000000000007,1137.939,1207.129,624.425054,74.72751532099059,0.11967411435876003,131.5732,711.3436,626.2068999999999,26.558400000000006,607.10221,672.0252000000003,80.83239999999999,0.660802118804389,50.0,56.75368898978434,513.2170488081725,415.0594098229197,0.8087404944671852,0.0,1064.14,639.7049999999999,887.15,0.0,978.67,771.3144259948468,253.27655265389467,0.3283700448450558,81.4,1064.14,877.91,291.05999999999995,327.25,999.988,0.6986,0.032000624993896595,0.04580679208143402,0.58,0.83,0.7,0.02749999999999997,0.67,0.72,0.3655102040816327,0.03670406886691069,0.10041872526845928,0.15,0.43,0.37,0.030000000000000027,0.348,0.39,1.0642857142857145,0.03416645926600399,0.03210271337413542,0.97,1.15,1.06,0.030000000000000027,1.03,1.112,1025.1912,24.329621258046735,0.02373178901459845,974.71,1064.14,1028.2800000000002,33.66000000000008,987.481,1055.34,538.840258,25.775277402938578,0.04783472841943956,463.1011000000001,608.6333,537.8252,35.867425000000026,513.9123,567.7400299999999,-475.19961307358307,20.798000027811394,0.04376687071196568,-564.0645673451802,-345.97156397731607,-475.9617397218152,22.62631482034277,-496.5230384692815,-451.02112948976406,3.012470344033369,220.0839670928296,73.0576377144027,-685.8437146022254,566.3969538290581,-33.88340882122738,286.14715694068263,-219.9550517009036,353.52383363024575,2974.0268358427065,11204.621232707415,3.7674916371522107,0.0,116733.20325303776,979.1001698431929,1258.3738474093784,422.47044392182033,4384.841210415771,490.0196242532589,20.824981151862882,0.04249825950043446,421.0242587549494,624.741805116444,486.1699476695216,24.721280340749104,467.6737450062318,515.201269420893,-61.39300230285439,310.1680883444131,5.05217332114315,-799.9999999958819,644.1465594228276,-104.1918852274213,398.33563021436925,-410.4525014462979,404.1017362833332,3920.8091947506427,15719.422468852717,4.009229138182644,0.0,142904.05102707513,1363.6030867284994,1665.7842130159622,667.7929264616043,4361.010527827417,0.004587487767036472,0.8643536934210353,188.41543539722053,-0.9999999999990566,0.9999999999991799,0.0835306005480506,1.9747237611683945,-0.9999999999989431,0.9999999999990731,0.30211880438895194,0.0,0.33919788119561106,0.358683314415437,0.019485433219825987,0.0,0.5322222222222223,0.02841096514580724,0.053381771572406936,0.43,0.62,0.53,0.03500000000000003,0.5,0.56,0.9803203983743979,-0.54
JuPt05,64.92024,0.598420590816028,31.0,54.40187189236619,370.64681778297745,331.99862734653243,0.8957277154879819,0.0,912.89,495.44,684.53,0.0,756.162,617.9805913978495,178.35183308177335,0.28860426292362906,65.34,912.89,657.91,159.9675000000001,332.255,800.635,0.6599999999999999,0.07645365452561821,0.11583887031784751,0.36,0.91,0.65,0.025000000000000022,0.64,0.7,0.4566666666666667,0.020221001184137475,0.04427956453983483,0.44,0.56,0.45,0.010000000000000009,0.449,0.46,1.1266666666666667,0.07203394261658101,0.06393545196980374,1.07,1.47,1.11,0.020000000000000018,1.09,1.164,848.3554838709676,30.1182535841542,0.03550192596939657,788.04,912.89,853.16,29.315000000000055,805.86,881.65,407.8671903225806,42.09118823508692,0.10319826951928632,232.55100000000002,534.3569,405.7823,15.394499999999994,392.6175,431.00860000000006,67.69928,0.5750219362386663,31.0,54.40187189236619,387.14479087452474,362.01677467590685,0.9350940092909655,0.0,897.27,443.63,753.7750000000001,0.0,824.802,671.5560986775179,193.70050930777643,0.288435336510142,68.31,897.27,729.74,174.65250000000003,337.645,842.38,0.6341935483870967,0.11550098990075414,0.18212261857973436,0.12,0.94,0.63,0.020000000000000018,0.62,0.68,0.47566666666666674,0.01819951159295827,0.03826106143243982,0.41,0.51,0.48,0.010000000000000009,0.459,0.5,1.1096666666666666,0.11791192569974515,0.1062588695645716,0.59,1.44,1.105,0.020000000000000018,1.0890000000000002,1.163,858.7025806451612,24.41786891545879,0.02843576980644998,785.18,897.27,861.74,34.15499999999997,830.39,883.41,425.89654516129025,75.65448901154058,0.1776358363806685,55.4862,581.7504000000001,428.2784,15.50064999999995,410.5453,450.7734,-477.2721556262603,28.873866181427122,0.060497696840242685,-537.7714189522153,-299.99999999582985,-477.43550045783877,37.12725876905142,-511.2986426709482,-450.241041389556,56.92325851177659,383.44340486850933,6.736146434456917,-799.999999992163,713.1313131203989,110.87525477782805,668.0421426284297,-429.4803739763374,572.2109809543003,4255.206624293935,16557.36286890364,3.8910831672356463,94.39451073151633,151321.40624093133,1941.4375295321452,1307.7627004197711,863.6980670908424,3739.310619672846,474.49170150008314,30.39769203472268,0.06406369582135525,314.14392059199025,621.5037593899999,476.3307882166346,35.7489580727912,439.04366544865775,510.46156404665953,142.44112993867202,328.8277877318453,2.308517124731554,-669.220945075244,656.8039078834714,191.5435061317604,541.709845803746,-317.9600121197426,577.906035104657,3800.222448726025,14465.050421464519,3.806369394588975,44.545463288942,130980.31889762206,1761.704323893111,1258.607776534405,776.981630255988,3303.4636032895887,0.019739857728761547,0.9273505484973631,46.97858081153268,-0.9999999999988856,0.9999999999988853,0.07369711833222926,1.9999999999970128,-0.9999999999987808,0.9999999999986184,0.17344252705469435,0.0,0.42497806376133374,0.40157940918397195,0.023398654577361788,0.0,0.5545901639344263,0.08082715357917057,0.1457421330014524,0.03,0.77,0.56,0.04999999999999993,0.52,0.59,0.9604541925796665,-0.55
JuPt07,81.35775999999998,0.6089510489510489,42.0,70.4895104895105,492.7713846153846,426.9966090612139,0.866520707962019,0.0,1102.86,642.29,891.33,0.0,966.658,806.6738079926505,217.57701656117075,0.26972118643882304,82.06,1102.86,873.29,176.55000000000007,470.162,1006.06,0.5183333333333334,0.07370845614945756,0.14220280901721172,0.1,0.71,0.52,0.01750000000000007,0.51,0.54,0.3348780487804878,0.0171253557868702,0.05113908122104703,0.27,0.39,0.34,0.010000000000000009,0.32,0.35,0.8634146341463415,0.04683180887417363,0.054240230554160156,0.73,1.1,0.86,0.030000000000000027,0.84,0.88,1036.3178571428568,40.09571955159981,0.03869056127441979,889.24,1102.86,1048.96,32.77999999999997,992.024,1070.5529999999999,418.12592380952384,58.91706395708903,0.14090746495734532,62.59,511.33499999999987,426.31820000000005,13.570974999999919,411.81051999999994,439.3185500000001,88.20415999999999,0.6027972027972028,42.0,70.4895104895105,477.37009230769235,430.07062240698326,0.9009165620892673,0.0,1182.28,577.28,847.165,0.0,1033.406,788.7553317865429,250.19941562749975,0.3172078914008442,89.1,1182.28,822.8,225.05999999999995,399.762,1091.09,0.5130952380952382,0.03838948859345642,0.07481942077878209,0.35,0.66,0.51,0.020000000000000018,0.5,0.53,0.3463414634146341,0.018045484207896496,0.05210315847799485,0.25,0.38,0.35,0.009999999999999953,0.34,0.36,0.8597560975609756,0.045451008461164254,0.052865002687667216,0.7,1.04,0.86,0.020000000000000018,0.84,0.88,1126.3319047619048,34.69268457526093,0.030801475505183182,1011.45,1182.28,1127.3899999999999,33.274999999999864,1086.1290000000001,1168.4089999999999,404.70660476190477,30.111157269555132,0.07440243602447653,252.46209999999996,498.62890000000004,404.87424999999996,15.76052500000003,391.46568999999994,422.65036000000003,-533.4098753749735,33.39861968694495,0.06261342586393617,-610.9079829355412,-415.5282680982918,-538.3468257344596,35.38119484195772,-569.4317774422111,-477.7752152574919,111.12232642390131,368.59990423673094,3.3170643208755903,-768.9082969371266,641.0958904052562,189.37023147527205,657.1674375504466,-369.7900129496836,537.8858658040087,5025.270781718186,17314.98299348916,3.445582088128903,116.73349267167606,141137.1974734621,2014.3798390356592,1805.9666409165882,1106.4353838459879,5239.301265203163,531.6166137618071,35.03942618444741,0.06591108192882973,418.1649429849372,684.49438201548,541.5324675318282,27.34437643803767,468.82628034857487,562.5959237407044,82.83465658629957,343.3571684406978,4.145090745669153,-707.1347678296393,592.8251121015815,153.13460767258493,645.5635404978102,-353.69425119392434,500.972982393172,4644.116773017297,15945.417660012965,3.4334661334645427,52.140255530921856,127996.96926825546,1980.0157544986132,1553.6797650921212,1039.4320374891934,4363.870300786987,0.012272432744400985,0.9045507050803896,73.70589435800133,-0.9999999999991542,0.9999999999990933,0.04622686283811868,1.9999999999976001,-0.9999999999989022,0.9999999999989334,0.21174825174825174,0.0,0.3972027972027972,0.39104895104895104,0.006153846153846065,0.0,0.4295180722891566,0.035155544711962215,0.08184881358483624,0.25,0.56,0.43,0.040000000000000036,0.4,0.45,0.9699823305432501,0.43
JuPt09,95.99568,0.6205998868138087,88.0,59.76230899830221,552.4744708545558,482.3251054364048,0.8730269557785748,0.0,1337.93,661.21,990.33,0.0,1145.452,884.0651449936167,291.30157824597137,0.329502390061702,96.47,1337.93,970.31,302.61,392.8320000000001,1187.56,0.6230681818181818,0.05996889259034552,0.0962477209462084,0.2,0.88,0.62,0.020000000000000018,0.6,0.6559999999999999,0.3845977011494254,0.033349579869526205,0.08671289423504953,0.18,0.54,0.38,0.020000000000000018,0.37,0.4,1.0078160919540233,0.07531428841793296,0.07473019030404468,0.59,1.35,1.0,0.030000000000000027,0.98,1.044,1232.69,47.979980721129934,0.03892299014439235,967.56,1337.93,1235.63,57.75,1185.855,1277.364,550.8328625,58.28664562322441,0.10581548340921397,134.19780000000003,785.7388000000001,547.81705,19.14715000000001,526.3160099999999,591.0768599999999,87.604,0.6525183927560838,88.0,59.76230899830221,522.707910582909,439.4152672848477,0.840651649587594,0.0,1170.62,606.98,931.37,0.0,1049.972,797.8786938421509,279.0783166190982,0.3497753715854457,88.0,1170.62,902.99,355.18999999999994,315.304,1081.586,0.6551136363636364,0.06789019071904105,0.1036311669411287,0.19,0.96,0.65,0.020000000000000018,0.63,0.68,0.35206896551724143,0.024218257150125717,0.06878838935933226,0.26,0.46,0.35,0.019999999999999962,0.34,0.37400000000000005,1.0125287356321837,0.05088229353078633,0.05025269080266122,0.95,1.35,1.0,0.030000000000000027,0.98,1.044,1120.0825000000002,27.980044116298295,0.024980342176824752,1042.91,1170.62,1125.85,39.05000000000018,1084.886,1153.801,522.7012125,57.39537614312754,0.10980532428555967,157.9072,788.1324000000001,516.01275,21.725825000000157,499.01764000000003,549.2394599999999,-539.0051374627999,31.781050766154525,0.05896242643566449,-687.0333988150827,-422.9344729331036,-538.7967718261339,38.666496762250745,-576.4209284946938,-501.4736636482406,-9.882932840270243,299.48472917351666,30.30322415254055,-718.0067950095953,485.18903919375276,-24.22167540384934,477.1345834036295,-376.18060854494416,423.1447051272183,3629.8682745185642,13274.347310710144,3.6569776936236305,52.851020719303165,115802.88908521162,1650.0903723828583,1058.5513937525754,870.7124106695908,4086.0425779825764,518.2051538142194,31.26527825825422,0.060333784849624886,410.07999999701764,661.6681455164086,520.4293785305389,29.666881859261935,480.31854296669695,551.4891908655075,-5.903535952872615,323.45922849428786,54.79076116782254,-709.9159663811313,594.5578231231234,-33.7948838300508,520.9664053597246,-393.52659069673786,478.67237758327326,3785.977594950325,14136.960285982825,3.734031681760277,39.130262431994325,129572.65734894502,1746.9043331783132,1353.0533508717542,865.311809678862,4013.478567247221,-0.006847814857227118,0.8789980696672015,128.3618146272896,-0.9999999999990867,0.9999999999991968,0.04408749145587826,1.988490830360854,-0.9999999999989125,0.9999999999990107,0.2731182795698925,0.0,0.34748160724391625,0.37940011318619127,0.03191850594227508,0.0,0.5037714285714285,0.04958749019332869,0.0984325177700412,0.07,0.77,0.5,0.040000000000000036,0.48,0.53,0.9739649873684362,-0.51
JuPt11,60.6496,0.6541275648162875,128.0,61.078415778590745,384.30440353109594,318.6437881480075,0.8291442544487923,0.0,839.41,466.015,699.38,0.0,741.6970000000001,584.5179063829786,198.1084902376393,0.3389262981919648,60.72,839.41,677.6,235.17999999999995,241.824,751.85,0.642578125,0.0988310276253585,0.15380390901348315,0.46,1.46,0.62,0.030000000000000027,0.6,0.67,0.3400787401574803,0.05070364820917606,0.14909384819704657,0.02,0.47,0.35,0.02999999999999997,0.32,0.37,0.9826771653543308,0.1134460142093863,0.11544586370136566,0.51,1.93,0.97,0.050000000000000044,0.93,1.03,774.4644531250001,22.443574240769394,0.0289794762692846,712.47,839.41,771.54,28.875,749.793,804.661,375.5984203125,48.20250635027538,0.1283352211919376,224.5573,725.7008000000001,369.28209999999996,18.84904999999992,351.52777,399.11311,70.84,0.641561953236838,130.0,62.032766025131224,436.64619850485127,370.942115997497,0.8495255821917483,0.0,959.64,502.15,804.5400000000001,0.0,866.03,676.8148097186067,231.1722879280431,0.3415591452908868,70.95,959.64,784.19,298.0450000000001,286.88,880.33,0.6205384615384616,0.11657491179139531,0.18786089634882203,0.25,1.67,0.61,0.04749999999999999,0.58,0.66,0.34937984496124036,0.05739502636238399,0.16427686664201946,0.06,0.59,0.36,0.02999999999999997,0.32,0.39,0.9727906976744186,0.14115787381447528,0.14510610967685572,0.54,2.26,0.97,0.040000000000000036,0.93,1.02,893.430153846154,26.826931530850615,0.03002689288617866,750.75,959.64,894.575,27.44500000000005,870.738,920.876,419.9896207692308,80.43055030822431,0.1915060428415361,146.59810000000002,1088.1035000000002,414.91009999999994,27.43482499999999,391.34425000000005,458.9365,-505.4162124466469,50.953805309839254,0.1008155339202089,-618.1969949822704,-328.44444444002096,-524.8880931058234,59.22246866011733,-552.0725781770223,-415.60006807903045,-120.37322693130052,318.13310811099973,2.6428892555146164,-778.8519637408759,629.6422487125656,-242.33754375251817,427.87023278939665,-401.15611931909007,421.5683658272922,3793.110202631058,14626.724361462138,3.856129555980889,0.0,138721.76647595453,1593.464483585323,2402.199238459872,264.74094489009667,4322.86856924804,466.0695214524381,44.25112576557152,0.09494533267821152,333.67496339233765,554.5219638177763,482.75442627322764,32.76613784320119,373.9378476805449,502.6088506081993,-121.25194232120575,297.58512650907795,2.4542710063835327,-776.4243614903504,566.3066954588032,-219.4556873688772,283.20064957123566,-395.93730899917375,413.16806419306306,3816.2842547896894,14523.320411232156,3.805618093830569,0.0,133351.00972659892,1133.1734427340893,2576.0337643796734,224.43809916725718,5231.234954925292,-0.003589000400188028,0.8668642695204645,241.53355567792462,-0.999999999998958,0.9999999999987402,-0.027771680890916188,1.9745904352917543,-0.9999999999988213,0.9999999999986082,0.2956895180531255,0.0,0.3584380467631621,0.3458724351837124,0.012565611579449576,0.9543502465404785,0.4882879377431906,0.08257166896690753,0.16910446155897194,0.14,1.47,0.48,0.030000000000000027,0.46,0.52,0.9357004420658138,-0.47
JuPt12,72.82132,0.6428087604425379,85.0,57.57507337999549,437.73817001580494,371.4704493889516,0.8486133374539641,0.0,995.17,521.895,802.45,0.0,875.49,676.964186863365,233.0909468944001,0.3443179881849521,73.04,995.17,768.405,287.0725,263.0210000000001,900.207,0.6692941176470588,0.1420338670077057,0.2122144256919803,0.13,1.66,0.65,0.020000000000000018,0.63,0.6920000000000002,0.3723809523809524,0.03049664492159626,0.0818963608227235,0.23,0.49,0.37,0.030000000000000027,0.343,0.3970000000000001,1.0420238095238095,0.15263385820715475,0.14647828261278217,0.53,2.1,1.025,0.050000000000000044,0.99,1.0770000000000002,917.605764705882,48.12348597163639,0.05244462036156546,572.66,995.17,926.31,38.059999999999945,879.362,958.056,453.1948494117646,100.81749661886441,0.2224594934154713,48.110699999999994,1189.4916000000003,441.87769999999995,18.96950000000004,423.2151,467.60516,70.79732,0.617746669677128,86.0,58.25242718446602,396.7497459923233,350.75573922177176,0.8840730026016814,0.0,981.64,438.78999999999996,729.3,0.0,846.56,636.3795303362573,220.89743535123677,0.3471158716154327,71.28,981.64,693.99,273.7075,266.89300000000003,876.92,0.6356976744186047,0.07182894243503699,0.11299229997614492,0.54,1.12,0.62,0.02749999999999997,0.6,0.675,0.3985882352941176,0.03738993073563021,0.09380590627376229,0.13,0.44,0.4,0.02999999999999997,0.38,0.4260000000000001,1.035411764705882,0.07513991562688387,0.07257008092394811,0.93,1.56,1.02,0.050000000000000044,0.99,1.076,892.8047674418602,73.56290966536253,0.08239529217127593,271.26,981.64,903.3199999999999,35.997499999999945,858.605,927.74,404.87260000000003,50.142634469293334,0.12384793258217396,132.16389999999998,671.1386000000001,400.4241999999999,22.041250000000048,379.53355,429.36135,-521.2841102450183,34.646275032308004,0.06646332460806606,-591.3114510611354,-404.9504950449488,-528.8296154595894,54.8131930054256,-561.6777803718057,-471.7577696634384,207.64231834919573,340.97554900321103,1.6421293680036086,-741.3793103351439,612.4778761049629,316.23371966866705,529.1481056600668,-285.4006052992181,566.943573980937,3731.103889746816,14132.003451401752,3.7876199293815236,0.0,131777.1633856098,1630.729817768267,1486.572227460286,657.4400602027839,3703.251034414863,525.9384080674375,27.545377268217088,0.05237377009482973,388.58350951000784,623.6167781939497,526.4260350785736,33.19457870014344,493.18032978567436,558.276623769765,114.31834711675786,350.94009257430497,3.0698492536181097,-723.008849552675,712.6961483502437,206.39587328424312,602.777969759404,-384.87118418388894,528.2584740672036,3813.182604513685,14630.055754840676,3.8367047351782113,0.0,132528.0630033183,1735.737009205053,1554.6222910197714,741.4262870433438,3678.7486975077263,0.021933920469460442,0.8805060518885433,40.14357638302437,-0.9999999999989176,0.9999999999989746,0.07013488402838575,1.9685857283381187,-0.9999999999986623,0.9999999999987547,0.26055543011966587,0.0,0.38225333032287195,0.3571912395574622,0.025062090765409883,0.6773538044705347,0.5178823529411765,0.07632121157083487,0.14737171674226188,0.03,1.06,0.51,0.030000000000000027,0.48,0.55,0.9494341978834804,0.51
JuPt13,57.552,0.6439068799583821,141.0,55.01365587202498,353.6859871244635,302.940682831069,0.8565244139107113,0.0,780.78,401.33500000000004,664.4825,0.0,705.1,545.3472066249243,198.16270389042063,0.36336979722782087,57.64,780.78,645.425,251.24,188.331,715.209,0.7020567375886524,0.10124415913804331,0.14421079319254862,0.4,1.62,0.69,0.06999999999999995,0.63,0.76,0.3912142857142857,0.05983868621006763,0.15295629081605966,0.1,0.49,0.4,0.04999999999999999,0.33,0.45,1.0935714285714286,0.10687156128851535,0.09772709710457449,0.75,1.9,1.1,0.08999999999999986,0.999,1.18,725.971914893617,16.862214543526175,0.023227089364708985,658.9,780.78,725.78,17.930000000000064,706.75,745.03,382.9670829787234,41.90314264183511,0.10941708701385627,227.6054,615.8042,381.85839999999996,39.13029999999992,342.9525,420.23629999999997,65.8768,0.6678371699830927,141.0,55.01365587202498,417.9247138769671,343.86550030689756,0.822792931090707,0.0,869.33,497.64,758.78,0.0,808.72,621.9769844206427,227.1258799660043,0.36516765998536377,65.89,869.33,731.94,294.49750000000006,213.80700000000004,818.07,0.7278014184397161,0.10827527434021593,0.14877035335211294,0.19,1.54,0.72,0.06000000000000005,0.67,0.76,0.3635714285714286,0.06950921242716607,0.19118447373354464,0.08,0.48,0.38,0.08999999999999997,0.289,0.43,1.0952142857142857,0.10313283983805167,0.09416681382732589,0.63,1.64,1.09,0.09999999999999987,1.0,1.19,825.0,23.79989820587326,0.028848361461629588,683.43,869.33,827.09,24.309999999999945,802.01,847.66,452.9885191489361,65.10677706160139,0.1437272123006091,83.2535,898.4217,448.52939999999995,34.911799999999914,413.43829999999997,486.34189999999995,-469.03379112146837,35.34909790962599,0.07536578084284777,-632.3843416267813,-319.5419847283894,-465.80377741290073,40.15014465530447,-506.5918878641166,-431.834614103117,192.2929957525333,265.27281872966074,1.3795240834963511,-563.3802816811238,747.6323119682497,225.96716975343185,346.20861052104215,-163.41184820878124,547.4386845145486,3187.4676622700604,12645.405997756285,3.967226443560677,0.0,124231.94809720262,1275.302071174119,1136.0799196848532,536.0931191351375,3658.816645393567,509.0831040863819,29.458022758679302,0.05786486041701938,370.63829786756105,624.6418338027528,513.1071781154894,37.178061674001924,467.1162671330289,542.7484842672307,161.54742617278106,239.9682439661733,1.485435265975905,-588.8157894648801,663.7659414808446,200.66278707754898,237.99009031033535,-161.44915646159322,436.9064353288932,3004.9940892654554,12302.95849576442,4.0941706140818654,0.0,120725.85672076732,981.9447919708504,1358.4914498479222,310.912049425114,4224.391410576532,-0.03713877375343655,0.8599430710683472,23.154858413544577,-0.9999999999988497,0.9999999999987192,-0.11567929333032853,1.967050839792194,-0.9999999999987378,0.999999999998559,0.3117440499414748,0.0,0.3321628300169073,0.3560931200416179,0.023930290024710588,0.0,0.5465836298932385,0.0769692891729672,0.14081886983549502,0.26,1.27,0.55,0.06999999999999995,0.47,0.6,0.9452954569350334,-0.53
JuPt14,58.5112,0.6435753159302647,84.0,46.49017618300895,370.1183018171755,309.2252012564898,0.8354766563486502,0.0,802.23,481.91,666.6,0.0,703.89,572.4750795470833,183.32579722087837,0.3202336726440517,58.63,802.23,653.18,172.91999999999996,248.02800000000002,722.6340000000001,0.8296428571428572,0.08317288976485507,0.1002514382526432,0.6,1.17,0.81,0.04999999999999993,0.78,0.877,0.4660240963855421,0.042424696122081426,0.09103541288978334,0.3,0.71,0.47,0.02999999999999997,0.44,0.5,1.2955421686746988,0.09869330627621403,0.07617915386034496,1.06,1.86,1.28,0.06000000000000005,1.232,1.37,753.057380952381,16.185492851775486,0.02149304058514695,723.69,802.23,752.675,21.25750000000005,730.422,774.477,475.4322309523809,33.34670392802453,0.07013976284517905,358.3580000000002,633.6098999999999,468.18969999999996,24.224474999999984,452.40294,501.0665,61.626400000000004,0.6288165298404206,84.0,46.49017618300895,387.31134950650306,330.0217649574749,0.852083899367069,0.0,851.18,469.37,712.47,0.0,757.02,614.4158354114713,184.92798837180644,0.3009818069673612,62.37,851.18,693.33,212.29999999999995,325.336,766.59,0.8115476190476191,0.11855774208636388,0.14608846007016482,0.22,1.48,0.79,0.05249999999999988,0.76,0.8640000000000001,0.47939759036144575,0.03082595517199639,0.06430143940534509,0.26,0.56,0.48,0.020000000000000018,0.46,0.5,1.2980722891566265,0.11031671635254538,0.08498503295161972,1.09,1.94,1.28,0.06000000000000005,1.23,1.348,781.8420238095238,13.272560916610903,0.0169760137117258,753.94,851.18,780.2850000000001,15.152500000000032,766.623,795.542,498.6277083333333,74.41699079280698,0.1492435930634442,120.4874,975.0928000000001,491.2622,24.40569999999991,468.56997,531.4421199999999,-511.24678564855515,38.703568508587814,0.0757042774546029,-617.413737503126,-333.73493975446695,-503.37679705707524,60.59208363769443,-567.6116975425887,-467.9928707822463,-24.83255382389745,327.59136970749483,13.192012872193892,-757.3820395633404,608.3248730936394,-72.80613947269572,566.8236030126619,-391.1070707046889,473.7449090334343,3047.5724311091662,12638.510918943113,4.147074829108876,0.0,127389.39346643428,1440.8334949698585,968.1774641044178,553.4127045137749,2798.6318614630295,538.58094795502,37.30592054248698,0.06926706316676717,299.99999999528154,613.1313131305088,545.3033268093677,37.518718520286825,475.7663428489042,578.9320912300769,19.171889041112287,323.77934185664895,16.888233660514455,-759.5805529009482,574.48200653738,53.04376439610361,516.044940396527,-424.0538005976886,464.77237423517835,3041.639076895732,12722.901202760659,4.182909569843292,0.0,129161.54551029931,1483.7327257583793,892.9669802193507,809.6461176577131,2696.3474313015918,0.002580528250162306,0.8794476532767853,340.80127292549435,-0.999999999998761,0.9999999999987534,-0.005950770895313184,1.9999999999969955,-0.9999999999986486,0.9999999999985582,0.27239184577068537,0.0,0.37118347015957937,0.35642468406973526,0.014758786089844156,0.0,0.6478443113772455,0.06266649450470191,0.09673079366051554,0.45,1.16,0.64,0.040000000000000036,0.61,0.684,0.9584949746903162,-0.63
JuPt15,79.09835999999999,0.6269070735090153,87.0,60.33287101248266,485.5967545076283,416.33350542857914,0.8573646787443295,0.0,1057.87,602.47,885.2800000000001,0.0,957.539,771.1656876843658,240.46022278003457,0.31181395466617534,79.2,1057.87,871.31,244.365,334.202,979.627,0.623448275862069,0.07636614141423287,0.12248993901883545,0.18,0.95,0.61,0.030000000000000027,0.59,0.64,0.375,0.019153601883621762,0.051076271553454636,0.24,0.42,0.38,0.010000000000000009,0.36,0.39,1.003604651162791,0.06130201238583227,0.06108183362215892,0.95,1.35,0.99,0.02750000000000008,0.96,1.04,1002.0254022988505,23.09493290718942,0.02304825092675484,946.33,1057.87,1001.44,32.50499999999988,972.906,1031.712,480.78191839080455,61.180805455098444,0.1272527171149566,141.60190000000003,739.3847999999999,470.2379,18.77864999999997,455.28494,506.21626000000003,83.3008,0.6255201109570042,87.0,60.33287101248266,496.06334604715676,433.22762834293366,0.8733312626183771,0.0,1116.72,566.72,942.315,0.0,1005.279,789.8777439024391,263.440446928789,0.33352053398404663,83.49,1116.72,899.14,315.7549999999999,349.822,1032.24,0.6220689655172412,0.06978024505602765,0.11217445140641592,0.14,0.83,0.62,0.010000000000000009,0.6,0.6540000000000001,0.3759302325581396,0.019312479817208943,0.051372510357622414,0.35,0.47,0.37,0.010000000000000009,0.36,0.39,0.9981395348837206,0.08151917491519056,0.08167112110534336,0.52,1.3,0.99,0.02750000000000008,0.96,1.0350000000000001,1059.6666666666667,42.32795868678337,0.039944597691170265,732.71,1116.72,1064.36,27.66500000000019,1032.988,1093.532,491.35843103448275,58.936025185526695,0.11994507769272553,61.11050000000001,672.8469,487.9611,22.84205000000003,470.17872,518.52416,-540.9442918199101,19.62675876410228,0.03628240294030147,-601.8378378319229,-456.6666666617243,-545.4457149809296,19.103985752697213,-559.5012863005475,-512.5154004098049,125.90564128487831,363.22811514467213,2.884923276153569,-741.7666303125719,605.2166224567857,201.780851983643,625.1000375716101,-360.0732034291623,555.799046307986,4046.9039647807376,15076.727937877205,3.7254968413094876,0.0,131468.5764361399,1807.296559105366,1664.5606178864841,781.5693142489029,4154.111209440814,521.2512805364895,22.530780288190144,0.04322441235052214,399.7663551359413,580.017605631482,526.0436671523189,22.015574319295297,490.4793616251596,543.0995312161424,15.106534728100568,394.3454162665829,26.104293495379395,-767.1232876668904,611.2640800983863,-34.810220852557876,700.6174349114616,-536.314405713868,559.0455429468055,4214.325832801934,15659.783527044083,3.715845463384309,0.0,134898.110586224,2032.132683631451,1253.9224144014242,987.9955023014071,4019.7462617174056,-5.375102051863153e-05,0.8874107654669146,16509.347126017714,-0.9999999999990866,0.9999999999990465,-0.011945421160766457,1.9900936789900747,-0.9999999999989589,0.9999999999989092,0.2524271844660194,0.0,0.37447988904299584,0.37309292649098474,0.001386962552011095,0.0,0.4990751445086705,0.05101580980845687,0.10222069816051492,0.03,0.72,0.5,0.030000000000000027,0.47,0.52,0.9704280288597481,0.48
JuPt17,84.27936,0.5888748998512076,84.0,57.68570447522033,434.4060146503377,402.30521964154684,0.9261041653956943,0.0,1208.9,496.43,783.31,0.0,956.8240000000001,733.7532789115646,238.22094110646344,0.32466081985965517,84.81,1208.9,761.86,214.93999999999994,369.8419999999999,1034.88,0.6125,0.11782629466416109,0.19236946036210878,0.55,1.49,0.59,0.040000000000000036,0.56,0.64,0.43000000000000005,0.03336544637867435,0.07759406116530299,0.39,0.67,0.42,0.030000000000000027,0.41,0.45,1.0424096385542168,0.13659005909819233,0.13103299692873585,0.94,2.02,1.01,0.050000000000000044,0.97,1.07,1101.4234523809523,69.1748031730734,0.06280491215569733,720.61,1208.9,1117.05,48.097499999999854,1048.234,1146.2440000000001,449.4238833333334,61.40337030515204,0.13662685180322987,398.74010000000004,924.5984,441.68739999999997,30.212050000000033,416.37035,466.00554,84.31280000000001,0.6496509099233146,85.0,58.37243905230628,483.18754606844453,408.24406291737967,0.8448977343027507,0.0,1173.48,579.26,855.36,0.0,1005.9280000000001,740.4293023255815,259.85944314301634,0.35095780559532747,84.37,1173.48,800.14,323.7850000000001,323.78499999999997,1041.37,0.6677647058823528,0.11515081129788254,0.1724421942505714,0.22,1.34,0.66,0.040000000000000036,0.63,0.71,0.36440476190476195,0.0728231908129643,0.1998414900850152,0.29,1.01,0.36,0.020000000000000018,0.34,0.37700000000000006,1.0375000000000003,0.13775301396754577,0.1327739892383342,0.6,1.78,1.01,0.050000000000000044,0.97,1.0770000000000002,1079.7897647058826,40.28221446615835,0.03730560872383642,901.12,1173.48,1076.35,48.40000000000009,1039.368,1132.538,494.4325552941178,83.54251322215676,0.1689664491697796,156.3562,1003.0976999999999,486.5299999999999,33.430099999999925,458.6978,538.73446,-533.4234739980587,23.446166088392268,0.0439541325630406,-626.011560691814,-368.5567010266101,-533.4438221505487,34.47110495829645,-562.0370676462935,-504.67876471484664,97.89175705642522,262.20062877191293,2.678475048906323,-683.9999999922273,532.2645290532678,178.96055103293253,456.71143583307037,-278.1768063046192,418.75419707285056,2887.1673342087242,9596.683211272453,3.3239095973282957,0.0,110654.9000376658,1408.539012617032,1290.170268469293,598.7922596460431,2958.5554213360456,509.25833844061475,34.14510352918082,0.0670486881641811,346.40949554709243,593.8168042206199,516.6516554045813,37.65099057171375,457.86208974224974,544.1662196212546,-12.359570253755257,381.14087669821083,30.83771270700691,-799.9999999967474,592.7835051476947,46.62945152237262,688.6878821027914,-515.768182472431,460.82117463581267,3949.963381715176,15220.71772662257,3.853381982495617,55.14193488091065,139382.47507956927,1884.3971382670734,1260.9158403646522,945.0818288967414,3601.562406613671,-0.049867458890061674,0.8917761209897536,17.88292652073662,-0.9999999999991256,0.9999999999991704,-0.12803772216162926,1.9999999999971645,-0.9999999999988657,0.9999999999987772,0.23852580977452215,0.0,0.35034909007668535,0.4111251001487925,0.06077601007210709,0.6867345770859501,0.51875,0.09581845122541949,0.1847102670664274,0.15,1.19,0.52,0.09249999999999997,0.45,0.58,0.9342363823681904,-0.53
JuPt18,70.752,0.6675076874556493,166.0,39.265158085626425,433.8312098872507,359.3727694677485,0.8283700233561304,0.0,961.95,475.53,812.5699999999999,0.0,864.05,646.8838188046303,238.4584895230959,0.36862645592739074,70.95,961.95,742.885,370.50750000000005,267.091,876.7,1.02,0.2579927149433786,0.25293403401023973,0.34,3.78,1.0,0.09000000000000008,0.91,1.0950000000000002,0.5111515151515151,0.08389319371826162,0.16412588257567462,0.12,0.67,0.52,0.07000000000000006,0.45,0.5859999999999999,1.5345454545454544,0.24581455080696452,0.1601872071750326,0.94,4.17,1.52,0.1100000000000001,1.41,1.62,881.1424096385541,37.0852135828122,0.042087650278894786,721.82,961.95,883.96,43.69749999999999,835.065,927.7950000000001,659.8214951807229,136.96196096031437,0.2075742635856284,171.25350000000003,2021.4876000000002,646.437,67.73249999999996,585.64825,724.9770000000001,75.33680000000001,0.6969565560198692,165.0,39.028620988725066,484.73371205550734,381.11119035852187,0.7862279451157592,0.0,1007.82,546.92,860.9699999999999,0.0,924.77,691.3018162792014,259.7309283691937,0.3757127816714985,75.35,1007.82,805.64,401.445,268.378,933.9,1.0712121212121213,0.19506265622377905,0.18209526589464115,0.89,2.67,1.03,0.10000000000000009,0.95,1.14,0.46707317073170734,0.08387691046681832,0.17957980792568035,0.1,0.61,0.48,0.08000000000000002,0.39,0.55,1.5384146341463416,0.16932051805561618,0.11006169220400687,1.3,2.8,1.52,0.1200000000000001,1.413,1.6170000000000002,938.978,30.089228017127105,0.032044657081523806,791.12,1007.82,938.19,37.39999999999998,909.392,972.07,740.6784866666667,98.20420406702128,0.1325868184842856,540.7456999999999,1521.2703000000004,733.5878,86.79440000000022,659.69134,814.20218,-469.9285264712256,25.585317099167877,0.05444512443464114,-593.0693069240203,-346.820027059333,-468.41456624790146,32.10494383175285,-503.31491344303936,-439.13714810443685,49.687241553574054,291.1184241869696,5.859017628644554,-799.9999999907236,739.1705069021203,-20.305930074671835,322.6493205281158,-241.30655504628098,525.341011955693,2664.052790406603,12478.497587578478,4.684027896335063,0.0,149653.89118922045,884.8960176091449,1634.3794900746775,204.46218892019007,3210.696487076701,444.9602548695096,36.04634238547715,0.08101025201895214,308.9033659035741,607.9489447737234,441.8754156497413,41.638149244546696,404.125801219384,487.64031693283204,75.0790863024161,263.3080478630439,3.507075816012739,-777.2321428492569,720.2492211797212,21.485503061084064,296.46513962539854,-205.5386658016024,486.2011607868488,2260.0387029852673,10393.503798077167,4.598816730148855,0.0,139118.98821036075,813.5122807038073,1394.3788730169915,209.88877045971134,2923.962467326221,-0.034855950954068717,0.8285842864348902,23.7716728416069,-0.9999999999990078,0.9999999999989605,-0.07130970740954633,1.940226559070585,-0.9999999999989124,0.9999999999988182,0.3644642434755184,0.0,0.3030434439801309,0.3324923125443507,0.02944886856421991,0.23653709690135827,0.7672727272727272,0.1418614929978967,0.18489057120178523,0.1,2.5,0.76,0.09750000000000014,0.679,0.84,0.9457013129478167,-0.76
JuPt19,64.8714,0.5955935468336142,79.0,57.0671803515531,366.44187695641705,330.2047863829859,0.9011109459559882,0.0,885.94,448.415,661.6225,0.0,774.0150000000001,612.023167576309,184.0117280086433,0.30066137649176405,66.33,885.94,647.79,151.5250000000001,311.80600000000004,803.99,0.6250632911392404,0.09262519297674111,0.14818530241911523,0.51,1.42,0.62,0.010000000000000009,0.598,0.63,0.4225641025641026,0.02752322550398711,0.06513384660893672,0.28,0.47,0.43,0.020000000000000018,0.4,0.44,1.0478205128205131,0.09366672282000466,0.08939195366435566,0.86,1.8,1.04,0.030000000000000027,1.0070000000000001,1.07,820.203164556962,36.260571066052066,0.044209255258840945,668.47,885.94,824.56,35.58499999999992,779.5699999999999,851.422,382.57608734177217,29.445503492574748,0.07696639823228892,239.1598,564.3659999999999,384.4323999999999,17.67865000000006,366.48985999999996,396.62348000000003,67.089,0.6526607271851673,80.0,57.78954972309174,418.99639658078496,338.6699746427818,0.8082885137096304,0.0,920.81,596.42,694.8425,0.0,808.28,638.4283932853717,192.4222028475418,0.3013998200440772,67.43,920.81,679.36,152.24,319.99,828.96,0.677625,0.11454522851258364,0.1690392596842566,0.3,1.58,0.67,0.030000000000000027,0.64,0.7,0.36518987341772147,0.05331684037030499,0.1459975867494033,0.12,0.4,0.38,0.020000000000000018,0.36,0.39,1.0434177215189873,0.11993548979040453,0.11494484634673438,0.68,1.94,1.05,0.030000000000000027,0.99,1.07,849.78025,30.09400264068407,0.03541386451455968,679.91,920.81,849.2,28.325000000000045,816.046,880.22,432.61503999999996,57.202209390517886,0.13222427354903257,167.32539999999995,817.5574000000001,428.25475000000006,16.231599999999958,411.38592,448.3208400000001,-502.28984295330315,48.32496549912173,0.09620932251962379,-590.6275140777615,-342.5595238048896,-512.6984126975623,83.92680479402298,-558.9256484304574,-433.5419942163193,89.7445582235698,338.83720636157386,3.775573840518486,-730.5109488954146,569.4267515841136,168.43137254876945,638.0871389934155,-371.9149519477781,488.83531504069026,3710.954778382371,13933.678027981063,3.754742070462817,26.950178779045036,127573.4682106065,1642.7388663699196,1499.0396835638217,617.5910691295473,3539.0802603977204,502.793324741218,33.22488438461126,0.06608059962141631,380.1104972327962,636.8888888803112,500.48962762471973,38.99857766214535,461.11015932770397,545.0149764648475,14.919824945081,410.14307679710333,27.489804892438492,-799.9999999898283,606.2032085502557,62.71450858025428,794.3985869806579,-529.0809112325516,497.5303802412689,3775.9707838355416,14619.500522882612,3.8717197138979444,0.0,137810.12833235308,1596.4842527988048,2272.1161384618163,568.8978667262369,4247.735813402067,-0.05255956805470961,0.8850709272216081,16.83938706385381,-0.999999999998914,0.9999999999987791,-0.12138138869427631,1.9747433525434137,-0.9999999999986289,0.9999999999984723,0.2482542740187816,0.0,0.3473392728148327,0.40440645316638574,0.057067180351553115,0.7223693715386403,0.5217088607594936,0.0823022604391014,0.1577551513338919,0.19,1.39,0.52,0.040000000000000036,0.49,0.55,0.956369527693737,0.52
JuPt26,74.1928,0.6263321701405262,89.0,50.36310478166557,452.9803527303593,390.5997865718184,0.8622885831948306,0.0,1084.82,598.95,828.52,0.0,894.6080000000001,719.7287908447523,230.32786864157254,0.32002036262981026,74.36,1084.82,805.09,206.02999999999997,288.64,917.4,0.7459550561797753,0.054704910141011746,0.0733353968372224,0.39,0.99,0.75,0.030000000000000027,0.71,0.78,0.4451136363636364,0.029923930761706505,0.0672276206564754,0.34,0.57,0.44,0.030000000000000027,0.42,0.47,1.1951136363636363,0.0564678975207438,0.04724897763304692,1.05,1.5,1.18,0.040000000000000036,1.15,1.24,948.4187640449437,36.8186598032624,0.03882110012901307,845.02,1084.82,948.2,40.91999999999996,901.89,989.296,537.027193258427,34.30227063788287,0.06387436440543921,311.02389999999997,660.66,538.4907000000001,24.986499999999978,511.1392000000001,565.1760400000001,72.83584,0.6431198717344148,89.0,50.36310478166557,470.3268537206451,385.5489171030324,0.8197467655785033,0.0,970.2,705.43,823.46,0.0,886.93,728.1077445373222,211.70843991436405,0.29076526311171697,73.15,970.2,792.22,144.59500000000003,353.276,902.462,0.7661797752808989,0.05119922791678938,0.06682403986870385,0.62,1.02,0.75,0.040000000000000036,0.73,0.81,0.4273863636363636,0.022587925081869128,0.05285130025401672,0.36,0.49,0.43,0.020000000000000018,0.397,0.45,1.1937499999999999,0.05689528858909465,0.0476609746943947,1.03,1.46,1.19,0.040000000000000036,1.147,1.23,926.9242696629212,21.038293437414136,0.02269688487608818,860.75,970.2,927.63,21.66999999999996,899.7339999999999,950.356,557.8614280898877,40.32394934511793,0.0722830927442223,480.87160000000006,772.5233999999998,547.2247,30.91989999999987,528.7484400000001,595.0122200000001,-517.4523290115155,40.67807800345391,0.07861222323819135,-624.9999999956159,-353.531073444058,-515.9090909084163,63.939190315477276,-572.8006456777988,-463.96396395853554,-43.551370007889595,317.1083378811693,7.281248277986249,-748.9467162245246,553.4950071254896,-77.71644001606214,533.0165828147633,-459.3778314702241,401.330376939324,3155.653316664131,13050.34475640792,4.135544512284834,45.497366038116375,126504.24027935615,1523.8163953029182,1142.7661192691087,619.3621187399256,2878.87292980338,501.0532870014736,32.231819158312504,0.0643281263578526,356.7299006294101,604.0044649078428,502.0886254580067,47.6564680713268,460.582120821272,539.7460766418701,-80.90637471311291,339.42861216287326,4.195325935221579,-799.9999999908404,604.1297935022241,-160.3666756536185,548.8002257444114,-481.89817077513345,444.26224643467503,3331.0162888763007,14041.70840063216,4.215442730652282,15.185180891353719,139359.89995948863,1650.586501762858,1285.1641923489863,478.04220424653494,3128.9494891149557,-0.026856705649502332,0.8798706352793758,32.76167278297618,-0.9999999999989678,0.9999999999990707,-0.08773070981374112,1.9878826165701935,-0.9999999999987516,0.9999999999988229,0.26945204187494104,0.0,0.35688012826558524,0.3736678298594737,0.016787701593888538,0.0,0.5968361581920905,0.036671410729634195,0.061443011058972354,0.47,0.8,0.59,0.030000000000000027,0.57,0.62,0.9655895139674332,-0.6
JuPt27,72.0236,0.6100318296564592,81.0,53.34211392821864,406.6476039951707,363.2640487918668,0.893314125601703,0.0,1112.32,471.24,742.61,0.0,850.08,662.8148956459158,218.88288303849097,0.33023229332355075,72.6,1112.32,701.69,241.2025000000001,297.418,883.476,0.6861728395061728,0.18137042037158196,0.264321770937173,0.56,2.21,0.65,0.040000000000000036,0.63,0.71,0.44075,0.038690276556261526,0.08778281671804584,0.29,0.58,0.44,0.020000000000000018,0.41,0.4620000000000002,1.1285,0.18122568802462852,0.16058988734075197,1.01,2.59,1.09,0.05999999999999983,1.05,1.1640000000000004,970.7486419753086,68.84904054941886,0.07092365373723504,749.21,1112.32,986.15,70.73000000000002,875.05,1062.05,454.80557901234573,84.70849791930625,0.1862521082152789,312.928,1135.1659,439.94499999999994,21.684300000000064,422.9599,473.3960000000001,70.2416,0.633519920974646,81.0,53.34211392821864,437.3365777631434,363.62158559780994,0.8314456281173717,0.0,973.61,591.47,769.12,0.0,849.86,687.8639604989605,193.31311865616067,0.2810339394953252,70.29,973.61,742.995,190.0524999999999,409.222,869.77,0.7117283950617284,0.1888940530238963,0.2654018781168786,0.37,2.24,0.68,0.019999999999999907,0.65,0.76,0.4125,0.04501388674620311,0.10912457366564493,0.17,0.53,0.42,0.02999999999999997,0.39,0.4410000000000001,1.124625,0.1933257855926105,0.17190244341065514,0.78,2.71,1.09,0.04249999999999998,1.0590000000000002,1.1820000000000002,885.7865432098766,30.053794204314592,0.03392893517593185,795.3,973.61,881.21,26.399999999999977,854.59,921.8,489.60455432098763,116.94840228587047,0.2388629788132231,238.84080000000003,1361.0113000000001,469.8276,26.14590000000004,442.25059999999996,527.1585,-574.7838879605442,32.6354722070348,0.05677868306777985,-680.940279534701,-456.0498220622127,-580.7457549877887,31.773781493863225,-606.9785409500643,-531.7302936276438,-58.53395601591727,308.3028292194078,5.26707658594446,-701.4725568857069,488.1057268657308,-131.8340513255459,578.6839693726524,-398.24379150336034,386.2880850594851,3164.9970588808596,12404.719283090828,3.919346227599089,0.0,114835.94534345172,1436.5971682423249,1253.8463813973372,376.6352545149969,3234.3276612570016,508.28733879587986,44.68102507026436,0.08790505224077527,344.87722269130603,625.6479252222507,519.828699163816,67.87905511600616,446.5148285812062,555.0509297008947,-8.40972233151858,349.15244872364775,41.51771425003542,-755.6987515075031,587.4316939817754,-33.68281860329223,601.8578254987025,-461.9775215664595,467.0107174365755,3501.5767519378273,13982.633750144198,3.993239257829204,17.053752127885744,132885.9340705458,1682.3061331577958,1111.6243105097246,636.0775451210877,3422.4324550378333,-0.03099505985746601,0.8905204725298105,28.73104449205507,-0.999999999998932,0.9999999999988988,-0.14716748768459173,1.9999999999969784,-0.9999999999987421,0.9999999999986929,0.24355175063110526,0.0,0.36648007902535396,0.38996817034354075,0.023488091318186854,0.0,0.5624223602484472,0.1302161432851894,0.23152732227100606,0.27,2.02,0.55,0.06999999999999995,0.5,0.61,0.9122615383434745,-0.57
JuPt29,63.20072,0.6243347594698946,89.0,55.72367734529897,345.2537503913179,300.98955419674235,0.8717922798947807,0.0,832.7,462.33,590.7,0.0,749.9140000000003,550.4686261073041,181.459539441455,0.3296455616813901,63.58,832.7,566.72,160.65499999999997,255.64000000000001,783.2,0.672247191011236,0.1720057015581579,0.2558667460455275,0.59,1.98,0.63,0.030000000000000027,0.61,0.72,0.4056818181818182,0.041554877586628375,0.10243219099745837,0.16,0.61,0.4,0.009999999999999953,0.39,0.43,1.0782954545454544,0.18311212158196385,0.16981627868341223,0.88,2.34,1.04,0.030000000000000027,1.0,1.1389999999999998,790.9098876404496,60.696688458885596,0.07674286212287408,335.72,832.7,804.21,22.659999999999968,771.43,824.7579999999999,370.0509876404495,69.83623377472264,0.18872057123757363,156.8237,881.4322,356.64639999999997,13.985400000000027,345.3986800000001,391.3036599999999,61.1336,0.624126056558489,90.0,56.34978607951581,331.56667640613585,290.829594257365,0.8771375863485474,0.0,825.77,407.77,561.44,0.0,733.7880000000001,527.6787176057516,181.9541271845068,0.34481990861739986,61.16,825.77,543.84,191.83999999999997,232.21,757.57,0.6645555555555555,0.17975391271347188,0.2704874121362415,0.24,2.06,0.63,0.02749999999999997,0.61,0.7340000000000003,0.40471910112359555,0.05010303737547455,0.12379706594667672,0.13,0.59,0.4,0.009999999999999953,0.38,0.42200000000000004,1.0735955056179776,0.18709636519035042,0.17427081618452206,0.65,2.55,1.04,0.030000000000000027,1.01,1.132,766.7061111111111,61.68828672706827,0.08045884313819945,380.6,825.77,777.315,25.74000000000001,751.432,804.408,350.6718233333333,71.29751943900844,0.20331693251280364,132.78650000000002,884.6684,343.5547499999999,14.298900000000003,330.78683000000007,364.18888000000004,-496.0503583682948,31.8264459483089,0.06415970760092679,-649.1525423628789,-306.1274509769816,-493.47387717607967,33.24864380002026,-531.9222080894173,-462.3316823939443,11.04617693027613,358.8948848269565,32.49041610140989,-799.9999999938158,654.7895057925854,21.02888086638286,609.4062207459822,-431.35256882377314,497.86767092317046,3977.932037331545,15081.050953238546,3.7911786354578707,5.860225285019053,141057.95659609477,1866.4530606264125,1377.52955960516,762.9661343855704,3989.594717276292,516.375072788268,31.21318215353174,0.0604467252552096,299.9999999964303,661.6731517451213,517.0147285107277,30.06324238578651,486.17283950071635,548.5188968309569,24.776869785333073,293.04569767092363,11.827389827611222,-770.3947368305862,648.7483530884089,18.53211009166584,480.61412071379016,-331.9389978206934,418.2657773210532,3455.8494830377886,12851.9426971166,3.7188953859806597,10.74945980003818,131282.44716611813,1502.7446485268883,1141.3999602331155,621.108686275566,3895.4997954187934,0.0069210490352889075,0.8861322398815307,128.0343640579591,-0.999999999998789,0.9999999999987983,0.038860793186005695,1.9911531106827147,-0.9999999999985026,0.9999999999982983,0.2484608160283836,0.0,0.375873943441511,0.3756652405301054,0.0002087029114056227,0.6261087342168423,0.5367977528089888,0.09391230427279769,0.17494913793215114,0.13,1.23,0.52,0.020000000000000018,0.5,0.59,0.9379501820697492,-0.52
SiCo01,57.86,0.6296429535030129,88.0,47.48628473783614,360.9792310459574,310.2095843278267,0.859355767998391,0.0,782.1,451.66,665.005,0.0,706.332,571.174269390087,182.9581334677753,0.3203192848004548,57.97,782.1,648.89,175.77999999999997,231.11,718.96,0.7955681818181817,0.07346702962655263,0.0923453592202577,0.48,1.12,0.78,0.040000000000000036,0.76,0.83,0.47333333333333333,0.02267545468586524,0.04790589008019581,0.43,0.57,0.47,0.019999999999999962,0.45,0.5,1.272528735632184,0.07706122943678892,0.06055755537649831,1.15,1.65,1.26,0.04500000000000015,1.22,1.32,738.09125,18.746671329532077,0.02539885323055473,691.02,782.1,738.87,23.62250000000006,716.628,764.126,454.40807500000005,36.34189078861851,0.07997633138129978,288.8908,602.2247,449.08325,20.92200000000014,434.59306,474.91168999999996,56.953599999999994,0.6198399136613004,87.0,46.94666786581527,349.53840003597446,305.89359205706415,0.8751358706931956,0.0,787.71,421.19,654.005,0.0,697.312,561.3195937318629,181.41521634734448,0.3231941631342405,57.31,787.71,639.21,177.45749999999998,228.69,707.96,0.7911494252873567,0.06444146033427961,0.0814529571697794,0.72,1.21,0.78,0.040000000000000036,0.75,0.82,0.4824418604651162,0.022357353845150692,0.046342068611654415,0.44,0.59,0.48,0.020000000000000018,0.46,0.5,1.2739534883720929,0.08259285218478235,0.06483192116023856,1.19,1.77,1.26,0.040000000000000036,1.21,1.32,724.1704597701149,17.299157437993138,0.023888239577544768,678.37,787.71,723.25,21.50500000000011,705.826,743.358,444.4236183908045,31.99469715475143,0.07199144201770316,412.07099999999997,632.9971999999999,438.3082,14.808199999999943,424.69789999999995,456.72704000000004,-481.8185369435657,44.715382486783454,0.09280544241893304,-635.7957136316553,-352.52679938682917,-484.45105935836034,66.77439996687889,-537.2478233160152,-419.7694344907593,-57.473337575502114,403.9913328557846,7.029195621674769,-799.9999999953853,588.9833641385012,-119.5992265774148,724.1859308495129,-571.9453207139434,487.9535558770111,3450.5812201899694,14535.43255476062,4.212459185051778,2.2845930299506718e-07,137200.45233305724,1583.06288804527,1632.1968413534212,446.82370812603466,3533.2114090779437,487.9397778296063,60.810352695503056,0.12462675817468204,324.96038034806776,616.0208018779399,495.2957831788615,97.9029459284443,403.4374738284603,562.8574146604914,-64.89327196662583,394.33198975857766,6.076623628337053,-799.999999991383,568.5667752421953,-114.49579687750455,686.5648756577326,-550.9833500842116,479.0315797749363,3427.0457017072326,14046.166750273227,4.098622537561091,6.129896805951095,133283.36969258686,1621.3910395924695,1296.328815479988,690.6822614950551,3300.0582537459463,0.010214637764556238,0.8913062258115033,87.25773337225058,-0.9999999999987305,0.9999999999987199,0.024876878393708047,1.9999999999968279,-0.9999999999985425,0.9999999999985375,0.24948286716431334,0.0,0.3801600863386995,0.37035704649698714,0.009803039841712491,0.539616872020865,0.636264367816092,0.04524974370159586,0.07111783390572828,0.55,0.91,0.63,0.03749999999999998,0.6,0.67,0.974297559404471,-0.63
SiCo04,78.05600000000001,0.600053961687202,105.0,56.65977156219085,434.10393470635853,390.3869358278475,0.8992937050686217,0.0,1137.84,540.87,794.035,0.0,879.032,718.731839028777,226.44479597412092,0.31506158998020867,78.32,1137.84,768.24,169.235,346.25800000000004,954.5690000000001,0.6354285714285715,0.030206545220360106,0.04753727882413664,0.58,0.79,0.63,0.020000000000000018,0.61,0.66,0.4270192307692309,0.02377295682769312,0.055671864541549425,0.26,0.49,0.43,0.020000000000000018,0.42,0.44,1.0625961538461541,0.033911513596975716,0.03191383052001118,1.01,1.19,1.06,0.030000000000000027,1.03,1.09,1031.987523809524,46.600994282892664,0.045156548124557314,833.8,1137.84,1036.2,48.17999999999995,985.842,1079.012,456.7027457142857,21.24481513223551,0.04651781784005257,406.5226,555.874,454.7685999999999,22.42900000000003,436.97851999999995,476.30175999999994,89.9888,0.6046407050993794,106.0,57.19938843421171,514.2291950714992,463.96360341513423,0.9022506070463808,0.0,1300.97,610.28,962.0050000000001,0.0,1082.3120000000001,845.2592904953145,280.54919866916885,0.3319090388281181,90.42,1300.97,915.42,272.19500000000005,336.314,1113.178,0.6342452830188678,0.07634267474475892,0.12036774520579303,0.1,0.81,0.64,0.020000000000000018,0.62,0.67,0.4186666666666667,0.01810375739303948,0.04324145863805259,0.28,0.46,0.42,0.020000000000000018,0.41,0.43,1.0574285714285716,0.06254946342015782,0.059152424145776504,0.51,1.26,1.06,0.030000000000000027,1.03,1.09,1163.6661320754718,67.52556481040118,0.0580282977643313,762.85,1300.97,1173.15,73.59000000000015,1097.635,1233.87,536.1017179245283,68.51090133642938,0.12779459390940892,41.1455,677.6583,545.2854,30.56295,513.45965,572.0709499999999,-517.6309171557508,39.12590999810436,0.07558650131065513,-612.4712643662161,-299.99999999676476,-528.866300347235,26.60763374175599,-549.958519542818,-461.4822594369439,-125.80904017808801,353.20611985464126,2.807478058427722,-799.999999994676,526.3888888833502,-219.51456385272516,663.4379411661762,-527.253054770289,367.66648052415286,3906.001349038161,14449.096040955084,3.6992040580092027,0.0,128352.5822435713,1940.3414720881979,1907.5334041706064,334.05948155301803,3978.6090504287445,512.0569460826405,32.93149630537277,0.06431217573991012,340.3209628855629,581.006864986544,516.2294238677093,29.478482706286286,461.84354128982807,547.558766664481,-80.87120085065892,339.6950301668823,4.200444986466577,-784.587155956759,541.122565859199,-153.3474629096878,597.6146328562038,-449.53035550914035,410.39623542876313,3832.9682427874563,14225.833166413193,3.7114403943153995,15.326792159539208,131426.69963279684,1996.632437936114,1573.1409054037495,387.5546100008741,3774.6846628221147,-0.0119491993495752,0.9103196181187325,76.18247175436262,-0.9999999999991471,0.9999999999990832,-0.05072463768111875,1.9803443514369756,-0.9999999999989856,0.9999999999987748,0.20469466678658152,0.0,0.39535929490062055,0.3999460383127979,0.004586743412177352,0.539616872020865,0.5287142857142857,0.04171061627696338,0.07889065479235588,0.01,0.67,0.53,0.020000000000000018,0.51,0.55,0.9803117829470904,-0.52
SiCo05,95.34008,0.6301825703750338,102.0,55.04092094612825,613.4526675060707,522.4504545747958,0.8516556895871253,0.0,1518.22,788.26,1138.335,0.0,1173.48,970.4024960753533,297.42992854598293,0.3065016111856544,95.92,1518.22,1119.91,288.145,455.55400000000003,1186.13,0.6867647058823532,0.051870157741510485,0.07552828096973851,0.62,1.06,0.68,0.019999999999999907,0.66,0.71,0.40247524752475244,0.023054216795793437,0.057281079719304996,0.27,0.45,0.4,0.009999999999999953,0.39,0.42,1.0896039603960397,0.05978378190090243,0.054867441766919885,0.89,1.49,1.08,0.020000000000000018,1.06,1.12,1212.6993137254904,47.9550519994935,0.03954405800076933,1150.93,1518.22,1201.42,33.522500000000036,1175.295,1251.162,666.5504784313725,50.490485195921174,0.07574892949543338,612.3623000000001,1034.2519,659.0028499999999,22.573099999999954,637.80442,681.9264100000001,95.93936000000002,0.6378271427286627,103.0,55.58053781814912,590.7410855292743,504.68492520940913,0.8543250800922074,0.0,1263.24,687.72,1102.915,0.0,1174.69,923.0868386914834,306.96041670518184,0.3325368793471038,96.03,1263.24,1062.82,389.17999999999995,396.78100000000006,1192.73,0.6885436893203883,0.06452827734164439,0.09371704112431638,0.19,0.89,0.69,0.019999999999999907,0.67,0.718,0.39480392156862754,0.027430139147312155,0.06947787896546052,0.31,0.58,0.39,0.010000000000000009,0.38,0.41,1.084607843137255,0.07849905168188841,0.07237551535903745,0.6,1.47,1.08,0.030000000000000027,1.0510000000000002,1.1190000000000002,1207.9826213592235,28.09039451489178,0.023253972381871837,1034.44,1263.24,1211.87,25.190000000000055,1183.0059999999999,1234.156,635.5856174757282,64.08366610287024,0.10082617406806982,129.0234,824.9978,633.2018,27.99885000000006,608.91116,669.9519200000001,-528.0436299007864,18.871181931715302,0.03573792176079323,-651.4742014705637,-427.3657288969437,-530.5614102313831,14.80940474115016,-544.6687988676475,-504.2872484897882,31.386162636544146,386.59431351537995,12.31734882597389,-772.6315789399748,617.9461211250522,49.389889599026795,675.1583089323019,-490.3205300723472,544.1111459168344,3774.7821701582375,14656.286612366343,3.88268407332974,0.0,133470.17369688823,1873.8809304993697,1156.2591287028677,978.8659044978438,3216.16377838583,505.26122016830544,23.76162780035614,0.047028402045963424,368.7292817642519,589.2933618786325,510.15471671191426,25.0466079105351,472.4347659772945,528.8796415768169,-80.42237929708179,364.8280594231497,4.5363997261375655,-799.9999999938158,568.7732341959381,-159.1503090998733,603.9684728173054,-548.0410814067699,432.2289187711263,3762.8985637729756,15134.414507218584,4.022009695642611,26.061555635053796,135978.08376376907,1831.9628807502238,1502.2489828656492,678.7848082763779,3527.6070779072293,0.004719475056650882,0.8815435860345892,186.78844334685866,-0.9999999999992006,0.9999999999992708,0.06871544481937066,1.999999999998157,-0.9999999999991307,0.999999999999139,0.26800971310369637,0.0,0.36217285727133736,0.3698174296249663,0.00764457235362892,0.539616872020865,0.5423039215686274,0.05294360470103019,0.09762718375751799,0.07,0.83,0.54,0.040000000000000036,0.51,0.58,0.9765188735302636,0.53
SiCo06,61.88248000000001,0.6071589171688101,105.0,56.65977156219085,347.6613364511197,307.94467214653866,0.885760479692999,0.0,863.28,448.14,618.97,0.0,715.1320000000001,570.04613538735,173.83749451551876,0.3049533778473739,61.93,863.28,608.19,107.52499999999998,267.3,763.4,0.642952380952381,0.03561497302897864,0.05539286271998972,0.49,0.82,0.64,0.030000000000000027,0.61,0.67,0.41817307692307704,0.012842569168209167,0.030711133370885147,0.4,0.46,0.42,0.012500000000000011,0.4,0.43,1.0608653846153848,0.04078816233161936,0.0384480094125788,0.93,1.27,1.05,0.040000000000000036,1.02,1.1,803.6977142857143,23.011144805326406,0.02863159169955947,727.21,863.28,803.44,26.730000000000018,773.96,830.434,366.51252,22.019320918880485,0.06007795018522262,294.23900000000003,469.9827,366.6146,22.017600000000016,345.64508,385.28798,60.264160000000004,0.6015828761579278,105.0,56.65977156219085,347.07448511556794,310.5693688978955,0.8948205132209247,0.0,846.78,449.35,641.19,0.0,704.55,574.3680998654507,174.88143049250024,0.3044762244511191,60.28,846.78,620.51,135.95999999999992,259.09400000000005,741.6419999999999,0.6370476190476192,0.040400938450293446,0.06341902422816285,0.31,0.75,0.64,0.020000000000000018,0.614,0.67,0.42230769230769233,0.02149377231945826,0.050895999907342324,0.39,0.55,0.42,0.020000000000000018,0.4,0.44,1.0625,0.03874844910047766,0.036469128530831556,1.0,1.26,1.06,0.030000000000000027,1.03,1.1,787.9928571428572,26.38859969269867,0.03348837423266278,694.43,846.78,790.68,27.389999999999986,752.158,820.424,365.89983047619046,24.322825090343688,0.0664739993419044,186.82729999999995,451.78430000000003,364.61699999999996,13.468400000000031,348.87203999999997,386.57872,-498.2234331577347,21.776422669888852,0.043708146226335474,-661.2955465538367,-392.4915950677743,-499.99999999389047,25.552128113015442,-524.434076377265,-471.7858929454005,-139.95939877885507,398.10928120637243,2.8444626418592045,-799.9999999976449,624.4210526256036,-227.46870653649722,681.7234003108667,-635.2303523019581,411.22494431988014,4384.558361539622,16356.279568576863,3.730428065924907,6.520617199035208e-08,141085.9452313993,2148.4373005999832,1962.7843437041981,423.35327072517345,4596.35136294478,513.0623378789797,24.988048863279683,0.04870372860836478,442.2466069869996,621.1377777767739,512.5396266274536,30.49604808385118,482.4957475850564,540.4356286076377,-62.614909962400695,404.0517509475726,6.452963857709715,-799.9999999973952,696.3388370378103,-82.26610811874171,624.0901437349521,-641.0627929187046,494.3774195745868,4571.3711637229435,17185.190773710638,3.759307690892285,0.0,147303.66007248813,2194.595258175743,1578.166232399388,607.7944567697144,4799.83491677677,0.004238945234675493,0.9092377294579405,214.49616935930445,-0.9999999999988191,0.9999999999988244,0.003058796873226741,1.9999999999965852,-0.9999999999985029,0.9999999999984633,0.208741793326738,0.0,0.3984171238420721,0.39284108283118985,0.005576041010882271,0.0,0.5305263157894736,0.024828801887586207,0.04680032093005277,0.38,0.67,0.53,0.020000000000000018,0.51,0.55,0.975995942937771,-0.52
SiCo07,63.774480000000004,0.6074287256048205,105.0,56.65977156219085,374.7742737656264,333.38752372972976,0.8895688606879448,0.0,939.84,485.32,699.05,0.0,770.1320000000001,614.9170521172638,189.78097956374984,0.30862858479854005,64.13,939.84,666.05,180.62,277.75,790.68,0.6429523809523808,0.18209847576320745,0.28322233632644706,0.57,2.47,0.62,0.020000000000000018,0.6,0.65,0.4182692307692308,0.02517027809556906,0.06017721645243107,0.22,0.45,0.42,0.020000000000000018,0.403,0.43,1.061923076923077,0.18322997803872323,0.17254543370230432,0.94,2.89,1.04,0.020000000000000018,1.02,1.0770000000000002,830.4654285714286,26.525482914811292,0.031940502280039085,769.89,939.84,828.19,31.680000000000064,799.722,861.476,395.5169009523809,96.39581781337128,0.24372110921432744,338.35009999999994,1364.0968,383.60519999999997,14.58709999999985,371.40422,402.48978000000005,62.4536,0.6011331954312438,106.0,57.19938843421171,351.67348232754745,317.9102669920821,0.9039927175830608,0.0,896.17,451.22,657.69,0.0,751.8720000000001,583.2167743865948,183.45887658612472,0.31456378595894335,62.59,896.17,617.375,213.51,288.629,773.41,0.6298113207547171,0.09378800997588518,0.14891445538734116,0.27,1.41,0.62,0.020000000000000018,0.6,0.65,0.4185714285714286,0.0316055622418879,0.07550816899817683,0.15,0.46,0.42,0.010000000000000009,0.41,0.44,1.0487619047619046,0.08766489483737532,0.08358893887711197,0.69,1.82,1.04,0.020000000000000018,1.02,1.08,803.9630188679246,40.191010310196994,0.04999111820683086,571.23,896.17,809.215,33.02749999999992,772.365,836.44,367.39381509433963,31.25994006205637,0.08508564591362087,163.2224,503.8979,365.5707,14.531550000000152,351.78055,383.54194999999993,-494.2125797140739,31.703270525609383,0.06414905614884818,-668.1881051133649,-311.9490695368894,-495.9583189930384,41.09795465771697,-529.7363708353787,-454.0360082089363,28.00197555230209,378.4961402415211,13.516765612520777,-799.9999999928838,698.0680772710708,42.46043069530921,654.2942110299941,-439.15984210193034,568.9195910461708,4353.240813544812,16810.22543801899,3.8615427351758846,0.0,148637.03950624424,2054.152738773744,1514.275409148457,629.7295652268776,3610.2401709446476,498.83943181680286,35.14593048253883,0.07045539755039976,299.99999999547714,649.8115239602007,500.78350227373926,43.59869194747375,456.6578723187444,541.0937363154706,15.861483436866754,350.9047820321558,22.123074642213275,-738.1502890076437,689.4444444357392,35.86407346087893,590.0827669128016,-441.5762054601681,506.05047261878053,4077.10469763395,15492.815754862468,3.7999553368961934,0.0,139364.29732742964,2022.4355113651438,1332.998855367216,813.9766368794121,3632.5965575975324,0.007622556570832177,0.912218879485423,119.67359655977428,-0.9999999999988688,0.999999999998936,0.035693658311155785,1.9999999999966,-0.9999999999986244,0.999999999998675,0.20856192103606438,0.0,0.3988668045687562,0.3925712743951794,0.006295530173576758,0.539616872020865,0.5267619047619048,0.09488835783969886,0.1801351935319867,0.18,1.82,0.52,0.020000000000000018,0.5,0.54,0.9752313436365502,0.52
SiCo09,83.58504,0.6049105135353898,102.0,55.04092094612825,474.4418913571365,423.33931805610325,0.8922890785302556,0.0,1141.91,555.83,869.22,0.0,977.9,781.1691376746952,240.866394049906,0.3083408988309295,83.82,1141.91,852.06,217.33249999999998,394.515,1030.975,0.6589215686274512,0.03217314867367854,0.04882697752916022,0.49,0.8,0.66,0.030000000000000027,0.64,0.6890000000000001,0.43059405940594053,0.013262153565111132,0.03079966675018299,0.37,0.48,0.43,0.020000000000000018,0.42,0.44,1.0911881188118813,0.031126924091400717,0.028525717542422415,1.04,1.22,1.09,0.030000000000000027,1.06,1.13,1081.1145098039215,35.830642013682215,0.033142319050132416,932.47,1141.91,1089.1100000000001,34.5949999999998,1049.697,1116.764,514.982524509804,27.251258561299352,0.052916860794812545,426.4975,643.4813,512.68635,25.017849999999896,490.66236999999995,540.0957099999999,83.16,0.5957370267110351,102.0,55.04092094612825,469.5528024102886,426.24566256985725,0.9077693933056373,0.0,1201.09,555.28,880.165,0.0,969.3200000000004,784.7662711352657,242.9982140466793,0.30964405961897595,83.38,1201.09,860.09,215.6550000000001,383.196,1027.004,0.6494117647058825,0.020902365445076756,0.03218661340753011,0.61,0.73,0.65,0.020000000000000018,0.63,0.67,0.4413861386138613,0.016829353362344247,0.03812841376729025,0.39,0.53,0.44,0.020000000000000018,0.43,0.46,1.0906930693069306,0.03163083549237501,0.029000675216056718,1.04,1.26,1.09,0.030000000000000027,1.06,1.12,1077.9805882352941,36.23689420486755,0.03361553501084418,920.15,1201.09,1075.69,38.85750000000007,1039.896,1114.564,509.6364490196078,22.380518460262394,0.04391467388816495,477.0271,608.1504,505.1243999999999,21.478875000000016,489.79677999999996,531.99971,-550.0843311126845,35.57433461669811,0.06467069248214244,-659.0333716881523,-427.5198938979156,-556.7348645158863,30.66652337912592,-587.0332569273405,-502.82956381736847,-111.43842996040277,357.62907922888274,3.2092078051777047,-799.999999996473,587.1440195237284,-229.68969225168792,653.5890193476796,-473.42872225559313,417.1595028301862,3816.85209538407,14483.58773191915,3.794642121299685,14.532435935349802,132723.07894062746,1780.9042319216728,1747.5561171124864,367.9628841201798,4279.701050225191,538.5966478001847,40.243718587826564,0.07471958608008634,388.2579933838121,656.6771819074977,552.7722591285572,46.93275924554234,474.39982906468657,576.7524632837858,-54.14541007250466,354.5617249809505,6.548324677929637,-799.9999999909318,547.659247885665,-89.77665325356344,677.0357597426365,-468.9247353723612,404.00848228255654,3847.276577222714,14471.90982573858,3.7615985061780646,17.67338831024737,132335.32798274021,1646.7698797014823,1394.1533919761216,736.6218299423746,4013.8544007083146,0.009795528195592923,0.9140080696630637,93.30869740802594,-0.9999999999991076,0.9999999999991085,0.027350922972818333,1.999999999997601,-0.9999999999988922,0.9999999999988749,0.20064754024642503,0.0,0.4042629732889648,0.3950894864646101,0.009173486824354704,0.0,0.5453201970443351,0.02168450301245417,0.03976471638171598,0.49,0.67,0.54,0.020000000000000018,0.522,0.56,0.9844824952629606,0.55
SiCo11,92.46248,0.6118355967263243,124.0,66.91249213058728,553.3754240489252,480.7396872431996,0.8687405807161895,0.0,1336.94,765.82,1016.125,0.0,1129.0620000000001,901.3542936939585,256.238872197009,0.2842820786336952,92.84,1336.94,949.19,286.99000000000024,527.2080000000001,1148.73,0.5486290322580646,0.059937261250079234,0.10924916039192897,0.44,0.99,0.54,0.020000000000000018,0.513,0.57,0.3500813008130081,0.021280012185924346,0.060785914802415866,0.33,0.55,0.35,0.009999999999999953,0.34,0.36,0.8995934959349594,0.07602308564635529,0.08450826501678431,0.83,1.47,0.88,0.030000000000000027,0.86,0.93,1173.1934677419356,29.831363908681496,0.025427488925652626,1098.24,1336.94,1168.9699999999998,37.674999999999955,1141.723,1199.77,494.50913387096784,56.9919742613066,0.11524958864776451,382.0718,936.4729000000001,485.8678,27.630074999999977,457.0223900000001,527.57177,90.79047999999999,0.6060796834247684,124.0,66.91249213058728,514.8344473423869,453.5926181055378,0.8810455874624068,0.0,1264.67,715.0,928.7850000000001,0.0,1075.8660000000002,846.4649354503634,245.27175625229128,0.2897600904419085,91.19,1264.67,890.67,240.6250000000001,478.10400000000004,1124.1339999999998,0.5434677419354839,0.06948014748761795,0.12784594557963688,0.19,0.96,0.53,0.020000000000000018,0.51,0.5670000000000001,0.35333333333333333,0.024780882569460868,0.07013457311130084,0.17,0.52,0.35,0.010000000000000009,0.34,0.37,0.8967479674796749,0.07587426414327518,0.08461046671999782,0.53,1.31,0.88,0.030000000000000027,0.86,0.938,1163.8337096774194,43.39089752299666,0.03728272962207467,934.34,1264.67,1168.97,40.315000000000055,1122.077,1211.881,460.02638709677416,61.571561420319064,0.13384354277754207,139.90900000000002,854.3348,451.5626500000001,22.4421999999999,427.38663,485.02630000000005,-510.85014533718584,28.886319878602748,0.05654558414479814,-576.5514927858968,-370.16918966752877,-516.784129469499,33.25012780834544,-542.0633355030403,-463.3551931262702,58.539548993932115,398.980114412912,6.815565224929432,-799.9999999948311,694.9863263388168,89.63474827234312,694.2406282016779,-553.9166375356615,540.489562790485,4878.204587522686,16904.149517926486,3.465239969877423,0.0,137302.40842648796,2168.470070705178,2069.8264099558246,933.1687103382952,4823.979788397299,485.61014611224977,36.26599949890819,0.07468130513576737,392.7079987144924,594.0565118527443,495.94562924718673,50.79893362756502,427.93528107781856,523.477151392791,63.05151009431576,382.9468575454313,6.073555684336914,-799.9999999968019,613.991769542731,117.01149425256791,659.3077225503014,-505.12297693065415,514.137432877244,4834.549224183388,16975.53655581852,3.511296662551279,6.680277740285343,137231.13014651186,2078.5955635685527,1951.0823025302238,916.7381170279517,5103.917840947873,0.011239952682818462,0.902880159240174,80.32774731272498,-0.9999999999992024,0.9999999999992017,0.0597526032566536,1.999999999997495,-0.9999999999989421,0.9999999999990714,0.2179152801510927,0.0,0.3939203165752316,0.3881644032736757,0.005755913301555893,0.0,0.4483805668016195,0.04685027520002857,0.10448774671420841,0.1,0.78,0.44,0.020000000000000018,0.43,0.47,0.9463760681609229,0.44
SiCo12,72.50408,0.6018526845939383,121.0,65.29364151452468,427.83806007734506,374.07713494029355,0.8743428176347684,0.0,1065.02,575.41,777.59,0.0,872.9820000000001,705.5793679019724,196.61567399306418,0.27865847973618996,73.04,1065.02,750.42,199.62249999999995,417.791,898.799,0.5524793388429753,0.045641089790328424,0.08261139647918862,0.14,0.71,0.55,0.020000000000000018,0.53,0.58,0.3658333333333334,0.01180277745090348,0.03226271731746905,0.34,0.44,0.37,0.010000000000000009,0.35,0.38,0.9183333333333332,0.047737709296623014,0.051982986473292234,0.5,1.06,0.92,0.03249999999999997,0.89,0.95,928.1363636363636,28.63231558689881,0.030849255248106916,838.75,1065.02,928.07,33.440000000000055,893.86,960.63,389.8378909090909,37.45483823422196,0.09607798294512178,81.58590000000001,534.7407999999999,388.091,21.349899999999877,370.3997,409.57730000000004,77.04488,0.582966094073208,121.0,65.29364151452468,391.52882003777313,361.42963748432106,0.9231239668347496,0.0,1059.85,435.71,681.5049999999999,0.0,902.3960000000003,662.2840527614934,219.29618210988517,0.33112103665363146,77.55,1059.85,670.175,273.29499999999985,365.343,953.59,0.535702479338843,0.018128396348917837,0.03384041891583412,0.49,0.62,0.53,0.020000000000000018,0.51,0.56,0.38591666666666663,0.01650736367672184,0.042774425309300146,0.37,0.51,0.38,0.010000000000000009,0.37,0.4,0.92175,0.030839976761772466,0.033458070765733004,0.86,1.13,0.92,0.020000000000000018,0.89,0.95,990.5336363636364,34.37856210244117,0.03470711224771139,842.49,1059.85,993.3,40.809999999999945,949.96,1027.07,354.7872090909091,17.3510116464013,0.04890540358208475,314.1071999999999,445.02479999999997,354.9557,18.16540000000009,333.49799999999993,375.49710000000005,-507.4691629749449,25.161310976693603,0.049581950613787944,-584.7012940958491,-437.0649793127346,-510.56731311606814,32.26681076887786,-536.0086675249098,-470.44744419071895,75.65968227838327,412.54016455982423,5.452575957647637,-768.5258964108633,620.022753125349,128.86853383855743,771.1717377273269,-494.21456874532544,567.7528370577936,4761.009416372628,16778.520376255925,3.5241518990810587,19.768890093236834,136280.55588458397,1994.1909609621612,2491.525792898311,804.061158586763,4992.666419404945,501.76284660054404,23.641667214429738,0.047117213589159726,407.94539726856544,592.5296239042784,503.6937843515977,23.701717911130743,469.8381576791105,524.6695327566732,44.85752118128919,402.9570935884368,8.983044157766209,-772.2697055963716,634.2105263110482,58.54959633216549,760.3159172603522,-478.2047494605464,562.0547858215311,4922.004190434891,17121.89461524499,3.478642835882811,21.96601381491635,137085.91615116902,2318.020676021736,2151.056125838506,854.08980526767,4875.43966320438,0.017291717771478532,0.9044294744541628,52.30419754142401,-0.9999999999990351,0.999999999998925,0.12618666666654435,1.952352963174027,-0.999999999998514,0.9999999999987172,0.18481877866714633,0.0,0.41703390592679196,0.3981473154060617,0.018886590520730273,0.0,0.45921161825726137,0.032779295121578664,0.07138167621846457,0.06,0.61,0.46,0.019999999999999962,0.44,0.48,0.9555355044540718,0.46
SiCo13,75.25760000000001,0.6152531702491231,105.0,56.65977156219085,462.7296663369007,406.3112957242735,0.8780748788809477,0.0,1032.46,590.26,874.94,0.0,921.7120000000001,748.986800175413,235.03954323525141,0.3138099939543544,75.68,1032.46,840.07,194.37,312.18,934.23,0.6515238095238096,0.02959346621520341,0.04542192585626451,0.58,0.85,0.65,0.020000000000000018,0.63,0.67,0.40451923076923085,0.014602410739610217,0.03609818666901,0.35,0.44,0.4,0.009999999999999953,0.39,0.42,1.0555769230769232,0.03535063167417682,0.03348939415769258,0.93,1.25,1.05,0.022499999999999964,1.03,1.08,969.6154285714287,23.874623628190555,0.02462277612820304,893.09,1032.46,967.12,32.559999999999945,942.524,999.306,487.98273333333333,25.487569613394886,0.05223047430232024,420.6411,670.5137999999997,485.9547,14.70150000000001,466.97354,503.44976,76.62336,0.6087777677848727,106.0,57.19938843421171,450.2302770033277,400.3654353661586,0.88924591662304,0.0,1114.63,575.63,844.03,0.0,934.78,735.7258590633771,234.19225291783061,0.31831455974057105,77.0,1114.63,801.02,239.68999999999994,315.26,952.16,0.6385849056603775,0.03725077381101502,0.058333313898423104,0.48,0.85,0.63,0.020000000000000018,0.62,0.67,0.41428571428571437,0.02317047147339302,0.0559287241111207,0.29,0.45,0.42,0.010000000000000009,0.4,0.43,1.0543809523809524,0.039615384446036316,0.03757217381346522,0.9,1.21,1.05,0.030000000000000027,1.03,1.09,982.099716981132,32.98439497980903,0.03358558648317902,860.64,1114.63,981.8050000000001,35.612499999999955,951.5,1014.365,469.82342830188685,21.783257873594124,0.04636477570367318,355.7301,556.6351999999999,468.95035000000007,17.289525000000083,453.84020000000004,492.00525000000005,-504.43481411184445,42.42466245214429,0.08410335937410873,-612.0216013142094,-386.0916860910043,-514.4745998597363,68.55440838527994,-549.8709460212098,-442.1869088152327,-78.05891562296965,387.19963908556156,4.960351242269418,-799.9999999973033,630.2803738282057,-87.7984084879578,694.0691886157874,-516.9752281610561,439.1685449526691,4260.043964196413,16094.981641326827,3.7781257133948616,1.295856600909687e-07,139241.2556957765,2030.9791328674341,1663.0257915919149,403.86394125593944,4068.1333418512454,496.36722943468834,20.6921983394196,0.041687277306651005,348.75846500770814,668.8387096754581,497.79249447624125,19.097392977274126,473.17864315987765,517.366316318379,-140.72637460906293,378.90725213478237,2.6925105772439037,-799.9999999979303,606.6070199568085,-246.81695732280681,640.1381570310998,-549.6358003796302,388.00606916700946,4258.238484945755,15557.419427703839,3.6534871127346844,6.188738699596545e-08,136032.16208121774,2000.5783308512941,2378.434236513497,333.04562030009345,4526.706862394604,0.005196096362675918,0.9047539271451905,174.12181951095212,-0.9999999999990019,0.9999999999989783,0.025023518344287152,1.9935248885884866,-0.9999999999988958,0.9999999999988853,0.22403093803399587,0.0,0.39122223221512725,0.3847468297508769,0.006475402464250379,0.539616872020865,0.5271904761904762,0.027276571226392824,0.0517394991118887,0.36,0.71,0.53,0.020000000000000018,0.5,0.55,0.9801383473598039,0.53
SiCo15,85.4128,0.6263153161255509,109.0,58.81823905027431,468.0164727043799,422.3425129718253,0.9024095039443051,0.0,1286.12,533.39,869.825,0.0,1003.64,743.0792690982195,286.5832680477443,0.38566984703415047,85.8,1286.12,803.55,286.43999999999994,209.11,1046.87,0.6388990825688073,0.04007651968860296,0.06272746466427956,0.35,0.84,0.64,0.010000000000000009,0.62,0.66,0.38166666666666665,0.019649710204252664,0.051483956732145085,0.35,0.54,0.38,0.010000000000000009,0.37,0.39,1.023240740740741,0.041983874852131634,0.04103030024069263,0.97,1.26,1.02,0.022499999999999964,1.0,1.04,1116.9329357798167,36.309739596234145,0.03250843307870675,981.2,1286.12,1119.36,39.710000000000036,1079.584,1149.94,474.75266330275235,31.598339068397348,0.06655747615718031,243.3376,606.2859000000001,476.4023000000001,20.751499999999908,456.35963999999996,494.18116,78.67376,0.6313517402644123,109.0,58.81823905027431,447.7124651497437,394.35388178352514,0.880819526994289,0.0,1197.46,569.91,826.54,0.0,955.3720000000001,705.3635925925926,257.1247097987426,0.36452790092738657,78.76,1197.46,755.81,307.14750000000004,242.649,975.7,0.6440366972477066,0.04151089756455242,0.06445424255713247,0.46,0.91,0.64,0.020000000000000018,0.62,0.66,0.37768518518518523,0.01745929029366025,0.046227098473223344,0.32,0.51,0.38,0.010000000000000009,0.367,0.39,1.0214814814814812,0.04640431842162519,0.04542844801150516,0.84,1.26,1.02,0.022499999999999964,0.99,1.04,1013.7155963302753,33.01385009414815,0.0325671719105715,923.01,1197.46,1013.65,40.590000000000146,975.6999999999999,1044.78,454.28003853211015,34.00196087963678,0.07484801883312017,334.05899999999997,680.4170999999999,450.58969999999994,13.511300000000062,431.64967999999993,465.14292,-495.55719810199,20.527210448643118,0.041422484684355276,-556.1475879448773,-383.97790054862907,-492.85253495218103,28.281155646974696,-523.4708016981175,-473.03909335156607,-77.7038834996814,351.6470189521091,4.52547547316635,-799.9999999972273,622.4175824113644,-73.87041467132248,535.4421728507074,-578.5314141433594,376.51142455988855,4010.604210601739,14680.035922913843,3.660305318611241,0.0,132366.2651715953,1777.3815892585953,1278.5757713412872,709.6846826568125,4151.877013397775,527.3169641646183,26.358899895154476,0.049986823270255616,402.6373626333403,647.2423802591132,522.4496030599472,39.601009861682144,499.6795167670801,562.7961969265345,-74.58173300242132,353.7007817542461,4.742458608973603,-799.99999999707,629.6495956796172,-46.487106239222555,544.023258826313,-591.5005958086554,376.2591318080312,3971.7775476377133,15005.757271043372,3.778096102075138,0.0,136356.52638250505,1781.312068528399,1293.7086599276213,788.014460132499,4173.9658353415425,-0.009598083340686804,0.8970269749280374,93.45895942229754,-0.999999999999074,0.9999999999991444,-0.06543085252816415,1.9920455153489525,-0.9999999999988718,0.9999999999988981,0.2576670563899631,0.0,0.36864825973558774,0.37368468387444914,0.005036424138861406,0.0,0.5107834101382488,0.030249867294258763,0.05922249359439617,0.33,0.75,0.51,0.010000000000000009,0.5,0.52,0.9703274588428072,0.51
SiCo16,90.20088,0.6278442305962767,90.0,48.56551848187787,536.3312707977336,469.67407907550376,0.8757163802439482,0.0,1238.93,609.07,1018.3800000000001,0.0,1095.71,848.0341355106718,300.1540431347354,0.35394099195503936,90.31,1238.93,981.97,375.31999999999994,319.77,1117.71,0.7756666666666667,0.030223243446798446,0.03896421582445324,0.71,0.86,0.77,0.050000000000000044,0.739,0.81,0.4608988764044944,0.022165893906407587,0.04809274874183375,0.34,0.52,0.46,0.019999999999999962,0.44,0.48,1.2368539325842696,0.03621395552024694,0.02927908828757394,1.15,1.36,1.23,0.050000000000000044,1.2,1.28,1156.0963333333334,36.14250816636216,0.031262540260916176,1059.74,1238.93,1151.81,46.25500000000011,1116.6870000000001,1214.906,657.7918111111111,33.16401585819066,0.05041719172836941,549.5347,731.7189,660.2772,44.23705000000007,613.82871,697.07473,90.70248,0.6459213958089757,91.0,49.10513535389873,552.3829310189766,467.92333257384104,0.8470995505053339,0.0,1238.16,675.07,1008.7549999999999,0.0,1097.91,851.1330256196045,294.5976113596618,0.34612405169550986,90.97,1238.16,959.585,341.88,311.05800000000005,1122.319,0.7892307692307692,0.0756688965850388,0.09587676943071213,0.24,0.88,0.8,0.030000000000000027,0.77,0.83,0.4374444444444444,0.019064866529888667,0.043582371952440094,0.38,0.5,0.44,0.020000000000000018,0.42,0.4510000000000001,1.230777777777778,0.06667046285488014,0.05416937484936325,0.69,1.35,1.23,0.050000000000000044,1.2,1.28,1159.6562637362636,43.405562783424756,0.0374296799325174,938.63,1238.16,1157.31,53.680000000000064,1116.72,1209.78,671.7403725274725,70.5808775432168,0.10507166225181017,160.6715,757.4610999999999,680.0739000000001,46.669149999999945,636.8615000000001,717.9656000000001,-515.3363437314256,32.51528670444599,0.06309527185478048,-604.9913516178033,-343.6536180271363,-518.3008181240136,34.62122852022998,-552.8039917556106,-468.68327402050994,-9.212486364880531,331.3962462542017,35.97250873353415,-799.9999999956162,577.7777777716344,-53.640004107147796,520.5451086494032,-400.20280547513306,470.7027027015462,3330.6422020891787,14071.881810082223,4.2249755321214835,0.0,135011.17858542272,1397.5164874480502,1184.4403595134581,474.3543258627758,3825.79949002564,514.8646141387663,31.891461939039274,0.061941452302608516,363.01369862762544,639.012738848878,515.9016267312156,38.61985960660127,470.883184775555,551.9731877194787,68.06706552896492,353.24036096102003,5.189592914146038,-792.7614911302182,623.6749116557687,88.13377356181425,590.4606196567021,-354.52802684605507,522.693687727305,3361.6573982492787,14441.498178101641,4.29594585861675,0.0,139893.8244345641,1385.6326072633562,944.0683830381865,614.1163297840758,3175.3251928588747,-0.01584245772740034,0.8777900264855765,55.40743653429212,-0.9999999999991676,0.9999999999991651,-0.05315772770545201,1.9763280225961237,-0.9999999999990155,0.9999999999990442,0.27376562640525226,0.0,0.3540786041910244,0.37215576940372336,0.018077165212698976,0.539616872020865,0.615388888888889,0.04529365774696018,0.07360168259641174,0.1,0.72,0.62,0.030000000000000027,0.59,0.64,0.981910531222084,-0.62
SiCo17,69.564,0.6313517402644123,102.0,55.04092094612825,412.9609434301646,350.24195307422275,0.848123675241951,0.0,954.14,596.86,724.9549999999999,0.0,817.2120000000001,651.2776737891737,200.34086053115493,0.3076120502722776,69.96,954.14,688.6,158.62,313.038,855.58,0.6882352941176473,0.06966884926742244,0.10122824237823085,0.33,1.05,0.68,0.027499999999999858,0.66,0.7190000000000001,0.4058415841584157,0.01457431123537203,0.035911330352415984,0.34,0.46,0.41,0.009999999999999953,0.39,0.42,1.0975247524752476,0.05824845964213392,0.05307257030667745,0.75,1.42,1.09,0.030000000000000027,1.06,1.13,899.6155882352942,25.123110428351733,0.027926495224038807,785.07,954.14,906.73,22.467500000000086,876.48,919.919,448.2322813725489,44.41724078554547,0.09909424785166002,215.3624,680.9164999999999,447.23415,15.133800000000122,429.84370000000007,464.20693,68.86088000000001,0.6279341667416135,101.0,54.50130407410739,418.4459159996403,358.77109465249265,0.8573894043022364,0.0,920.48,602.69,753.115,0.0,833.3820000000001,663.6157419077629,208.1864591968939,0.3137153717874227,68.97,920.48,718.3,164.4224999999999,289.641,853.49,0.6912871287128713,0.04350175520156739,0.06292863461762409,0.64,1.01,0.68,0.029999999999999916,0.66,0.71,0.40989999999999993,0.023642969356660767,0.057679847033376246,0.28,0.55,0.41,0.009999999999999953,0.4,0.42,1.1010999999999997,0.04483068145812641,0.040714450474445524,1.04,1.34,1.09,0.030000000000000027,1.07,1.13,879.3944554455446,21.133471292285996,0.024031845051325353,778.69,920.48,879.56,22.769999999999982,858.77,905.41,458.74902079207914,22.907442475059977,0.04993458609559079,427.713,631.5903000000001,456.2657,17.782599999999945,439.93510000000003,476.25710000000004,-482.3189458095648,27.43417220568973,0.056879731646421273,-607.0939062779183,-306.0901339795583,-481.7939684704296,34.121075165194895,-514.0641692320822,-449.53296860398063,-19.497954553447435,332.5413789824029,17.055193048778083,-799.9999999958155,639.893617013541,-1.3958500065078652,507.07794800359056,-447.76148975570186,383.00718629968947,4042.0040009583067,15899.045888315066,3.9334562470847816,3.5318367816018737e-07,140446.9321447906,1585.6677484816357,1180.0235040005855,723.6319534702384,4315.840971400747,509.92939530621646,24.21320956589311,0.04748345513854013,354.83528161187485,618.4161800305338,507.19776236754115,28.290215826862493,484.6175501012101,540.9419646387308,7.85235063318791,318.1177815801876,40.51242696615615,-799.9999999961233,599.2115637283526,61.650927185910106,439.9457467624564,-417.43453156676304,367.8786442622588,3926.6289568504703,15293.08134639832,3.8947100717815033,2.002930132688983e-07,134517.88043013986,1482.8343459645675,1272.8048539503816,657.6707494034895,4607.2442436075,0.003018968409627644,0.8876236620006863,294.01545413809436,-0.9999999999989136,0.9999999999989335,0.0016315875346699744,1.9999999999968718,-0.9999999999986956,0.9999999999986623,0.2592859070060257,0.0,0.37206583325838655,0.36864825973558774,0.0034175735227988113,0.539616872020865,0.5487623762376237,0.036382905493861764,0.06629992689551188,0.19,0.72,0.55,0.020000000000000018,0.53,0.57,0.9794982116095036,0.55
SiCo18,62.418400000000005,0.6285637197589712,102.0,55.04092094612825,307.806711035165,275.51717145855787,0.8950980000763747,0.0,834.35,373.89,507.98,0.0,712.272,487.56090570897123,183.6410090584558,0.3766524487664642,63.69,834.35,476.41,215.15999999999997,218.59200000000004,767.712,0.6851960784313726,0.06132092359786998,0.08949397907932968,0.54,1.13,0.67,0.010000000000000009,0.66,0.7,0.4071287128712871,0.03172707353937647,0.07792885261688252,0.13,0.45,0.41,0.019999999999999962,0.4,0.42,1.0937623762376238,0.06099588502836153,0.05576703523338502,0.99,1.57,1.08,0.030000000000000027,1.06,1.12,798.9235294117645,27.964524923730057,0.03500275545055597,640.75,834.35,804.1,21.94500000000005,776.2479999999999,822.338,334.0748205882353,23.220566065528985,0.06950708234931612,263.8295,454.2846,329.83060000000006,11.082225000000108,321.95811999999995,344.91193000000004,61.09136000000001,0.6183109991905746,102.0,55.04092094612825,293.093501214138,267.75494727949103,0.9135478820560822,0.0,823.9,337.04,504.9,0.0,675.9720000000001,471.557312,180.1340743108162,0.3819982634696887,61.27,823.9,475.75,215.435,224.62,747.3620000000001,0.6735294117647059,0.07154659881234582,0.10622639109205505,0.32,1.08,0.67,0.020000000000000018,0.65,0.69,0.41673267326732677,0.022563832923951078,0.05414462152174986,0.33,0.56,0.41,0.010000000000000009,0.4,0.43,1.0900990099009902,0.08734244711666048,0.08012340736321746,0.75,1.64,1.08,0.020000000000000018,1.06,1.12,778.3513725490194,58.34348869090631,0.074957777102342,462.44,823.9,791.89,19.524999999999977,766.6890000000001,805.497,317.803631372549,28.220460987768302,0.0887984220501173,112.06360000000001,384.3862,319.58355000000006,11.033275000000003,308.5731,333.23509999999993,-482.724935040043,26.488290739497888,0.0548724311024989,-643.8950554935886,-342.17844727333636,-479.05268094351175,25.495948922600803,-515.2748978601943,-456.8563327297116,29.62489054509426,412.25389287158697,13.915794633237503,-799.9999999965872,654.1551671248247,67.7730192717837,753.9732973877882,-461.8379853892571,592.6183589989209,4213.8233005133125,16446.947952376755,3.9030938839721503,2.557452832303939e-07,145202.5191705906,1896.5035253558026,1845.7109750806544,499.6693966621202,4196.177137056625,505.1182278481432,33.01492360007238,0.06536078442596314,321.27659573950234,666.7409057119071,503.1397174182512,34.3522839868167,469.5257528279851,540.6235523996179,-38.585022327072664,418.8814158879034,10.8560625500311,-799.999999996908,684.4583987343449,-45.33844189003443,744.3994605781144,-496.25122113980336,560.7365676048215,4382.719585252777,16591.547066522573,3.7856738821135085,1.9627106521128993e-07,148446.17190685504,2011.1005481577524,2060.266969842763,602.57371386072,4646.308076026693,0.004587448446421062,0.8882324820196481,193.62229325766418,-0.9999999999987863,0.9999999999988015,0.016098390160969197,1.9999999999941243,-0.9999999999980353,0.9999999999983733,0.24687471894954582,0.0,0.3816890008094253,0.37143628024102887,0.010252720568396545,0.0,0.5450738916256158,0.05347408062461993,0.09810427787512586,0.18,0.97,0.54,0.025000000000000022,0.52,0.57,0.9644431142449925,-0.53
SiCo20,112.27744000000004,0.6191204244986059,99.0,53.42207033006566,601.6181554096592,536.1437974680449,0.8911695776569076,0.0,1599.84,727.1,1054.405,0.0,1299.98,966.4355999418942,338.5193611810913,0.35027617070510864,112.42,1599.84,1019.095,317.10249999999996,396.6600000000001,1380.258,0.6951515151515152,0.0668537320394554,0.096171453972466,0.1,0.82,0.69,0.029999999999999916,0.67,0.732,0.4276530612244898,0.03669513175763971,0.08580584356572937,0.22,0.48,0.43,0.010000000000000009,0.42,0.45,1.128877551020408,0.03927617164781489,0.03479223373475748,0.97,1.27,1.13,0.039999999999999813,1.1,1.17,1457.5666666666668,75.22496408920527,0.05160996461395956,943.03,1599.84,1457.83,73.58999999999992,1388.4199999999998,1527.196,671.9850000000002,72.53511618698904,0.10794157040243618,51.40299999999999,842.7936000000002,670.1045999999999,33.64570000000015,645.0089800000001,719.58128,113.76728,0.6121953413076715,99.0,53.42207033006566,591.9064385286447,532.8741927146569,0.900267606546687,0.0,1550.01,734.03,1032.955,0.0,1294.2820000000002,961.4081768767446,333.84726218621876,0.34724820343261104,113.85,1550.01,995.94,293.0949999999999,413.13800000000003,1399.64,0.6875757575757575,0.026594254300502874,0.038678289583085564,0.58,0.79,0.69,0.029999999999999916,0.67,0.72,0.44000000000000006,0.028642768079662033,0.06509720003310188,0.25,0.51,0.44,0.020000000000000018,0.427,0.46299999999999997,1.1277551020408163,0.0445735029793119,0.03952409779315241,0.91,1.27,1.13,0.039999999999999813,1.09,1.17,1464.4933333333333,63.879444963844904,0.043618802154875826,1159.95,1550.01,1476.64,45.54000000000019,1423.664,1514.5459999999998,661.0409555555556,30.350582899330536,0.04591331693476878,563.6224000000001,765.6109999999998,659.8811999999999,31.148699999999963,632.98488,696.9525199999999,-507.84736889002374,29.24640922608563,0.05758897459673845,-633.9731285933173,-393.70601246660385,-507.9047245690116,41.793171986412176,-544.5532487258047,-468.88179404286893,-7.024317142975848,332.1926184388549,47.29180241011012,-799.9999999963195,540.9090909053657,19.24363100134513,467.5315958197377,-501.4158403141545,408.19373335298775,3693.5135739999305,14905.901155311863,4.035696866050859,1.5441749879150785e-07,134108.65830055936,1527.808082678877,1054.788115805859,749.4944994973679,4309.360881193568,514.1402468541836,35.37689541989566,0.06880787029664334,381.9194515822863,609.7293056094994,517.3002503978257,49.945649840943474,465.2547399257873,555.4427520938384,51.91666022197742,347.09131657083145,6.685547858435139,-799.9999999963121,610.953657600324,87.9456351279875,512.4931266603759,-473.26007842238164,477.4193151371033,3933.540526185005,15518.351543846235,3.945135798281189,2.2736810500416553e-07,138894.41549638248,1685.9847327506764,1130.6810505744847,771.8178911211844,4117.476002583817,0.0025187212514118595,0.8998757913952921,357.274721693061,-0.9999999999993353,0.9999999999993497,-0.011751380433236097,1.9999999999978741,-0.9999999999990401,0.9999999999990741,0.23131576580627755,0.0,0.38780465869232844,0.380879575501394,0.0069250831909344335,0.0,0.5639086294416243,0.02626402021816245,0.04657495700605578,0.45,0.67,0.56,0.029999999999999916,0.54,0.59,0.9802519833034464,0.56
SiCo21,115.05120000000001,0.6273945498695926,105.0,56.65977156219085,603.2740021584675,535.7821123596689,0.8881239875111375,0.0,1617.33,789.47,1029.27,0.0,1338.304,957.8792746559634,346.20502131336485,0.36142865857218603,115.06,1617.33,977.845,341.74249999999984,376.91499999999996,1417.79,0.6643809523809523,0.02884849784069179,0.04342162082444622,0.44,0.77,0.67,0.010000000000000009,0.65,0.68,0.3983653846153847,0.010840679878895336,0.027212906217112538,0.33,0.42,0.4,0.010000000000000009,0.39,0.41,1.0649038461538463,0.02303822877755799,0.021634092917526725,0.95,1.16,1.065,0.010000000000000009,1.05,1.09,1478.359142857143,37.707882821558066,0.0255065780218037,1318.24,1617.33,1478.62,33.22000000000003,1443.9479999999999,1515.558,636.3967447619048,31.05549912998612,0.04879895974571039,455.4318999999999,800.4315000000001,634.3337,18.349099999999908,613.04144,657.21326,114.84176000000002,0.6026621099019696,104.0,56.12015469016998,590.4025281050455,539.1634470598474,0.9132133102299407,0.0,1535.71,769.34,1040.9850000000001,0.0,1319.6920000000002,974.662099686614,332.37137106103694,0.3410118964998888,115.28,1535.71,1000.01,311.4100000000001,442.42,1417.79,0.6410576923076923,0.02004409894125611,0.03126723093803575,0.55,0.68,0.64,0.020000000000000018,0.62,0.66,0.4242718446601943,0.017714123691298614,0.04175182462021324,0.39,0.5,0.43,0.030000000000000027,0.4,0.44,1.0654368932038836,0.019989157207891455,0.01876146519482767,0.97,1.13,1.07,0.020000000000000018,1.05,1.08,1474.1290384615386,37.748557295896724,0.025607362931583694,1305.81,1535.71,1478.4,37.125,1446.236,1510.74,627.3794788461539,16.27662393774294,0.02594382584469001,558.5789000000001,664.2262000000001,626.64635,16.767299999999977,609.4669899999999,647.9353100000001,-505.14499328369163,14.772441327138026,0.02924396267115433,-639.1780821878009,-410.852865864933,-507.24029267031295,19.865198643397264,-521.4874974427586,-485.8878493555442,52.659539232738716,359.52710035319564,6.827387888021025,-799.9999999963654,615.1857835195507,64.85587985517688,530.1712977760403,-446.7731425369823,519.9306621274484,4189.171240257937,16549.97958694363,3.95065721541635,1.8172577291406204e-07,141322.3054994722,1663.7177324414015,871.4179182913861,876.1624339334691,4698.088758742851,511.14916656919974,18.33483718181817,0.03586983679313134,385.17956499569976,592.0428636564772,513.498421946508,21.36242811791635,489.34176622107657,527.7563224112622,21.045779615887195,377.5796059704714,17.94087046637609,-799.9999999963121,675.7462686509858,-3.3374844333710554,621.368386509716,-505.0100971242821,509.46809793696406,5064.796935973603,17065.295683384404,3.3693938570709117,44.190133402221925,147575.36393269585,1980.0623787015265,1439.4848675116273,1075.8842990351818,5779.464677036025,0.011933038876022229,0.9045095450374285,75.79875324601184,-0.9999999999993479,0.9999999999993344,0.02538354253833821,1.9999999999977125,-0.9999999999990631,0.9999999999990341,0.2300566597715622,0.0,0.3973378900980304,0.3726054501304074,0.024732439967623088,0.539616872020865,0.5324519230769231,0.017520526317882732,0.03290536765034124,0.43,0.63,0.53,0.010000000000000009,0.52,0.55,0.988543586915262,0.53
SiCo22,88.9592,0.6130047666157028,111.0,59.89747279431604,515.1943439158198,451.44518680341974,0.8762619235515275,0.0,1371.59,696.41,924.4950000000001,0.0,1061.39,836.418955399061,256.2839966787489,0.3064062513458554,89.21,1371.59,891.2750000000001,185.56999999999994,391.38,1101.98,0.6140540540540539,0.04894156063550201,0.07970236534175121,0.16,0.75,0.62,0.030000000000000027,0.59,0.64,0.3881818181818183,0.021113624131516177,0.054391069051141945,0.25,0.42,0.39,0.017500000000000016,0.38,0.4,1.0063636363636363,0.03431742925123069,0.034100426503020136,0.87,1.16,1.01,0.030000000000000027,0.98,1.04,1156.2189189189187,45.130874838586145,0.03903315721623473,1078.33,1371.59,1156.43,54.67000000000007,1101.65,1201.09,513.6064504504506,44.80470974201376,0.0872354887728362,140.52390000000003,644.7628,509.3242000000001,34.758350000000064,491.23909999999995,550.8701,89.21528,0.618131126899901,111.0,59.89747279431604,509.8867326198399,443.40337134989545,0.8696115097382175,0.0,1198.89,696.52,917.1800000000001,0.0,1057.5620000000001,820.4886716135604,255.47419037932985,0.3113683335524997,89.43,1198.89,864.6,262.78999999999996,374.6820000000001,1102.97,0.6191891891891892,0.028447363599092664,0.04594292673358971,0.46,0.71,0.62,0.020000000000000018,0.6,0.64,0.38563636363636367,0.014430225395283255,0.037419254817657704,0.32,0.43,0.39,0.010000000000000009,0.37,0.4,1.0047272727272727,0.030591415638113295,0.030447482056127753,0.86,1.11,1.0,0.030000000000000027,0.98,1.04,1143.3964864864865,35.10370457718972,0.03070125279554451,964.48,1198.89,1145.21,39.05000000000018,1103.52,1188.22,508.0377153153154,25.922439765950173,0.05102463652685765,374.83709999999996,569.1212999999999,508.7324000000001,16.334999999999923,492.9386,529.3915000000001,-511.1737093310807,32.94280285894428,0.06444541700313308,-690.1134521854644,-326.63408674223007,-514.6374070777891,39.51214010541344,-545.4173137050129,-466.4572192499196,-55.057998055872105,385.83988845273876,7.007880817863843,-799.9999999976853,656.2982005122217,-70.15860103493517,658.7018428807269,-516.08886883589,432.1091804028023,4606.8254631268355,16606.284767658188,3.6047132457202395,2.8494010705063576e-07,142065.4312167639,2022.8403828211274,1380.6652263988906,1037.8097988682082,4847.120169148171,484.12502346160943,28.97150055082362,0.059843013987607246,333.10696094819343,618.8896232642926,488.2336500832254,33.67008028613458,446.4288670709048,512.5275804954669,-121.65681946286196,350.19257323970163,2.8785280988192032,-799.9999999981962,585.5670103068923,-148.5900860787547,572.6389339944112,-546.3980273590482,344.37471939625306,4287.020066281016,15751.690843314278,3.67427504415093,6.758439347942048e-08,135535.01968899375,1791.6770317714358,1310.0659021744368,768.3624219778484,4778.608393258287,-0.0037358299767719172,0.8992426575712418,240.70753285210608,-0.9999999999991367,0.9999999999990664,-0.00016061676839052263,1.989768827101469,-0.999999999998896,0.9999999999988887,0.23113589351560393,0.0,0.3818688731000989,0.38699523338429714,0.005126360284198217,0.0,0.5023981900452489,0.02293300880067127,0.04564707677979237,0.33,0.6,0.5,0.020000000000000018,0.49,0.52,0.980116472078087,0.51
SiCo23,72.7144,0.6177713823185538,99.0,53.42207033006566,441.5450849896574,382.6658310849608,0.8666517737210405,0.0,1017.17,576.18,801.35,0.0,875.82,711.6252787887611,214.74258367221296,0.3017635686543049,73.15,1017.17,780.89,168.08000000000004,319.63800000000003,900.02,0.6938383838383838,0.04749709338703058,0.06845555741067008,0.25,0.77,0.7,0.010000000000000009,0.68,0.71,0.4296938775510204,0.011379724327984607,0.026483328937238784,0.38,0.46,0.43,0.020000000000000018,0.42,0.44,1.1280612244897958,0.01893372777559174,0.0167843086419098,1.09,1.21,1.13,0.01749999999999985,1.11,1.15,938.5733333333336,26.874292135380568,0.028633129858812587,871.42,1017.17,939.4,36.35500000000002,906.312,970.904,493.7529333333333,35.05919108428551,0.07100553478746828,183.25010000000003,577.0468,495.4015,13.56574999999998,483.88185999999996,510.63408,72.96168,0.6166022124291752,99.0,53.42207033006566,436.6993272776329,381.1861773367974,0.8728801569542705,0.0,1015.08,520.41,801.68,0.0,883.3,704.5066161026838,220.22756652993877,0.3125982943182572,73.59,1015.08,776.435,224.07000000000005,307.89,904.365,0.6925252525252525,0.020760463315095894,0.02997791518708693,0.52,0.73,0.69,0.010000000000000009,0.68,0.71,0.43377551020408167,0.013210640896752786,0.030455017758108233,0.41,0.51,0.43,0.010000000000000009,0.42,0.44299999999999995,1.126122448979592,0.025936840596436292,0.023031989635679786,0.94,1.21,1.13,0.019999999999999796,1.11,1.15,942.9677777777777,22.33561320590842,0.023686507357145777,893.64,1015.08,938.85,28.545000000000073,917.444,970.31,487.8886222222222,16.066222741085493,0.032930103325374875,379.11280000000005,530.3430000000001,488.3571,12.042799999999943,476.20781999999997,501.69635999999997,-522.072402220374,30.961256792801986,0.059304526845442226,-651.7934002784427,-415.48830811502376,-520.6250824205812,34.078466835835115,-559.5174961690689,-482.80796140329176,-23.53229379498578,396.438913356838,16.846590340651957,-787.4927620109097,595.3736654756117,-10.917276308370957,721.2443224987537,-580.057950659352,475.1105495104501,3730.895116468974,14643.16937369401,3.924840800013912,47.634395872176896,132829.86269709573,1872.6658337059114,1259.4308649365196,969.8927966970693,3199.8902734229114,512.3437346100915,26.418918365720266,0.051564831539853355,419.15535444851423,630.5904522604063,506.9399260785375,30.864164973850393,484.71844588947795,549.2653256181106,34.9908477497799,409.94590127236603,11.71580363505851,-787.8646440989937,675.4901960709059,79.42663245637276,722.5048537050507,-558.8551697230794,556.1546255813342,4006.2038237675133,15880.757040653025,3.9640412068985755,45.99853629618253,141052.45915601568,1954.879732206387,1312.406717929648,991.8614222397193,3479.51644266444,0.004413558389044294,0.8942282924576916,202.60932586008013,-0.9999999999989527,0.9999999999989989,0.05130168453288036,1.9827075343125489,-0.9999999999987972,0.9999999999987673,0.23437359474772912,0.0,0.3833977875708247,0.38222861768144617,0.0011691698893785407,0.0,0.5631472081218275,0.018585613529729962,0.03300311753069396,0.39,0.63,0.56,0.009999999999999898,0.55,0.58,0.9900520236999829,0.56
SiCo25,83.9432,0.6041010882273585,99.0,53.42207033006566,475.8862757442216,421.59064736430776,0.8859062949527411,0.0,1162.15,598.73,856.9,0.0,981.75,784.0006074140241,233.02849763189585,0.29722999628817665,84.26,1162.15,839.63,182.70999999999992,391.33600000000007,1038.334,0.6784848484848485,0.06120612031791414,0.09021000301537457,0.18,0.83,0.67,0.029999999999999916,0.65,0.702,0.4448979591836735,0.01499965291837793,0.03371481611690333,0.42,0.48,0.44,0.030000000000000027,0.43,0.46299999999999997,1.128469387755102,0.0435503940050202,0.03859244605036549,1.07,1.3,1.12,0.039999999999999813,1.09,1.18,1084.2233333333331,33.49080968464831,0.030889216875321594,996.16,1162.15,1084.82,48.289999999999964,1045.0,1124.266,531.9325333333334,48.102619446992925,0.09042992566269524,151.4348,646.3413,530.1241,21.476949999999874,507.99100000000004,554.10278,79.2088,0.606259555715442,99.0,53.42207033006566,453.12182570375023,398.3151348110972,0.8790464555345332,0.0,1103.08,576.51,809.8199999999999,0.0,927.542,742.5346758641151,220.99552227278718,0.2976231675851487,79.53,1103.08,791.89,176.11,369.71,978.01,0.680909090909091,0.03130465835186655,0.045974798580081334,0.53,0.8,0.68,0.03499999999999992,0.65,0.71,0.4460204081632654,0.021320671004410274,0.047802007635497815,0.41,0.53,0.44,0.020000000000000018,0.427,0.47,1.126938775510204,0.04766824475145162,0.04229887705085991,0.97,1.32,1.12,0.039999999999999813,1.08,1.1729999999999998,1026.6755555555555,34.46349279748745,0.033568046507939854,924.33,1103.08,1021.79,46.530000000000086,985.8639999999999,1072.786,505.59861111111115,28.504836914633927,0.05637839244046752,414.52619999999996,625.7273,502.7231,31.678350000000023,479.08168,537.3841,-511.835840489344,32.37621048798725,0.06325506720469304,-647.2877023556138,-414.4976076546009,-511.00220534125884,27.94432831210571,-551.7639712105832,-473.3132544649965,-46.97453960579721,364.86461991119916,7.767284638983525,-775.9733036628984,545.5864570677631,-77.69355711955788,680.4096656707543,-555.5605204520717,431.66476896748344,3582.3399267722616,14122.673871760719,3.9423042370190435,10.014406550579961,130542.19397349238,1682.836252041269,1421.8782276091872,725.313446588239,3368.971323362619,516.8301865104069,44.61724809328538,0.08632864189773994,354.0368722176674,636.7962768344408,521.7484713262695,49.74436893495118,453.7593491662347,567.5951717726463,-83.08942423926024,365.578075232555,4.399814760726401,-762.550881949164,548.7248322080692,-113.82645416141742,659.4850846283116,-586.5353037759535,415.46961325445164,3650.7046948160987,13888.17467310089,3.804244888067204,50.45797005931687,125226.56390988255,1877.201450016992,1127.4453711670074,958.7901292401225,3210.7028042560596,0.0019064404052789904,0.9023115144691349,473.2962219403171,-0.9999999999990776,0.9999999999990418,0.028592110025311254,1.991827713110663,-0.9999999999987782,0.9999999999988155,0.2103606439428006,0.0,0.39374044428455796,0.3958989117726414,0.00215846748808346,0.0,0.5635025380710661,0.026301960777978438,0.04667585140137473,0.42,0.67,0.56,0.019999999999999907,0.54,0.59,0.9801735355686347,-0.56
SiCo26,73.5328,0.6313517402644123,92.0,49.644752225919596,452.33581886860327,389.05868303173577,0.8601102694100184,0.0,987.58,547.8,848.98,0.0,895.7520000000001,713.9801025641026,232.319306739437,0.3253862480267838,73.59,987.58,813.2850000000001,269.9675000000001,302.37900000000013,912.23,0.7630434782608696,0.053886739726360176,0.07062079840923109,0.45,0.97,0.76,0.030000000000000027,0.74,0.8,0.4504395604395605,0.014135302848541075,0.0313811309187986,0.39,0.48,0.45,0.020000000000000018,0.43,0.47,1.2169230769230768,0.0472471246335366,0.038825070779472184,0.96,1.43,1.21,0.040000000000000036,1.18,1.26,927.7710869565216,27.278714287267125,0.0294024190565405,838.97,987.58,930.2149999999999,36.575000000000045,896.962,962.258,544.7978608695652,39.453916603837946,0.07241936769133449,345.6222,722.3095000000001,544.3031,23.74927500000001,523.8479400000001,570.63809,73.72816,0.6215487004226998,91.0,49.10513535389873,445.139440597176,386.6603079774591,0.8686273843941285,0.0,1026.85,542.41,823.68,0.0,878.35,713.9610085371148,222.50384941461613,0.3116470602088038,74.03,1026.85,806.3,231.22000000000003,319.44,908.82,0.7594505494505492,0.021036997099178677,0.027700285537614444,0.71,0.81,0.76,0.030000000000000027,0.74,0.79,0.46022222222222225,0.023427323922566128,0.0509043734536349,0.4,0.61,0.46,0.019999999999999962,0.44,0.48,1.219888888888889,0.031780302929975184,0.02605180126926955,1.15,1.32,1.2149999999999999,0.030000000000000027,1.189,1.26,943.7214285714286,34.79639878333466,0.03687147258695961,855.25,1026.85,945.23,39.710000000000036,897.93,985.82,542.2180802197802,17.30871474086068,0.0319220538234596,507.0769,599.4164000000001,541.134,22.927300000000173,518.9458999999999,565.5584,-529.2820132035544,39.665661944667384,0.07494239546231772,-639.7722095663149,-366.05795950642005,-540.7136537678439,47.62967439145331,-566.8592531488708,-464.2643501709739,-105.187906650446,371.2711928620995,3.529599596390444,-799.9999999918466,595.3757225355309,-220.61135030429216,646.2947453564058,-560.7919798036158,432.9931701666133,3435.144961901516,14392.850527351171,4.1898815587042515,3.8900866931224507,138168.9946049585,1605.0530987936781,1741.2382110209162,442.9084335738408,3442.417191490341,550.7075415368355,29.03356962440411,0.052720486709386026,419.2513368966973,634.5344519315406,553.4907863995547,32.998605499322025,507.6521739103681,584.3176038421431,-85.3797377590502,383.08726505297324,4.486863922323061,-799.9999999953291,606.6763425173945,-183.45864661629548,658.6945602362921,-560.8825729235043,483.9423679255796,3561.0346060410184,14842.37959606558,4.167996449931284,7.931240027079949,139235.87307009645,1703.5287283849198,1594.499506054562,545.1192681817107,3432.036924269425,0.005211146153938806,0.8881229882279492,170.42753965538435,-0.9999999999990261,0.9999999999989875,-0.001373500595182429,1.9999999999974607,-0.9999999999988219,0.9999999999988648,0.25290044068711215,0.0,0.3784512995773001,0.36864825973558774,0.009803039841712491,0.539616872020865,0.6084615384615385,0.03278042423486542,0.05387427488658469,0.36,0.8,0.61,0.030000000000000027,0.581,0.63,0.9861109853162575,-0.6
SiCo28,74.3424,0.6362082921126001,94.0,50.72398596996133,476.5573855562551,395.3273186263247,0.8295481942097167,0.0,1031.69,617.76,862.73,0.0,910.69,745.8065465083404,215.13472250854412,0.28845915005098416,74.47,1031.69,843.15,232.5675,399.949,923.89,0.7525531914893616,0.03908354853912502,0.051934599346846196,0.59,0.91,0.75,0.03750000000000009,0.713,0.8,0.43247311827956986,0.017392119954533772,0.04021549358606663,0.4,0.5,0.43,0.020000000000000018,0.42,0.45,1.186774193548387,0.04166330197999816,0.03510634303592406,1.11,1.4,1.18,0.030000000000000027,1.14,1.23,942.2143617021276,21.207380467533078,0.022508020817257602,904.42,1031.69,939.0699999999999,20.514999999999986,920.293,966.383,561.2590968085107,28.47069773199243,0.05072647890044851,483.65020000000004,689.7242000000001,559.72345,27.675174999999967,533.5118800000001,594.6743,73.6208,0.6377372065833259,94.0,50.72398596996133,461.6011251011782,385.23590936625044,0.8345644939253044,0.0,983.62,576.95,835.67,0.0,891.7040000000002,721.0901466647864,216.20454328958076,0.2998301173428571,73.7,983.62,812.24,233.80499999999995,385.11,911.68,0.7543617021276595,0.04718813659597755,0.06255372774138823,0.4,0.87,0.75,0.030000000000000027,0.73,0.79,0.4287096774193548,0.017550284527400574,0.0409374581700795,0.38,0.48,0.43,0.020000000000000018,0.41,0.45,1.1827956989247312,0.05594478059769659,0.04729876901079088,0.82,1.34,1.18,0.050000000000000044,1.13,1.228,936.7447872340425,22.388259400794958,0.023900062968994593,874.5,983.62,937.53,35.97000000000003,906.9499999999999,964.865,543.9627904255319,38.81608123438638,0.07135797138614929,272.0256,640.4508000000001,544.1793500000001,29.791850000000068,513.33106,571.92267,-488.41480389137536,33.09145803571471,0.06775277442861166,-546.5735878051788,-364.1112618713331,-499.9999999994336,20.01163191626813,-514.7843548443705,-431.86691773422183,-97.6290313809305,319.6952929245935,3.274592489542652,-785.6733524252973,520.9756097514769,-173.40680045079915,492.59000332619394,-469.59973880978606,399.6880131985663,3225.3753765362044,13114.819215748234,4.0661373281234745,15.73440385783087,126590.09977743312,1417.4373481705481,1434.654339372486,465.2547730111359,3579.233173384548,505.7402857472126,23.72177706714406,0.04690505727074738,397.99999999698485,653.9130434717991,505.64585115427144,24.303509645997167,483.6257309890098,532.6066604246566,-69.81297312592318,322.6759954124614,4.622006211163958,-799.999999993489,577.537212442151,-120.23745277912938,506.657477594739,-477.6988636355925,422.26537216745663,3304.2110050240435,13526.272073514585,4.0936465779406435,18.543610198325418,130935.44385608015,1491.947909342711,1322.7492738895069,629.8064221486972,3357.3948847147203,0.006686571195456575,0.8722093026328499,130.4419180915302,-0.9999999999989834,0.9999999999990079,0.03681942812374318,1.993786222118016,-0.9999999999988142,0.9999999999988604,0.2739454986959259,0.0,0.36226279341667417,0.36379170788739995,0.001528914470725784,0.0,0.5914438502673797,0.0357434531178846,0.060434228948853704,0.23,0.71,0.59,0.020000000000000018,0.57,0.62,0.9806572257349947,-0.59
SiCo30,93.368,0.6002338339778757,105.0,56.65977156219085,513.174415864736,455.1641100590153,0.8869579152560516,0.0,1283.15,680.13,915.5849999999999,0.0,1070.1460000000002,850.1568219958048,246.85269109495903,0.29036136005491797,94.93,1283.15,886.27,195.00249999999994,470.712,1150.611,0.6356190476190478,0.04686198194137678,0.07372652226705538,0.22,0.72,0.64,0.020000000000000018,0.61,0.66,0.4274038461538462,0.020615303889049755,0.04823378176478877,0.4,0.51,0.42,0.010000000000000009,0.41,0.45,1.0634615384615385,0.057038604180536405,0.053634853790214834,0.65,1.23,1.06,0.040000000000000036,1.03,1.1,1208.6988571428572,38.54250226177122,0.03188759717440848,935.55,1283.15,1212.86,38.17000000000007,1179.728,1241.812,540.3758695238096,47.21158773977124,0.08736805324280617,157.1746,679.3721,541.3111,18.682399999999916,517.28886,559.7732800000001,91.13368000000001,0.5969061966004137,104.0,56.12015469016998,486.88278352369815,439.04579071715,0.901748440433155,0.0,1258.18,639.43,882.8050000000001,0.0,1026.344,811.6662000904023,247.20480642988724,0.30456461831483106,91.85,1258.18,845.24,242.33000000000004,430.276,1120.1740000000002,0.6375961538461539,0.02943360168725574,0.04616339271110849,0.6,0.77,0.63,0.020000000000000018,0.61,0.67,0.4296116504854368,0.018794872782409728,0.043748517335188815,0.38,0.51,0.43,0.020000000000000018,0.41,0.45,1.06747572815534,0.0368075141811824,0.03448089092414966,1.02,1.19,1.06,0.03500000000000014,1.03,1.11,1186.759326923077,31.96539484843256,0.02693502728247574,1027.07,1258.18,1187.45,33.00000000000023,1153.097,1221.022,517.6376192307692,25.693136197702078,0.049635372784214364,476.9776,615.7899000000001,513.2825499999999,23.760000000000048,491.05265,546.0888400000001,-497.58738397959365,25.38711018445913,0.05102040566496607,-581.119529920321,-387.51281525455755,-504.6379027606576,26.984170389225653,-522.0757016386398,-459.9999999980863,-21.633064697980352,381.7228779842291,17.645344443601704,-775.9092231576801,589.7058823489992,-56.533623094484014,686.0544394372085,-555.6530036131079,475.8982953343002,4057.3466180595838,15577.41983199913,3.8393120673148586,28.27146616480058,135847.75883767873,1752.005747840885,1733.2153036248667,721.5599446013942,3957.8497022366723,514.5257355382355,43.150963000084936,0.08386550957429112,385.98917618690933,652.1660899645774,520.2681274319259,51.73075167988776,455.3467708447378,565.9921778054897,12.297851638037713,380.5404874271365,30.943655737329514,-771.0978043884194,608.4415584370688,46.499021231678554,675.8846169757228,-543.3773938722177,474.8783175264712,4129.450904519183,15759.599641425815,3.8163910906835166,38.35932672340165,134200.73225258253,1947.3193945382923,1525.2356178796524,955.8353954275522,3875.815157842047,0.007522463277124063,0.9093983779364705,120.89101980875678,-0.9999999999991648,0.9999999999991608,0.027551867219896213,1.9944468135438578,-0.9999999999988617,0.9999999999989244,0.1971400305782894,0.0,0.4030938033995863,0.3997661660221243,0.0033276373774620005,0.539616872020865,0.5317307692307692,0.036319689184865105,0.06830465945971585,0.13,0.65,0.53,0.020000000000000018,0.51,0.5530000000000002,0.9779756774463326,-0.53
SiPt05,79.73152000000002,0.6669664538177894,92.0,49.644752225919596,488.4659762568576,383.18156364055284,0.7844590662713306,0.0,1169.08,628.54,818.84,0.0,929.06,729.4002251887811,213.8386683269922,0.29317055430213773,80.19,1169.08,769.01,246.67500000000007,427.57,969.925,0.8060869565217392,0.8863530022583985,1.0995749205314425,0.3,8.58,0.65,0.07250000000000001,0.62,0.74,0.40692307692307694,0.10288895441194401,0.25284620114712125,0.02,0.49,0.44,0.040000000000000036,0.29,0.46,1.2185714285714286,0.8342985096113485,0.6846529381578979,0.8,8.61,1.09,0.10999999999999988,1.03,1.21,1054.4839130434782,64.87168083084116,0.061519839258187776,805.53,1169.08,1069.695,46.227499999999964,994.884,1103.9379999999999,587.9600076086957,687.6900851651941,1.1696205120496936,207.99899999999997,6684.135700000001,474.8689,44.014575000000036,442.60150000000004,536.07565,85.50344000000001,0.6487993524597536,95.0,51.2636028419822,442.98085259465773,396.0507336122636,0.8940583578084564,0.0,1192.62,429.55,805.97,0.0,973.2140000000002,679.0450194067091,287.9867546743439,0.42410554005025725,85.69,1192.62,740.7950000000001,421.1075000000001,210.43,1047.057,0.7591578947368421,0.7214819006489275,0.9503713321043099,0.22,7.41,0.66,0.06999999999999995,0.61,0.7260000000000001,0.41127659574468084,0.09487095426356336,0.2306743321027307,0.06,0.62,0.435,0.040000000000000036,0.25700000000000006,0.48,1.1718085106382978,0.7096372504044665,0.6055914796286359,0.36,7.58,1.09,0.10749999999999993,1.02,1.2,1073.1947368421052,147.07884612176457,0.13704767743681792,186.23,1192.62,1112.65,53.95499999999993,918.28,1152.866,515.6250463157894,227.25871380665774,0.4407441326405907,30.9606,2309.9681,503.2137000000001,56.830949999999916,423.25514,558.97842,-475.30736610667975,28.691430808694165,0.06036395152814482,-649.3278179876908,-299.99999999670223,-475.80353655651993,28.420212992022073,-505.7918330232174,-443.235550741472,-44.49596572273143,306.18911677789464,6.88127815179865,-728.3446711943069,649.9999999939948,33.611452003187225,535.0613997211586,-473.7469165362332,282.40759785954924,3021.786732468495,12412.696095875524,4.107733998067923,0.0,131270.09208413007,1224.3363924938874,1915.0144518389345,164.54843850523034,3715.304654771674,473.1085275096618,32.637636323832275,0.06898551690784471,299.9999999965346,630.9627059827303,476.54028840009096,32.20089926119499,438.8079829106555,504.25569200046266,154.44748966721986,276.45685120460803,1.7899730957005877,-780.9045226041468,799.999999992594,185.13935650464174,369.7857119576457,-190.29973148770347,549.5146729780811,3071.0994585107264,12678.522279873068,4.128333338320849,0.0,144180.60759474366,1184.768428998385,1424.3804437224546,272.8978987436684,3893.95187719632,0.07157121631049762,0.8574449634913412,11.980304313834502,-0.9999999999991616,0.9999999999991447,0.27732062942092384,1.9999999999966334,-0.9999999999988602,0.9999999999987168,0.31576580627754297,0.0,0.35120064754024644,0.33303354618221065,0.018167101358035787,1.618850616062602,0.5961827956989247,0.5455626955334973,0.9150929858330167,0.13,7.58,0.54,0.05999999999999994,0.505,0.6,0.7869715165895956,0.55
SiPt07,83.43368000000001,0.6139940642144077,95.0,51.2636028419822,501.3457999820128,440.54706873627606,0.8787289506588132,0.0,1122.66,592.68,930.16,0.0,1011.78,813.2612743518382,252.8288204319875,0.31088265039200214,83.6,1122.66,901.23,213.29000000000008,363.396,1036.2,0.7186315789473685,0.0871612000390298,0.12128773974198763,0.63,1.34,0.7,0.030000000000000027,0.67,0.74,0.45372340425531926,0.030316909211786855,0.06681804125737556,0.29,0.54,0.46,0.02999999999999997,0.43,0.48,1.1729787234042555,0.09064578932181327,0.07727828939766268,0.96,1.82,1.16,0.040000000000000036,1.12,1.21,1063.7486315789474,28.60252817719832,0.026888427705628177,879.34,1122.66,1066.45,25.62999999999988,1038.9940000000001,1089.858,584.4352336842105,71.23547871046992,0.1218877210076607,427.95829999999995,1095.3954,575.674,32.26685000000009,547.76964,610.3970400000001,72.1776,0.5851245615612914,95.0,51.2636028419822,426.9820901160177,394.5731763252601,0.9240977208601989,0.0,1023.11,472.45,834.625,0.0,880.22,726.8406394097756,221.9178922308488,0.305318497890748,72.27,1023.11,823.79,190.02499999999998,341.71500000000003,897.9849999999999,0.6838947368421054,0.08623462165684478,0.12609341304327196,0.37,1.17,0.67,0.039999999999999925,0.64,0.7,0.4854255319148935,0.051419527990439785,0.10592670657778282,0.13,0.7,0.49,0.020000000000000018,0.463,0.51,1.1726595744680852,0.0920589026507797,0.07850437124007874,1.0,1.87,1.16,0.040000000000000036,1.11,1.21,915.428105263158,26.467973747620146,0.0289132195039855,855.03,1023.11,911.13,32.39499999999998,885.7420000000001,944.8340000000001,497.4809631578947,56.386079206761394,0.11334318975488468,290.36370000000005,844.9353000000001,485.5224,28.590650000000096,465.64408000000003,522.91888,-512.8271950534187,18.87288907642544,0.03680165416037023,-572.5939505017391,-377.47368420691413,-512.1545667441856,23.23401534110951,-536.4703148886672,-489.8053084694418,161.08117702856742,348.1084616628245,2.161074733138603,-799.999999993113,679.4616734896566,223.1943871231216,537.1591643478872,-320.9551201990059,576.7185766260814,3704.692564867504,14937.806663691726,4.0321312503354605,0.0,145267.18172061155,1533.3769022454098,940.5608059703018,806.4269858771532,3887.587924242314,503.0124862926408,24.085342460136662,0.047882196001942774,393.2249322444786,658.570029380026,499.59053691097324,28.778664698631417,476.76639254115025,533.4823470739342,130.55500533139414,320.25686838250476,2.4530416705750047,-773.3736762374724,626.47935291371,158.3517743330496,514.8019230506163,-270.78453085232036,542.3331733908817,3683.7867106412737,14323.43754649663,3.8882374772450703,0.0,134754.98513609773,1587.4586993559878,852.7925576293351,823.9319564233147,3658.110300271437,0.035242763461116176,0.9117524520873669,25.870628085754053,-0.9999999999990004,0.9999999999991093,0.13388488568621854,1.999999999997649,-0.9999999999988324,0.9999999999990083,0.19911862577569925,0.0,0.4148754384387085,0.3860059357855922,0.028869502653116275,0.0,0.5863492063492064,0.05809046732080929,0.09907145194828056,0.43,1.0,0.58,0.039999999999999925,0.55,0.61,0.9535886139975713,0.57
SiPt12,74.78416,0.6127349581796924,93.0,50.18436909794046,441.93111880564794,390.25451537673376,0.8830663847129454,0.0,1007.05,525.8,818.95,0.0,896.412,718.2155423455159,226.59700407188762,0.3155000006426509,74.8,1007.05,803.22,201.51999999999998,319.22,926.772,0.7325806451612903,0.07413882975204776,0.1012022773745579,0.45,1.09,0.72,0.020000000000000018,0.7,0.788,0.46804347826086967,0.028293459469836246,0.060450493861205025,0.34,0.53,0.47,0.019999999999999962,0.45,0.49,1.2032608695652172,0.07425146310448638,0.0617085329714143,0.92,1.58,1.19,0.030000000000000027,1.16,1.2590000000000001,956.5706451612903,23.557249588734198,0.024626774517774914,864.38,1007.05,957.33,31.350000000000023,924.616,984.236,526.150805376344,41.10994907285019,0.07813339569701319,320.6896,660.5885000000001,519.244,24.303399999999897,504.0884199999999,557.22546,71.0952,0.6444824174835867,92.0,49.644752225919596,458.2891150283299,379.291800690758,0.827625593216378,0.0,941.82,626.12,815.65,0.0,865.392,708.6787454646944,216.30039138451093,0.3052164224882649,71.28,941.82,795.19,175.17499999999995,317.57,882.31,0.7789130434782608,0.0722534266035503,0.09276186490360783,0.71,1.18,0.76,0.030000000000000027,0.74,0.8090000000000002,0.42780219780219786,0.03654899459846572,0.0854343308678617,0.24,0.48,0.43,0.015000000000000013,0.42,0.45,1.2056043956043956,0.06691324202802194,0.05550182316561235,1.03,1.5,1.19,0.04499999999999993,1.16,1.27,903.7193478260867,14.337271570853657,0.015864738987083057,869.77,941.82,901.065,19.49750000000006,888.4920000000001,924.143,551.9991184782608,44.82438986051184,0.08120373449870998,495.95920000000007,781.143,540.9519500000001,18.58037500000023,523.91779,586.6950100000001,-515.6831829385198,18.29020486257631,0.035467910274517164,-590.9313725424361,-416.4802386250663,-515.976178145431,20.375013174987373,-536.0725897678927,-493.75792978905537,87.77074112906072,322.71541607793074,3.676799488336592,-799.99999999244,686.8947708158526,111.54810611046405,477.49479563142177,-282.652045760826,473.9231366687952,3728.2402525649154,15716.361521974013,4.215490541726065,0.0,146504.11437596095,1427.828312723057,1001.0295077543541,639.349286313971,4570.564962039061,521.8034376550611,29.7730951237282,0.057058066266233935,379.9999999969697,626.0923161202998,519.4505288423737,40.65372736038506,487.8033327342446,559.6298658229734,4.895318433458344,384.7462647587693,78.59473697370223,-799.9999999969481,683.5106382896092,3.580387516268684,637.4793807613868,-497.01091585759434,497.8048880303875,3670.958428326768,15782.859104343614,4.299383774698091,0.0,148354.32746878255,1605.516027238693,1293.7857595674147,721.4153306904647,3340.827804384042,-0.029521361780263173,0.886435419245861,30.02691392819091,-0.999999999998936,0.999999999999007,-0.1001494768310111,1.999999999997463,-0.9999999999988045,0.9999999999988327,0.25721737566327907,0.0,0.35551758251641336,0.3872650418203076,0.03174745930389433,0.539616872020865,0.6016304347826086,0.045415405687101465,0.07548721438606165,0.29,0.83,0.6,0.032500000000000084,0.57,0.63,0.969194526094204,-0.59
SiPt14,61.95288000000001,0.6101268099649249,102.0,55.04092094612825,365.0094019246335,322.8660877026964,0.8845418391948071,0.0,877.47,500.28,667.81,0.0,749.98,595.3823452240565,186.16419016009485,0.31268006458895614,62.04,877.47,642.125,166.98000000000002,255.89300000000003,768.427,0.6650980392156863,0.060370507960836664,0.09076933671501868,0.35,0.99,0.66,0.020000000000000018,0.64,0.69,0.4286138613861386,0.015734788534906088,0.03671087175601101,0.36,0.49,0.43,0.010000000000000009,0.42,0.44,1.096831683168317,0.060557324009787195,0.05521113666196228,1.04,1.46,1.09,0.030000000000000027,1.06,1.12,801.3316666666664,28.245366133341875,0.03524803437607812,683.43,877.47,800.14,34.45749999999998,771.584,835.472,395.9876303921569,31.12962314785403,0.07861261503786605,204.5494,550.8569,392.91065000000003,14.327775000000031,380.31829000000005,409.76352999999995,66.5192,0.6255058908175196,102.0,55.04092094612825,388.5652900440688,334.0686945352422,0.8597491929773098,0.0,937.31,519.53,686.565,0.0,798.27,618.7082616822431,192.15278963937695,0.3105709128832555,66.77,937.31,659.23,186.44999999999993,283.16200000000003,824.23,0.6818627450980395,0.07247352988257784,0.10628756343898786,0.17,0.99,0.68,0.019999999999999907,0.66,0.7,0.4101980198019801,0.020097790530245546,0.048995337644370536,0.33,0.52,0.41,0.019999999999999962,0.39,0.43,1.091881188118812,0.08245866496791798,0.07551981460040093,0.58,1.48,1.09,0.030000000000000027,1.06,1.12,853.0618627450982,22.828368390950015,0.026760507517547476,788.7,937.31,850.96,26.647500000000036,829.664,884.455,421.8741137254902,48.812404475477905,0.11570372034517389,97.09700000000001,674.2021000000001,418.91575,17.520250000000033,405.1075599999999,438.61543,-499.32957318524325,28.088320073977677,0.05625206593461892,-658.3959899674368,-299.9999999957051,-496.3423446289404,31.80646195309555,-533.0200714703565,-469.1428164240912,115.95365449498392,310.9350590439862,2.681546005561692,-799.9999999874392,673.8944365105187,178.8559980807707,474.36823010379715,-348.4104384210184,493.785876976758,3964.281262262778,15438.642970495757,3.894436834605327,0.0,142586.74572223434,1599.0783566571915,1595.319284938488,567.3923858867539,4160.683303788836,520.0024521052221,33.25120555731855,0.06394432453662016,336.79525222097664,623.7785016194289,514.9293880288028,41.657321810719395,482.9387274686502,569.2774545676401,183.5717083878089,327.69206509308225,1.7850902405888345,-799.9999999880185,701.0830324886738,239.4638403986632,495.2529538542708,-312.14114120451893,587.1719035271406,3803.5600069900233,14985.559241435316,3.939877171358291,0.0,142489.91969619587,1556.7691579235034,1521.6265223466578,595.0266102668882,3800.0161984685988,-0.018351574373263603,0.8962687333016208,48.838789862552844,-0.9999999999988904,0.9999999999988604,-0.0368375325803358,1.9999999999965508,-0.9999999999986133,0.9999999999986234,0.23563270078244447,0.0,0.37449410918248044,0.3898731900350751,0.015379080852594762,0.0,0.5460098522167488,0.050761102806245635,0.09296737505228696,0.06,0.85,0.54,0.020000000000000018,0.52,0.56,0.9694797014834099,-0.54
SiPt17,74.37848000000001,0.6186707437719219,98.0,52.88245345804479,449.0727097760589,390.05038777141914,0.8685684506748557,0.0,1001.88,569.47,828.41,0.0,902.11,722.053160343073,224.45519852899818,0.3108568881854083,74.58,1001.88,799.04,187.60500000000002,318.714,922.9219999999999,0.701938775510204,0.04322834867436957,0.06158421520646846,0.39,0.8,0.7,0.020000000000000018,0.68,0.733,0.43711340206185567,0.021101559178557903,0.04827479329333636,0.31,0.47,0.44,0.020000000000000018,0.43,0.45,1.1422680412371133,0.0313117070639087,0.027411873488629893,1.0,1.25,1.14,0.020000000000000018,1.12,1.174,952.6303061224492,18.39649475563332,0.0193112633908262,900.13,1001.88,951.17,24.144999999999982,932.0300000000001,974.4459999999999,506.8371112244897,30.419880687390574,0.06001904756705335,287.045,584.6511,506.41415000000006,17.833199999999977,490.01512999999994,533.15053,88.836,0.6103966184009353,97.0,52.34283658602393,497.1093209821027,444.613296258891,0.8943974242518858,0.0,1195.7,574.97,916.08,0.0,1037.8280000000004,810.7839546191246,266.77427286346904,0.32903250162179193,88.99,1195.7,882.09,225.94000000000005,321.09,1097.074,0.6996907216494844,0.030101327444353867,0.04302090405082213,0.66,0.85,0.69,0.029999999999999916,0.67,0.73,0.4438541666666667,0.020431276660361247,0.04603150797877622,0.34,0.48,0.45,0.012500000000000011,0.43,0.46,1.1434374999999999,0.02760691810186953,0.02414379279822967,1.07,1.26,1.14,0.022499999999999964,1.1150000000000002,1.1749999999999998,1137.8978350515463,43.91770397137267,0.03859547194704401,862.84,1195.7,1145.65,37.840000000000146,1087.306,1178.738,567.2980103092783,21.484345127027108,0.03787135638864034,524.0433,637.2674,566.0655,23.52020000000016,542.21024,588.40782,-488.5420363284569,42.12432269171609,0.0862245611620385,-638.9357798143823,-372.0073183477023,-494.831075820567,52.97046281761072,-540.0381781332467,-428.0202962427339,-74.60453762319577,386.06860125220146,5.174867555602832,-799.999999996888,586.5662272408459,-156.48632926099148,613.6429673535848,-536.510061678195,482.59693665997764,3834.2520993763214,14634.961682624238,3.8169012634826336,0.0,132231.38775495478,1826.4865697756952,1698.3239510895773,401.77114486516416,3781.014856897809,502.22339729885397,36.15860072442511,0.07199704537627608,379.54226058955027,664.6116893466439,505.81705150925865,43.323154705525496,452.7987156093678,545.2369616350585,-14.927161771066226,345.6740418011983,23.15738564903018,-799.9999999926907,582.0504201662886,-41.86434616755506,502.17871196150867,-427.25383759665345,466.3991839079296,3828.25907114457,14720.057357161308,3.8451048070674254,0.6919006194761972,134323.943108003,1687.4778993031714,1157.9005702989336,671.8730404422636,3597.6037431703244,-0.002457244208453484,0.8999511879943902,366.24394866997926,-0.999999999999151,0.9999999999989897,-0.030467044958509198,1.9999999999973515,-0.9999999999989468,0.9999999999988323,0.22906736217285728,0.0,0.38960338159906466,0.38132925622807806,0.008274125370986596,0.539616872020865,0.5711340206185568,0.02461565542661922,0.0430996132166318,0.45,0.66,0.57,0.019999999999999907,0.55,0.5970000000000002,0.98584500961541,-0.56
SiPt19,85.74807999999999,0.6134544473423869,100.0,53.96168720208652,466.16158917168804,413.9747966525651,0.8880499943962769,0.0,1173.59,602.47,816.53,0.0,1012.5280000000004,756.0559316815716,248.61898693802658,0.3288367652704413,86.02,1173.59,743.82,278.4100000000001,368.17,1056.99,0.6820999999999999,0.06089819373347621,0.08928044809294204,0.29,0.81,0.68,0.019999999999999907,0.66,0.71,0.43414141414141416,0.03481582424993302,0.0801946624663587,0.28,0.48,0.44,0.020000000000000018,0.42,0.46,1.1194949494949495,0.055256495342382125,0.04935841409374129,0.75,1.27,1.12,0.029999999999999805,1.098,1.16,1078.6259,60.964577651206596,0.05652059500068567,727.1,1173.59,1092.74,70.45500000000015,1009.1619999999999,1134.914,515.705751,44.831996531862146,0.08693328791630096,168.52550000000002,606.9569,518.8661500000001,22.831049999999948,494.81850000000003,542.50702,82.36887999999999,0.6343196330605271,99.0,53.42207033006566,479.74743502113495,406.89525593280734,0.8481447241380952,0.0,1150.38,690.03,817.19,0.0,968.3520000000001,753.3659662554942,236.97799553246978,0.3145589343649581,82.72,1150.38,789.03,191.73000000000002,356.136,1014.9040000000001,0.7112121212121212,0.040707697315777815,0.05723706900433936,0.64,0.92,0.71,0.030000000000000027,0.68,0.74,0.4121428571428571,0.03520349008671888,0.08541574697023291,0.24,0.46,0.42,0.020000000000000018,0.39,0.44,1.1233673469387755,0.02860511862112461,0.02546372624556968,1.01,1.21,1.12,0.029999999999999805,1.1,1.1529999999999998,1056.7855555555554,40.73597812229684,0.03854706180275455,945.34,1150.38,1061.28,43.33999999999992,1000.252,1105.742,536.5874111111111,27.60451012555918,0.05144457278329937,480.7836,664.7553,533.6297999999999,19.809349999999995,511.03426,552.94558,-505.61767996263893,15.825221431665407,0.03129878969581021,-596.3224893898795,-379.087452468207,-504.9514955532953,18.311320040841053,-522.2869405265561,-488.06910569060597,116.45551707633084,321.8269017016952,2.7635178631166957,-799.999999995742,614.4262295036184,207.57795909222233,451.9458139196749,-376.59016393386497,448.7560408082908,3807.595994173899,15365.310692064899,4.0354361953242215,0.0,139023.96225237515,1504.3195287256885,1571.1531835170772,502.2147432591141,4358.80919764264,502.47694199220234,23.87838518218652,0.04752135508440814,356.32653060893944,621.7937219680244,498.9382097029146,31.657909594593605,476.9944925745421,534.7083413930407,11.688673028255081,366.3458605216229,31.34195469449025,-799.9999999950761,665.4450261700922,1.0050251256268685,656.2158187091536,-433.5591626921714,488.2847638525113,4370.0136397880315,15465.874538643084,3.539090678762668,0.0,146511.63266779974,1795.3484462916394,1633.0533755886725,641.5994847126741,4753.812260028752,-0.021461061715139135,0.8885743078564049,41.40402176960155,-0.999999999999094,0.9999999999991458,-0.06779524385323528,1.9999999999972045,-0.9999999999988162,0.9999999999989686,0.24777408040291393,0.0,0.365680366939473,0.3865455526576131,0.020865185718140222,0.539616872020865,0.5597474747474747,0.03658995927690716,0.06536869010091689,0.17,0.65,0.56,0.019999999999999907,0.54,0.5830000000000001,0.9696916427608875,-0.57
SiPt21,78.2232,0.6046407050993794,104.0,56.12015469016998,444.17199658242646,398.5410185601472,0.897267323527208,0.0,1071.95,529.43,819.72,0.0,933.152,731.3912434924885,232.2129574191263,0.3174948558448166,78.65,1071.95,797.39,215.82000000000016,331.474,968.616,0.6464423076923076,0.04634565512020205,0.07169341253971291,0.6,1.05,0.64,0.020000000000000018,0.62,0.66,0.42097087378640774,0.013689664665504891,0.03251926792429703,0.34,0.45,0.42,0.010000000000000009,0.41,0.43,1.0674757281553398,0.04794249076327068,0.04491201949969024,0.98,1.46,1.06,0.020000000000000018,1.04,1.08,1002.1253846153847,30.0364742029483,0.029972770537537385,897.71,1071.95,1000.835,33.852499999999964,969.232,1036.211,472.8022432692308,23.59289037312351,0.04990012359065513,424.72869999999995,646.2093,470.73400000000004,14.50789999999995,456.42662999999993,485.0268500000001,81.8136,0.625326018526846,105.0,56.65977156219085,472.1840768054681,405.09604070031247,0.8579197406234165,0.0,1092.19,605.88,819.0600000000001,0.0,979.44,749.6244815187688,238.40572587221462,0.3180335377906511,81.84,1092.19,799.04,230.89,362.384,1013.408,0.6621904761904762,0.06044251030652347,0.09127662264635293,0.32,1.05,0.66,0.020000000000000018,0.64,0.68,0.4005769230769231,0.026812271984934112,0.06693414016975507,0.19,0.47,0.4,0.009999999999999953,0.39,0.41,1.0660576923076923,0.056046311023027554,0.05257343141451455,0.93,1.43,1.06,0.020000000000000018,1.04,1.08,1046.0298095238095,21.925882464988298,0.020961049355705065,986.81,1092.19,1045.55,26.070000000000164,1019.458,1073.2040000000002,496.3941923809524,44.88286216290811,0.09041778258431521,271.6549,789.4095,492.5459,20.717400000000055,476.58556,513.26814,-547.1062285709788,31.736159552654588,0.05800730807889037,-655.5555555498471,-414.3704959712731,-547.3044397456428,38.95906156621584,-585.7419928967984,-503.94243236548385,-1.5695459890766825,384.50299638644987,244.9772092168286,-799.9999999933522,583.1884057949062,82.8575294275804,657.2187082477542,-571.6811859731863,478.07081896689766,4092.072245780144,15483.160980400335,3.7836968778748243,0.0,135083.52161311012,2035.691784920096,1544.4215031220679,955.929819443313,3759.541056265729,530.4235489770163,31.00491781019935,0.05845313216190627,356.59287776396366,656.8862275377585,539.539705576933,41.27641531781336,481.70333187553115,562.7649027053344,105.46563489893306,374.4781698110929,3.5507127052940217,-758.7743732542493,633.5158817023447,199.37024403020044,647.9145184200618,-427.97393440431875,540.3361853205591,3967.7731281950946,15628.119395338355,3.9387633542554665,49.330138659791814,139250.2043700236,1813.4763674040232,1590.8699722557403,804.9431898892045,3650.069345463619,-0.026219254289558264,0.895307749309209,34.14695571715046,-0.999999999999081,0.9999999999990281,-0.07833228048002602,1.9852796891536468,-0.9999999999988313,0.9999999999987805,0.2299667236262254,0.0,0.37467398147315406,0.39535929490062055,0.0206853134274666,0.539616872020865,0.5330288461538462,0.03553112306641808,0.06665891209479487,0.39,0.84,0.53,0.020000000000000018,0.51,0.55,0.9821420185175191,0.52
SiPt24,60.166480000000014,0.574871840992895,99.0,53.42207033006566,340.4450732979584,317.26160722119624,0.9319024773861133,0.0,826.76,420.31,640.2,0.0,712.0740000000002,589.9023967459324,169.2275809218532,0.28687386566841105,60.5,826.76,630.0250000000001,91.32749999999999,296.45,747.45,0.6456565656565656,0.048724366296890594,0.07546483504257119,0.41,0.89,0.64,0.020000000000000018,0.62,0.67,0.4823469387755102,0.03770998407308295,0.07818020798604756,0.33,0.68,0.48,0.020000000000000018,0.46,0.5,1.1304081632653062,0.06879306988333447,0.060856840969514416,1.01,1.47,1.12,0.039999999999999813,1.08,1.16,772.911111111111,29.938986268165994,0.038735354994558144,640.97,826.76,772.31,34.649999999999864,750.398,807.356,380.87435555555567,19.67762826907254,0.0516643559273463,264.25629999999995,454.9809,378.36809999999997,15.55675000000008,366.4232,397.29448,65.94808,0.6461012680996493,98.0,52.88245345804479,418.8324048925263,344.43037099152974,0.8223584588186038,0.0,897.05,607.64,732.82,0.0,802.912,646.5562054565701,192.38917962106748,0.2975598687277512,66.55,897.05,696.63,152.37749999999994,310.673,818.18,0.7317346938775509,0.06741624448769494,0.09213208688837207,0.67,1.06,0.72,0.020000000000000018,0.69,0.75,0.39927835051546395,0.034588819559451776,0.0866283369187677,0.17,0.45,0.41,0.019999999999999962,0.39,0.42,1.1308247422680413,0.06818214088948642,0.06029417139604017,1.06,1.5,1.12,0.039999999999999813,1.09,1.154,847.478163265306,18.915497282459484,0.022319745926616404,808.06,897.05,844.9100000000001,28.627500000000055,824.34,872.905,473.7377408163266,35.10495436050923,0.07410208504803444,430.50590000000005,682.9449000000001,468.6858,24.04957499999989,449.00052999999997,488.25678000000005,-499.9222620452076,26.993807096840815,0.05399600927222919,-644.7287615088422,-299.9999999959295,-500.3564909470697,29.42696094695333,-530.6119023168682,-467.6433789728048,195.30531857616683,200.7115358807756,1.0276808503884791,-408.0760094967817,581.2210526293542,212.56855054049603,309.5510141477877,-88.6317796706337,475.8575286533492,2623.2184394696374,7714.676890890149,2.940920502391315,0.0,96389.50101616733,1216.2178941882514,957.169716693508,506.333980205063,2786.121572483867,500.5752092184826,26.65899987583923,0.05325673222492787,323.01790280954407,633.9366515750179,503.8699557695528,28.955330382443606,467.6130364726439,528.4504235856878,-39.65500262341809,380.93528211076534,9.606235201109266,-773.5632183840686,632.9411764638188,-104.05434222631777,690.7436096461236,-489.16844139339935,505.9852416409632,3711.7639886964903,15011.395441794588,4.044275306163066,4.547732029135029,138844.9349176068,1815.5718185193311,1316.3203164426677,581.8688561673385,3378.0195779559663,-0.0704548059125616,0.9036534496005691,12.826001364563444,-0.9999999999988849,0.9999999999987905,-0.1911447084231385,1.9999999999968878,-0.9999999999987207,0.9999999999985478,0.2209731090925443,0.0,0.35389873190035076,0.42512815900710493,0.07122942710675428,0.539616872020865,0.5652040816326531,0.05860155308655736,0.10368211215601686,0.46,0.9,0.57,0.07999999999999996,0.51,0.615,0.926147550026071,-0.57
SiPt27,83.99600000000001,0.6343196330605271,99.0,53.42207033006566,462.38545013040743,399.51564079046926,0.8640316010742317,0.0,1138.17,573.54,801.185,0.0,992.1120000000001,725.784554090458,248.58499331078423,0.3425052130269769,84.04,1138.17,749.21,291.16999999999996,334.73,1035.98,0.7124242424242423,0.0686535867079093,0.09636615730246381,0.65,1.18,0.69,0.020000000000000018,0.68,0.74,0.41367346938775507,0.025610415415593453,0.061909736178120484,0.32,0.58,0.41,0.019999999999999962,0.397,0.43299999999999994,1.124591836734694,0.0808774377274719,0.07191714808315365,1.05,1.76,1.11,0.030000000000000027,1.08,1.17,1073.6844444444444,30.943486520182102,0.02881990763698206,920.81,1138.17,1079.65,28.38000000000011,1046.43,1103.806,517.0665111111111,48.368250170665654,0.09354357540316197,441.78970000000004,843.8539999999999,508.0855999999999,27.72330000000011,481.30807999999996,549.67506,87.23880000000003,0.6296429535030129,100.0,53.96168720208652,490.0342701681807,418.9521859987485,0.8549446671436028,0.0,1179.86,619.19,845.2950000000001,0.0,1020.6240000000001,772.7084887873161,250.77342580576624,0.3245382048267697,87.34,1179.86,814.77,258.16999999999996,371.25,1073.38,0.7001000000000002,0.09011653566355068,0.12871951940412962,0.23,1.07,0.69,0.029999999999999916,0.67,0.7310000000000001,0.41595959595959586,0.021923613574408387,0.052706113128910284,0.33,0.53,0.41,0.010000000000000009,0.4,0.43200000000000005,1.1208080808080807,0.08297105212214735,0.07402788529888092,0.67,1.53,1.11,0.039999999999999813,1.08,1.17,1116.5781000000002,63.85087234635091,0.0571844211759963,647.02,1179.86,1125.245,34.87000000000012,1075.8,1162.2820000000002,540.973213,71.26650274912704,0.13173758152235038,78.70389999999999,787.5208,540.8579,31.623624999999947,517.58443,577.5689699999999,-518.6778364045833,26.694883524286908,0.05146717605919193,-593.5855749326935,-346.5663832549702,-524.5723172623361,23.683130178232773,-544.1084601593737,-478.2528321171044,71.21192270652784,298.3375702625548,4.189432877523154,-761.7547806446288,564.56009912623,134.97154681825828,464.24447620364697,-295.7205727536996,432.003792202077,3359.8776973906124,13620.521887643907,4.053874311620921,0.0,127814.38967039403,1369.602832188737,900.8269936508477,633.6923887356372,3203.3779165017254,516.6818203806818,25.966604407828658,0.0502564700043959,314.58823529075306,563.432459676774,519.4912217834607,26.504135236517982,483.63696588128636,546.3197784572268,74.33615969522066,329.12434500962803,4.427513424887903,-784.6774193476477,635.8870967683663,153.7768354093032,494.45130094736066,-417.8460532760584,466.9073405518473,3561.356631471667,14306.996627217672,4.017288384090179,0.0,138293.8401713415,1520.1029344250926,978.3181749462483,713.9104238541852,4060.117547638031,-0.0035485264222268006,0.8780434044181847,247.4388105100757,-0.9999999999991518,0.9999999999990973,-0.025339218571176134,1.9802012046396829,-0.9999999999988961,0.9999999999985908,0.2639625865635399,0.0,0.37035704649698714,0.365680366939473,0.004676679557514163,0.539616872020865,0.5604040404040405,0.054149422745539355,0.09662568208800384,0.12,0.93,0.56,0.029999999999999916,0.53,0.59,0.969291581794066,0.57
SiPt28,71.98576,0.6482597355877328,98.0,52.88245345804479,432.5533690080043,357.170461591862,0.8257257651469753,0.0,979.55,569.91,760.87,0.0,847.902,664.5065205327414,209.14088360188128,0.3147311232309598,73.04,979.55,719.0150000000001,200.91499999999996,317.031,885.5,0.735,0.1057360016305531,0.1438585054240743,0.67,1.64,0.715,0.030000000000000027,0.7,0.743,0.39587628865979374,0.030654461921725034,0.07743444788792155,0.34,0.64,0.39,0.010000000000000009,0.38,0.41,1.1312371134020618,0.130116979342886,0.11502184439171441,1.06,2.28,1.11,0.039999999999999813,1.08,1.154,932.1175510204082,22.340458770672804,0.023967426368264686,854.37,979.55,934.7249999999999,23.925000000000068,908.4350000000001,957.561,488.59524999999996,47.160801401404356,0.0965232498705377,446.9487,840.6045999999999,478.95595,17.09372499999995,463.66506999999996,502.88425,70.3472,0.628653655904308,99.0,53.42207033006566,415.0045354798093,357.3354622917236,0.8610398965344502,0.0,967.89,554.51,747.395,0.0,842.82,657.6210729613734,211.00516537763892,0.3208613197675188,70.4,967.89,707.135,192.25250000000005,261.987,869.55,0.7060606060606059,0.13066124124341177,0.18505669334445143,0.43,1.88,0.69,0.029999999999999916,0.66,0.73,0.42132653061224484,0.017591611817303596,0.04175291726819973,0.36,0.48,0.42,0.020000000000000018,0.41,0.44,1.128469387755102,0.13790970160791563,0.12220951935617325,0.86,2.36,1.11,0.030000000000000027,1.08,1.15,919.4766666666667,29.625698304006278,0.032220174125108185,756.25,967.89,925.87,25.850000000000023,893.068,942.37,464.3203333333333,73.16838577060149,0.1575816963370344,292.7023,1114.0008000000003,455.4385,21.776149999999916,435.85762,476.43024,-494.9262712746796,31.69781627062332,0.0640455318504749,-644.7004608264922,-340.1411211277569,-499.6860014400606,47.146383933568245,-531.6763682111023,-454.2185071919191,16.65895956543091,323.77819051726544,19.435678994605613,-799.9999999967373,668.7201274529585,1.1586696603455453,490.51485746233163,-322.25549291569246,426.0936402474265,3868.728335065883,15491.053877537259,4.004172052383059,0.0,139976.2528317893,1474.0864792320742,1678.0658420264613,354.172167585029,4625.683069388933,486.99499656677216,45.31406425520178,0.09304831584423824,373.3695652127795,687.0201096835049,477.60047767813757,32.75982236193079,451.85911950754706,516.1644845495408,-16.27342321968265,231.97447939645272,14.254805289008006,-532.4966382766289,590.1743264616758,-82.75459449726823,322.36369888863186,-238.72263725475915,371.4220845043241,3037.176243734451,11119.74714274933,3.6612123401416605,0.0,105267.01533296012,1073.645820868489,1604.544057198654,244.65725722995882,4082.313406468477,0.018399740948836486,0.8768831404863942,47.65736078933673,-0.9999999999989572,0.9999999999989791,0.006537072079815989,1.9999999999968519,-0.9999999999986602,0.9999999999987457,0.27691339149204064,0.0,0.37134634409569206,0.3517402644122673,0.01960607968342476,0.539616872020865,0.564234693877551,0.08543362395718272,0.15141504897305783,0.3,1.61,0.56,0.039999999999999925,0.52,0.59,0.9570040175701301,0.56
SiPt31,68.62328000000001,0.6347693137872111,99.0,53.42207033006566,440.0456264052523,370.62661031922227,0.8422458674252519,0.0,938.19,559.13,819.5,0.0,844.3820000000001,689.0119155568149,215.74510843076476,0.3131224635732176,68.64,938.19,805.64,241.3125,316.52500000000003,853.083,0.7129292929292931,0.08261206071916938,0.11587693397174767,0.14,1.13,0.7,0.03500000000000003,0.68,0.752,0.41081632653061223,0.04409344135105687,0.10733127774180595,0.08,0.49,0.42,0.02999999999999997,0.387,0.44,1.1233673469387755,0.08563024305474277,0.07622639487596153,0.57,1.49,1.12,0.04999999999999982,1.08,1.166,868.7877777777779,19.34957580802787,0.02227192451705382,820.05,938.19,866.69,22.549999999999955,848.2320000000001,893.5079999999999,491.21677777777774,51.46112198743993,0.10476254947996858,63.596499999999985,662.8875,489.0347,27.66390000000007,470.95795999999996,520.68456,74.8616,0.6764996852234914,98.0,52.88245345804479,503.53285996942174,394.2850809327459,0.7830374386210005,0.0,1001.0,670.56,881.595,0.0,919.6,740.3025299122573,237.4139516185872,0.32069855501696776,75.13,1001.0,858.33,244.2824999999999,323.081,929.39,0.7675510204081634,0.13898363744898393,0.18107413523338417,0.54,2.01,0.75,0.040000000000000036,0.72,0.79,0.3708247422680413,0.02469066784317147,0.06658311855237892,0.2,0.41,0.37,0.020000000000000018,0.35,0.39,1.140721649484536,0.12309787759926709,0.10791228302450444,1.03,2.21,1.12,0.039999999999999813,1.09,1.174,939.9589795918367,20.872196010619152,0.022205432857995984,898.26,1001.0,936.87,23.045000000000073,914.87,964.6229999999999,568.2199622448979,85.0649390041928,0.14970424246971603,409.2319,1322.6410999999998,562.15335,33.650100000000066,524.12976,589.65698,-524.425516349162,22.052430807869207,0.042050644219883214,-677.073170724201,-402.73556230446627,-524.4171231950769,23.52948444457536,-550.0428938203374,-499.92161672994143,101.07757552865854,234.10375653195305,2.3160800534166106,-719.25465837494,666.0801563997775,63.94217012111953,317.0992103939163,-153.2738163793764,419.6021643295368,3262.210871254332,12447.694127753757,3.815723329670518,4.4559044375733405,128333.34509002921,1102.711431551722,1026.051676602102,432.37742563897115,3760.867896468161,485.1491409969527,29.38639279632714,0.06057187432276861,336.12217795078936,616.8361581899784,481.2861314068738,40.58462638416813,451.30761261868594,524.9713397873828,-16.16892137767589,321.0141705973661,19.853777693590015,-799.9999999943271,685.2320675039774,-99.72683479460983,509.3210657926602,-317.86986951359324,444.15334126520787,3714.9263539107287,15318.827411109964,4.123588451485614,13.47479471509666,145669.29498474338,1511.1059182982906,1254.4814708487645,390.1203393980592,3913.8269006096402,-0.04436160434891735,0.8517705743613849,19.200625578401716,-0.9999999999989978,0.9999999999988987,-0.08394377351012043,1.9843509622058004,-0.9999999999989062,0.9999999999987953,0.3112689990107024,0.0,0.3235003147765087,0.3652306862127889,0.04173037143628022,0.539616872020865,0.5645408163265306,0.06677936079287551,0.11828969446198663,0.0,1.05,0.56,0.039999999999999925,0.53,0.6,0.973417145157327,-0.56
SiPt32,78.8744,0.6259555715442037,89.0,48.025901609857,481.01086698444107,411.6831489822204,0.855870786375978,0.0,1136.52,670.89,860.31,0.0,934.34,764.8516364942528,235.04276826093064,0.30730504720883794,79.31,1136.52,833.8,150.31499999999994,326.33700000000005,970.8820000000001,0.7820224719101123,0.09483492192416026,0.12126879368473192,0.1,1.11,0.77,0.040000000000000036,0.748,0.83,0.4726136363636364,0.031023975998844173,0.06564342106568083,0.25,0.53,0.48,0.019999999999999962,0.46,0.5,1.2560227272727273,0.10346870159977754,0.08237804879698864,0.57,1.61,1.25,0.03249999999999997,1.21,1.31,1021.2239325842697,41.320254646908246,0.04046150244668116,806.63,1136.52,1023.22,44.440000000000055,984.236,1062.424,598.1311674157303,69.70431698027528,0.1165368413776553,44.1287,826.0241000000002,598.7277999999999,23.435499999999934,578.8314399999999,631.61868,79.86,0.6389063764727044,88.0,47.48628473783614,492.59106034715353,416.4517715229299,0.8454310381284429,0.0,1100.11,672.65,880.22,0.0,945.12,767.0788217905406,250.3469238676259,0.3263640146952976,80.63,1100.11,861.19,180.15249999999992,280.192,986.37,0.8070454545454545,0.056892224482890184,0.07049444872276577,0.71,1.04,0.795,0.03249999999999997,0.767,0.8359999999999999,0.4559770114942528,0.018904464601607503,0.041459249224423955,0.36,0.52,0.46,0.010000000000000009,0.44,0.47,1.2631034482758619,0.06750581660468762,0.05344440840802766,1.13,1.55,1.25,0.040000000000000036,1.21,1.314,1032.28625,30.220006592280875,0.0292748320461031,949.74,1100.11,1028.72,45.67750000000001,996.952,1072.676,619.2087624999999,45.5377263228781,0.07354179895476619,515.2828999999999,829.1965000000001,611.1632999999999,27.849249999999984,591.19753,641.98277,-521.5107760856565,30.052742452927735,0.05762631153748976,-614.6401985065446,-379.1319707283758,-523.217004705336,39.59647053240866,-559.6726193159651,-483.5017859083015,-3.9097539023466865,374.0777103069189,95.67807068028358,-799.9999999928347,635.5695632584922,-7.381434614097656,555.593096417386,-494.144488263448,517.3490447479259,3599.5534747875404,14752.141131582495,4.098325315877999,1.9852756358028771,138980.2836107546,1658.4137226835971,970.8234869806306,829.6725530698277,3321.6331606200697,502.0883173822146,27.722710015668945,0.0552148079448537,413.93088552848036,599.2846571280897,499.99999999556104,33.25456849573112,471.39649679343626,541.3741247585135,-71.32492171192709,375.9401577254578,5.270810660522907,-799.9999999961904,612.5352907945884,-121.95268690671654,558.3395977956378,-540.7448107392335,473.9686001221469,3442.544943260295,14403.360373059591,4.183928056263681,0.0,137739.61496153724,1524.3412835358972,1251.6449949613145,656.5405234960347,3364.8285946414658,-0.005014012754576828,0.8859788183974784,176.70051614612154,-0.9999999999990573,0.999999999998961,0.008639124112558426,1.9916467779216718,-0.9999999999988793,0.9999999999988032,0.264861948016908,0.0,0.3610936235272956,0.3740444284557964,0.012950804928500759,0.539616872020865,0.6280113636363637,0.06257740557940691,0.0996437470771584,0.0,0.84,0.63,0.030000000000000027,0.6,0.66,0.974395026534044,0.63
SiPt33,83.74959999999999,0.5994244086698444,98.0,52.88245345804479,470.44977875708247,421.35767211068793,0.8956485710823578,0.0,1196.47,601.7,842.82,0.0,969.32,780.6304231057763,236.3209354196755,0.302730880612055,84.04,1196.47,830.06,114.73000000000002,370.72200000000004,1031.294,0.6801020408163264,0.06516063194152387,0.09581008133353267,0.13,0.84,0.68,0.019999999999999907,0.65,0.72,0.4559793814432989,0.02396990354394542,0.05256795475160783,0.35,0.51,0.46,0.019999999999999962,0.43,0.48,1.1417525773195876,0.040154606090268614,0.03516927121755879,1.06,1.28,1.14,0.039999999999999813,1.09,1.184,1082.5279591836736,41.290178156089375,0.03814236649110463,899.91,1196.47,1082.2350000000001,37.26250000000027,1040.754,1124.277,530.908343877551,47.84066569957812,0.09011096972045707,112.93919999999999,663.8874000000001,535.31115,23.52322500000014,509.41605000000004,557.4197200000001,79.17536,0.6178613184638906,98.0,52.88245345804479,462.95926252360834,400.6806351747522,0.865477089689839,0.0,1089.22,614.46,815.65,0.0,932.47,744.3490087336244,229.1146358651494,0.3078053885698576,79.31,1089.22,804.1,156.14499999999998,343.3540000000001,977.2510000000001,0.7010204081632654,0.04739090147581649,0.06760274145567609,0.43,0.92,0.7,0.029999999999999916,0.67,0.733,0.437938144329897,0.02182111643178883,0.04982693712453632,0.34,0.48,0.44,0.020000000000000018,0.42,0.46,1.1389690721649486,0.05184203874861931,0.04551663427046487,0.88,1.33,1.14,0.04999999999999982,1.09,1.18,1017.9310204081631,39.80222808063962,0.0391011053623662,835.45,1089.22,1020.8,41.52500000000009,983.059,1057.133,521.8038459183673,33.05077752982759,0.06333946709724869,312.598,629.3056,520.4848,26.069174999999973,495.51633999999996,546.69725,-488.2960953089806,42.76099907064822,0.08757186363225501,-641.8390804530633,-363.2387454654785,-495.13043478200655,63.10373008823467,-537.8051429788084,-426.1820135064191,-27.18951045655038,327.1483308328772,12.032152301661977,-787.0352716805006,608.4705882287864,-62.63648468700807,563.981909330178,-416.26142250209153,421.5411976708149,3659.7848467915996,14088.183876703552,3.84945685783969,1.3818302093617745,129756.77404948408,1662.5988374991593,983.9347389460077,820.9699273433107,3630.0025879004193,482.4525769321662,41.96185359985903,0.08697612077564253,346.956521735702,658.9003810552546,486.053297650323,60.92926301952252,425.6857043305137,529.9999999983137,-39.34409998894452,336.3750214603325,8.54956706459933,-799.999999996222,569.5919104351108,-30.572869960095957,597.2771093735154,-434.3727064139289,389.71706417429334,3688.056581733838,14050.023945704797,3.8096009739351007,5.192066812501937e-07,129401.52464850717,1727.1580782803348,1086.9945340126103,598.6730302563726,4195.520186611645,-0.010241142074489534,0.9044886294724596,88.31910880393042,-0.9999999999990182,0.9999999999990032,-0.01325529351006025,1.9912663743198669,-0.9999999999987885,0.9999999999987976,0.21728572713373503,0.0,0.38213868153610936,0.4005755913301556,0.01843690979404622,0.0,0.5695384615384615,0.03164372676830245,0.055560298117996766,0.31,0.69,0.57,0.019999999999999907,0.54,0.6,0.9804933014476606,0.57
SiPt37,58.282399999999996,0.6515873729651948,90.0,48.56551848187787,343.43623437359474,283.83108292338113,0.8264447793059577,0.0,774.18,450.01,582.8349999999999,0.0,692.89,524.623933747412,171.31719428055445,0.32655238020976585,59.29,774.18,562.43,165.44000000000005,226.71,719.62,0.8048888888888889,0.2146172015703227,0.26664202260258507,0.42,2.38,0.77,0.05750000000000011,0.729,0.83,0.433370786516854,0.04300362723725949,0.09923056300971153,0.16,0.51,0.44,0.020000000000000018,0.408,0.46,1.2425842696629212,0.18512387647247708,0.14898295499404085,1.12,2.54,1.21,0.040000000000000036,1.16,1.29,740.6837777777779,24.459663828787257,0.03302308564410424,626.78,774.18,746.68,18.149999999999977,720.896,760.683,422.31567888888884,88.60586422041838,0.20980955396524778,231.44,1101.2858999999999,410.14104999999995,27.551150000000064,390.38571,436.99282,59.4264,0.6325209101537909,92.0,49.644752225919596,347.7536774889828,295.2674846256808,0.849070775489315,0.0,808.83,471.57,602.69,0.0,705.43,546.2733257500355,174.66635736433463,0.3197416918063815,59.62,808.83,590.04,129.58000000000004,225.5,735.46,0.7644565217391306,0.0820308018823839,0.10730603957496321,0.36,1.13,0.75,0.050000000000000044,0.71,0.83,0.4460439560439561,0.03882559258137307,0.08704431921615953,0.24,0.5,0.45,0.020000000000000018,0.42,0.48,1.2109890109890111,0.07953235494839343,0.06567553806104652,0.8,1.52,1.21,0.06000000000000005,1.15,1.28,749.8496739130433,43.081102193398145,0.05745298516771325,516.34,808.83,757.9,26.180000000000064,726.814,779.119,417.6022065217391,38.40280893177184,0.09196026345632047,213.4693,490.2359,418.65725,28.81780000000009,394.27079999999995,449.4866199999999,-480.9940431503453,31.39369751977545,0.06526837071430715,-600.2150537595295,-318.8552188503389,-478.97774113677775,38.87982650136706,-523.848311386624,-443.0836666126355,71.73751560769917,393.9882810608657,5.492081482301697,-799.9999999950794,705.5432372434433,117.99485861159539,696.2970458290017,-485.62931631292787,568.4869907898484,3491.641038533041,14646.457944673428,4.1947204145655,5.14099560392237e-07,142730.91156598853,1695.2297070339278,1068.5801224623533,759.4952075108806,3184.496645711072,529.7557926361067,19.09973208998721,0.03605384283748816,333.74777974594303,580.1234779617091,534.1974431809559,20.6219309921795,501.03291551373906,548.6777663830494,74.63609777771651,366.7795195741846,4.914237620804134,-799.9999999962396,689.3309222309827,104.84739676815772,586.8152707281147,-410.15298726014527,583.754880525838,3605.7169826355444,14784.80273019316,4.10037803892815,5.199291255585622e-07,146374.52470322463,1756.9424475458495,976.037266020458,761.7274106138927,3166.763303673164,0.005141908896311766,0.8687222845731776,168.94934024345744,-0.9999999999987637,0.9999999999987084,-0.048476946781979245,1.9800548259508783,-0.9999999999983911,0.999999999998383,0.2841082831189855,0.0,0.3674790898462092,0.3484126270348053,0.019066462811403895,1.07923374404173,0.6119889502762431,0.08356966782670633,0.13655421009224097,0.18,1.39,0.6,0.050000000000000044,0.56,0.67,0.9625124306867681,0.62
SiPt38,53.548,0.6430434391581977,96.0,51.80321971400306,326.0674134364601,272.83154663391747,0.8367335568975731,0.0,719.95,465.19,573.0450000000001,0.0,645.7440000000001,505.3810307692308,160.09671242292833,0.3167841740694767,53.68,719.95,536.745,142.67000000000002,223.81700000000004,661.3310000000001,0.7447916666666666,0.03872927313056911,0.052000142874721975,0.56,0.9,0.745,0.030000000000000027,0.72,0.77,0.41589473684210515,0.018093019115676123,0.04350384236538515,0.35,0.45,0.42,0.020000000000000018,0.394,0.44,1.160736842105263,0.04287661871151881,0.03693913824326715,0.97,1.31,1.16,0.040000000000000036,1.13,1.196,689.8100000000001,16.982795644906844,0.02461952660135722,641.19,719.95,691.2950000000001,23.897500000000036,668.3599999999999,710.655,376.4035802083334,21.090528527307487,0.05603168948493578,289.4903,463.41240000000005,378.41815,13.946900000000028,362.6760499999999,387.48654999999997,54.357600000000005,0.6404352909434302,96.0,51.80321971400306,329.7058521449771,279.4101447683163,0.8474527914797448,0.0,759.99,435.6,588.06,0.0,651.42,513.0538098581659,168.38647666075028,0.32820431975151426,54.45,759.99,561.33,158.29000000000002,199.32,669.35,0.7417708333333333,0.047059244390862134,0.0634417561498716,0.36,0.89,0.74,0.030000000000000027,0.72,0.76,0.416736842105263,0.03003303813305249,0.07206715372047506,0.25,0.5,0.42,0.020000000000000018,0.4,0.44,1.1625263157894736,0.04911786942603383,0.04225097420734671,0.91,1.34,1.16,0.030000000000000027,1.13,1.196,700.6942708333332,23.986933758506584,0.034233095312660076,641.74,759.99,700.865,28.627500000000055,672.045,731.665,380.5683520833333,23.944498839164417,0.06291773529780625,191.57049999999998,432.0349,382.3033499999999,12.388750000000016,370.43049999999994,398.14279999999997,-502.01333690053275,31.262113059159724,0.06227347116335999,-655.8620689552373,-380.3592814360905,-502.3256743916521,38.03686474059509,-540.2006630083533,-462.68485925524266,-79.35306439256432,352.0028418400905,4.435907353171336,-799.9999999955654,612.7659574369316,-130.8989134452023,558.2902666773983,-459.08256592033973,411.97896054741875,3759.8460560835083,15207.210797798856,4.044636554517766,2.08494774666967e-07,141292.6163676336,1750.3408090318555,1611.5689123268971,408.9944643706997,4118.896579704602,526.7256444900074,30.893741898237508,0.05865243551619964,359.8260869508328,699.9999999926938,523.1571972826312,37.83767696011387,493.76261236388024,565.8867412673543,-125.22257862104736,336.65490568289385,2.68845210973495,-799.9999999947566,593.3463796371935,-227.95242140992517,509.86141380191725,-477.79147152961707,371.5405486875557,3768.836536974216,14932.227044348509,3.962025653766555,9.928698473049174e-08,139336.62238104927,1768.6092946615618,1999.0919269455312,343.8605255584476,4073.7766668357026,0.006909728992205492,0.8806145996746823,127.44558769562022,-0.9999999999986464,0.999999999998611,0.03516534699577085,1.9999999999961167,-0.9999999999983478,0.9999999999983102,0.28347873010162783,0.0,0.35956470905656984,0.35695656084180233,0.002608148214767514,0.0,0.5802617801047121,0.03204111486601871,0.05521837885827721,0.39,0.71,0.58,0.020000000000000018,0.56,0.6,0.9809985960598607,-0.58
SiPt39,82.9312,0.6312618041190755,104.0,56.12015469016998,504.00251911143084,436.2484517810153,0.8655679986466472,0.0,1138.83,536.03,945.3950000000001,0.0,1006.83,793.4746017951276,272.1675417797416,0.3430072508479249,83.27,1138.83,929.17,348.1500000000001,323.26800000000003,1027.202,0.6729807692307693,0.04424320477360397,0.06574215301639703,0.62,0.93,0.66,0.030000000000000027,0.64,0.697,0.3982524271844661,0.035483544236512,0.08909812401715331,0.18,0.43,0.41,0.009999999999999953,0.38,0.42,1.0716504854368933,0.03376380228032005,0.0315063565104893,0.95,1.26,1.07,0.030000000000000027,1.05,1.09,1063.2050000000002,24.77008800176909,0.023297565381789766,988.68,1138.83,1062.9299999999998,30.965000000000146,1031.646,1094.797,535.2821903846154,33.10026186629659,0.06183703186995868,388.6586,681.7184,530.9227000000001,24.974674999999934,511.99643,557.90724,82.22807999999999,0.6487993524597536,104.0,56.12015469016998,508.36312528105043,424.11370664395974,0.8342731515167483,0.0,1099.12,611.71,913.33,0.0,988.152,779.3246881064598,260.82020753816346,0.33467463756543975,82.39,1099.12,895.895,294.90999999999997,323.07,1017.5,0.693076923076923,0.0429462303144857,0.06196459414903158,0.34,0.83,0.69,0.029999999999999916,0.67,0.71,0.375145631067961,0.028586916610589225,0.0762021843437336,0.18,0.48,0.38,0.020000000000000018,0.36,0.4,1.0679611650485434,0.05107312905299638,0.04782302079575324,0.72,1.31,1.07,0.020000000000000018,1.04,1.098,1045.6525961538462,33.007284102708425,0.031566204898343234,920.92,1099.12,1045.935,36.71250000000009,1015.916,1082.752,540.3340673076923,35.39517170279956,0.06550608937003843,242.80079999999998,598.7343999999999,544.96695,24.126300000000015,523.12755,564.5383700000001,-498.9983951512637,30.530652844286596,0.06118386980978268,-635.0649350581189,-305.80411124210394,-499.99999999763384,33.5941499645769,-534.6232128199575,-463.78429056060145,-172.91244902084892,265.59951383488516,1.536034654169547,-799.9999999974311,689.3617021230617,-236.62103662078496,211.98218248630747,-396.3875862092057,244.65443436795223,3946.3521613544317,14941.579937920738,3.78617501099771,0.0,146384.15454701832,937.4891360656604,2987.3918488325326,190.97067569548707,5598.912525831429,490.6734630315461,37.70484019305182,0.07684303927916086,319.3247962713586,571.8500696460429,498.0838703812839,43.52656653893297,434.7368296741903,531.7584391805899,-48.92419060202918,295.5961064450915,6.041921241856773,-799.9999999971855,644.5983379460804,-123.74219048931408,386.3750377259665,-307.16435809230734,380.423331664749,4031.5926892700613,16165.140875915085,4.0096165763307425,0.0,142974.9563174038,1588.7546989023012,1766.6175715389963,312.25179068900775,6124.2016212065255,-0.016703119838094607,0.872776284651464,52.25228824669301,-0.9999999999990853,0.9999999999991095,-0.0772104607720421,1.9941082606184775,-0.9999999999989075,0.9999999999989698,0.280061156578829,0.0,0.35120064754024644,0.36873819588092455,0.01753754834067811,0.0,0.5341062801932367,0.034192525515657414,0.06401820521426661,0.18,0.69,0.54,0.010000000000000009,0.52,0.55,0.9788766822633577,-0.54
